command,mean,stddev,median,user,system,min,max
target_grk/bin/x86_64/Ack 4 3 11,1.1446486572399999,0.009729679852985633,1.14769560514,1.14088982,0.002164456,1.12861324064,1.1566609966399999
