command,mean,stddev,median,user,system,min,max
target_grk/bin/x86_64/Cpstak 1 40 20 11,3.1512589255799996,0.007036406308796856,3.15105194058,3.1454371199999995,0.00137912,3.14135351808,3.16675936908
