command,mean,stddev,median,user,system,min,max
target_grk/bin/x86_64/Deriv 10000000 5 7,0.0089562223,0.0017609868247013473,0.0091708911,0.007935620000000001,0.00131734,0.0065586151,0.011455049100000001
