command,mean,stddev,median,user,system,min,max
target_grk/bin/x86_64/Evenodd 2 500000000,0.58963570436,0.00626493385776122,0.5886261381600001,0.5872804599999999,0.0015098,0.58126375766,0.60160910566
