command,mean,stddev,median,user,system,min,max
target_grk/bin/x86_64/EvenoddGoto 2 4000000,0.01392821612,0.003499103729514961,0.013743818920000001,0.012920059999999997,0.001140504,0.00956851492,0.01803756292
