command,mean,stddev,median,user,system,min,max
target_grk/bin/x86_64/Fib 5 40,5.1005658898999995,0.01966568707817144,5.095743907999999,5.090460599999999,0.001172316,5.078294414,5.141143917
