command,mean,stddev,median,user,system,min,max
target_grk/bin/x86_64/Merge 150 100000,0.29828217867999995,0.00666431484683663,0.29695657788,0.29103548,0.00534594,0.29151801738000005,0.31326374838000004
