command,mean,stddev,median,user,system,min,max
target_grk/bin/x86_64/MotzkinGoto 4 21,2.26341017496,0.007126356845834528,2.26194656826,2.25916094,0.001180836,2.25348311676,2.2771188897599997
