INFO - starting LSP server
INFO - got notification with method textDocument/didOpen
INFO - loading text 

INFO - got notification with method textDocument/didChange
INFO - loading text def main

INFO - got notification with method textDocument/didChange
INFO - loading text def main(

INFO - got notification with method textDocument/didChange
INFO - loading text def main(i

INFO - got notification with method textDocument/didChange
INFO - loading text def main(it

INFO - got notification with method textDocument/didChange
INFO - loading text def main(iter

INFO - got notification with method textDocument/didChange
INFO - loading text def main(iters

INFO - got notification with method textDocument/didChange
INFO - loading text def main(iters:

INFO - got notification with method textDocument/didChange
INFO - loading text def main(iters:i

INFO - got notification with method textDocument/didChange
INFO - loading text def main(iters:i64

INFO - got notification with method textDocument/didChange
INFO - loading text def main(iters:i64,

INFO - got notification with method textDocument/didChange
INFO - loading text def main(iters:i64,n

INFO - got notification with method textDocument/didChange
INFO - loading text def main(iters:i64,n:

INFO - got notification with method textDocument/didChange
INFO - loading text def main(iters:i64,n:i

INFO - got notification with method textDocument/didChange
INFO - loading text def main(iters:i64,n:i64

INFO - got notification with method textDocument/didChange
INFO - loading text def main(iters:i64,n:i64)

INFO - got notification with method textDocument/didChange
INFO - loading text def main(iters:i64,n:i64):

INFO - got notification with method textDocument/didChange
INFO - loading text def main(iters:i64,n:i64): 

INFO - got notification with method textDocument/didChange
INFO - loading text def main(iters:i64,n:i64): i

INFO - got notification with method textDocument/didChange
INFO - loading text def main(iters:i64,n:i64): i64

INFO - got notification with method textDocument/didChange
INFO - loading text def main(iters:i64,n:i64): i64{

INFO - got notification with method textDocument/didChange
INFO - loading text def main(iters:i64,n:i64): i64{


INFO - got notification with method textDocument/didChange
INFO - loading text def main(iters:i64,n:i64): i64{
}

INFO - got notification with method textDocument/didChange
INFO - loading text d
ef main(iters:i64,n:i64): i64{
}

INFO - got notification with method textDocument/didChange
INFO - loading text def main(iters:i64,n:i64): i64{
ef main(iters:i64,n:i64): i64{
}

INFO - got notification with method textDocument/didChange
INFO - loading text def main(iters:i64,n:i64): i64{
}

INFO - got notification with method textDocument/didChange
INFO - loading text def main(iters:i64,n:i64): i64{
}

INFO - got notification with method textDocument/didChange
INFO - loading text def main(iters:i64,n:i64): i64{

}

INFO - got notification with method textDocument/didChange
INFO - loading text def main(iters:i64,n:i64): i64{
 
}

INFO - got notification with method textDocument/didChange
INFO - loading text def main(iters:i64,n:i64): i64{
  
}

INFO - got notification with method textDocument/didChange
INFO - loading text def main(iters:i64,n:i64): i64{
  ma
}

INFO - got notification with method textDocument/didChange
INFO - loading text def main(iters:i64,n:i64): i64{
  main
}

INFO - got notification with method textDocument/didChange
INFO - loading text def main(iters:i64,n:i64): i64{
  main_
}

INFO - got notification with method textDocument/didChange
INFO - loading text def main(iters:i64,n:i64): i64{
  main_l
}

INFO - got notification with method textDocument/didChange
INFO - loading text def main(iters:i64,n:i64): i64{
  main_lo
}

INFO - got notification with method textDocument/didChange
INFO - loading text def main(iters:i64,n:i64): i64{
  main_loo
}

INFO - got notification with method textDocument/didChange
INFO - loading text def main(iters:i64,n:i64): i64{
  main_loop
}

INFO - got notification with method textDocument/didChange
INFO - loading text def main(iters:i64,n:i64): i64{
  main_loop)(
}

INFO - got notification with method textDocument/didChange
INFO - loading text def main(iters:i64,n:i64): i64{
  main_loop)
}

INFO - got notification with method textDocument/didChange
INFO - loading text def main(iters:i64,n:i64): i64{
  main_loop
}

INFO - got notification with method textDocument/didChange
INFO - loading text def main(iters:i64,n:i64): i64{
  main_loop(
}

INFO - got notification with method textDocument/didChange
INFO - loading text def main(iters:i64,n:i64): i64{
  main_loop(i
}

INFO - got notification with method textDocument/didChange
INFO - loading text def main(iters:i64,n:i64): i64{
  main_loop(iter
}

INFO - got notification with method textDocument/didChange
INFO - loading text def main(iters:i64,n:i64): i64{
  main_loop(iters
}

INFO - got notification with method textDocument/didChange
INFO - loading text def main(iters:i64,n:i64): i64{
  main_loop(iters,
}

INFO - got notification with method textDocument/didChange
INFO - loading text def main(iters:i64,n:i64): i64{
  main_loop(iters, n
}

INFO - got notification with method textDocument/didChange
INFO - loading text def main(iters:i64,n:i64): i64{
  main_loop(iters, n)
}

INFO - got notification with method textDocument/didChange
INFO - loading text 
def main(iters:i64,n:i64): i64{
  main_loop(iters, n)
}

INFO - got notification with method textDocument/didChange
INFO - loading text d
def main(iters:i64,n:i64): i64{
  main_loop(iters, n)
}

INFO - got notification with method textDocument/didChange
INFO - loading text de
def main(iters:i64,n:i64): i64{
  main_loop(iters, n)
}

INFO - got notification with method textDocument/didChange
INFO - loading text def
def main(iters:i64,n:i64): i64{
  main_loop(iters, n)
}

INFO - got notification with method textDocument/didChange
INFO - loading text defma
def main(iters:i64,n:i64): i64{
  main_loop(iters, n)
}

INFO - got notification with method textDocument/didChange
INFO - loading text defm
def main(iters:i64,n:i64): i64{
  main_loop(iters, n)
}

INFO - got notification with method textDocument/didChange
INFO - loading text def
def main(iters:i64,n:i64): i64{
  main_loop(iters, n)
}

INFO - got notification with method textDocument/didChange
INFO - loading text def 
def main(iters:i64,n:i64): i64{
  main_loop(iters, n)
}

INFO - got notification with method textDocument/didChange
INFO - loading text def ma
def main(iters:i64,n:i64): i64{
  main_loop(iters, n)
}

INFO - got notification with method textDocument/didChange
INFO - loading text def main
def main(iters:i64,n:i64): i64{
  main_loop(iters, n)
}

INFO - got notification with method textDocument/didChange
INFO - loading text def main_
def main(iters:i64,n:i64): i64{
  main_loop(iters, n)
}

INFO - got notification with method textDocument/didChange
INFO - loading text def main_l
def main(iters:i64,n:i64): i64{
  main_loop(iters, n)
}

INFO - got notification with method textDocument/didChange
INFO - loading text def main_lo
def main(iters:i64,n:i64): i64{
  main_loop(iters, n)
}

INFO - got notification with method textDocument/didChange
INFO - loading text def main_loo
def main(iters:i64,n:i64): i64{
  main_loop(iters, n)
}

INFO - got notification with method textDocument/didChange
INFO - loading text def main_loop
def main(iters:i64,n:i64): i64{
  main_loop(iters, n)
}

INFO - got notification with method textDocument/didChange
INFO - loading text def main_loop(
def main(iters:i64,n:i64): i64{
  main_loop(iters, n)
}

INFO - got notification with method textDocument/didChange
INFO - loading text def main_loop(i
def main(iters:i64,n:i64): i64{
  main_loop(iters, n)
}

INFO - got notification with method textDocument/didChange
INFO - loading text def main_loop(it
def main(iters:i64,n:i64): i64{
  main_loop(iters, n)
}

INFO - got notification with method textDocument/didChange
INFO - loading text def main_loop(iter
def main(iters:i64,n:i64): i64{
  main_loop(iters, n)
}

INFO - got notification with method textDocument/didChange
INFO - loading text def main_loop(iters
def main(iters:i64,n:i64): i64{
  main_loop(iters, n)
}

INFO - got notification with method textDocument/didChange
INFO - loading text def main_loop(iters:
def main(iters:i64,n:i64): i64{
  main_loop(iters, n)
}

INFO - got notification with method textDocument/didChange
INFO - loading text def main_loop(iters:i
def main(iters:i64,n:i64): i64{
  main_loop(iters, n)
}

INFO - got notification with method textDocument/didChange
INFO - loading text def main_loop(iters:i64
def main(iters:i64,n:i64): i64{
  main_loop(iters, n)
}

INFO - got notification with method textDocument/didChange
INFO - loading text def main_loop(iters:i64,n
def main(iters:i64,n:i64): i64{
  main_loop(iters, n)
}

INFO - got notification with method textDocument/didChange
INFO - loading text def main_loop(iters:i64,n:
def main(iters:i64,n:i64): i64{
  main_loop(iters, n)
}

INFO - got notification with method textDocument/didChange
INFO - loading text def main_loop(iters:i64,n:i
def main(iters:i64,n:i64): i64{
  main_loop(iters, n)
}

INFO - got notification with method textDocument/didChange
INFO - loading text def main_loop(iters:i64,n:i64
def main(iters:i64,n:i64): i64{
  main_loop(iters, n)
}

INFO - got notification with method textDocument/didChange
INFO - loading text def main_loop(iters:i64,n:i64):
def main(iters:i64,n:i64): i64{
  main_loop(iters, n)
}

INFO - got notification with method textDocument/didChange
INFO - loading text def main_loop(iters:i64,n:i64): 
def main(iters:i64,n:i64): i64{
  main_loop(iters, n)
}

INFO - got notification with method textDocument/didChange
INFO - loading text def main_loop(iters:i64,n:i64): i
def main(iters:i64,n:i64): i64{
  main_loop(iters, n)
}

INFO - got notification with method textDocument/didChange
INFO - loading text def main_loop(iters:i64,n:i64): i64
def main(iters:i64,n:i64): i64{
  main_loop(iters, n)
}

INFO - got notification with method textDocument/didChange
INFO - loading text def main_loop(iters:i64,n:i64): i64{
def main(iters:i64,n:i64): i64{
  main_loop(iters, n)
}

INFO - got notification with method textDocument/didChange
INFO - loading text def main_loop(iters:i64,n:i64): i64{

def main(iters:i64,n:i64): i64{
  main_loop(iters, n)
}

INFO - got notification with method textDocument/didChange
INFO - loading text def main_loop(iters:i64,n:i64): i64{
}

def main(iters:i64,n:i64): i64{
  main_loop(iters, n)
}

INFO - got notification with method textDocument/didChange
INFO - loading text def main_loop(iters:i64,n:i64): i64{

}

def main(iters:i64,n:i64): i64{
  main_loop(iters, n)
}

INFO - got notification with method textDocument/didChange
INFO - loading text def main_loop(iters:i64,n:i64): i64{
 
}

def main(iters:i64,n:i64): i64{
  main_loop(iters, n)
}

INFO - got notification with method textDocument/didChange
INFO - loading text def main_loop(iters:i64,n:i64): i64{
  
}

def main(iters:i64,n:i64): i64{
  main_loop(iters, n)
}

INFO - got notification with method textDocument/didChange
INFO - loading text def main_loop(iters:i64,n:i64): i64{
  a
}

def main(iters:i64,n:i64): i64{
  main_loop(iters, n)
}

INFO - got notification with method textDocument/didChange
INFO - loading text def main_loop(iters:i64,n:i64): i64{
  
}

def main(iters:i64,n:i64): i64{
  main_loop(iters, n)
}

INFO - got notification with method textDocument/didChange
INFO - loading text def main_loop(iters:i64,n:i64): i64{
  l
}

def main(iters:i64,n:i64): i64{
  main_loop(iters, n)
}

INFO - got notification with method textDocument/didChange
INFO - loading text def main_loop(iters:i64,n:i64): i64{
  let
}

def main(iters:i64,n:i64): i64{
  main_loop(iters, n)
}

INFO - got notification with method textDocument/didChange
INFO - loading text def main_loop(iters:i64,n:i64): i64{
  let 
}

def main(iters:i64,n:i64): i64{
  main_loop(iters, n)
}

INFO - got notification with method textDocument/didChange
INFO - loading text def main_loop(iters:i64,n:i64): i64{
  let re
}

def main(iters:i64,n:i64): i64{
  main_loop(iters, n)
}

INFO - got notification with method textDocument/didChange
INFO - loading text def main_loop(iters:i64,n:i64): i64{
  let res
}

def main(iters:i64,n:i64): i64{
  main_loop(iters, n)
}

INFO - got notification with method textDocument/didChange
INFO - loading text def main_loop(iters:i64,n:i64): i64{
  let res:
}

def main(iters:i64,n:i64): i64{
  main_loop(iters, n)
}

INFO - got notification with method textDocument/didChange
INFO - loading text def main_loop(iters:i64,n:i64): i64{
  let res:i
}

def main(iters:i64,n:i64): i64{
  main_loop(iters, n)
}

INFO - got notification with method textDocument/didChange
INFO - loading text def main_loop(iters:i64,n:i64): i64{
  let res:i64
}

def main(iters:i64,n:i64): i64{
  main_loop(iters, n)
}

INFO - got notification with method textDocument/didChange
INFO - loading text def main_loop(iters:i64,n:i64): i64{
  let res:i64 
}

def main(iters:i64,n:i64): i64{
  main_loop(iters, n)
}

INFO - got notification with method textDocument/didChange
INFO - loading text def main_loop(iters:i64,n:i64): i64{
  let res:i64 = 
}

def main(iters:i64,n:i64): i64{
  main_loop(iters, n)
}

INFO - got notification with method textDocument/didChange
INFO - loading text def main_loop(iters:i64,n:i64): i64{
  let res:i64 = s
}

def main(iters:i64,n:i64): i64{
  main_loop(iters, n)
}

INFO - got notification with method textDocument/didChange
INFO - loading text def main_loop(iters:i64,n:i64): i64{
  let res:i64 = sm
}

def main(iters:i64,n:i64): i64{
  main_loop(iters, n)
}

INFO - got notification with method textDocument/didChange
INFO - loading text def main_loop(iters:i64,n:i64): i64{
  let res:i64 = sma
}

def main(iters:i64,n:i64): i64{
  main_loop(iters, n)
}

INFO - got notification with method textDocument/didChange
INFO - loading text def main_loop(iters:i64,n:i64): i64{
  let res:i64 = smal
}

def main(iters:i64,n:i64): i64{
  main_loop(iters, n)
}

INFO - got notification with method textDocument/didChange
INFO - loading text def main_loop(iters:i64,n:i64): i64{
  let res:i64 = small
}

def main(iters:i64,n:i64): i64{
  main_loop(iters, n)
}

INFO - got notification with method textDocument/didChange
INFO - loading text def main_loop(iters:i64,n:i64): i64{
  let res:i64 = smalles
}

def main(iters:i64,n:i64): i64{
  main_loop(iters, n)
}

INFO - got notification with method textDocument/didChange
INFO - loading text def main_loop(iters:i64,n:i64): i64{
  let res:i64 = smallest
}

def main(iters:i64,n:i64): i64{
  main_loop(iters, n)
}

INFO - got notification with method textDocument/didChange
INFO - loading text def main_loop(iters:i64,n:i64): i64{
  let res:i64 = smallest_
}

def main(iters:i64,n:i64): i64{
  main_loop(iters, n)
}

INFO - got notification with method textDocument/didChange
INFO - loading text def main_loop(iters:i64,n:i64): i64{
  let res:i64 = smallest_m
}

def main(iters:i64,n:i64): i64{
  main_loop(iters, n)
}

INFO - got notification with method textDocument/didChange
INFO - loading text def main_loop(iters:i64,n:i64): i64{
  let res:i64 = smallest_mu
}

def main(iters:i64,n:i64): i64{
  main_loop(iters, n)
}

INFO - got notification with method textDocument/didChange
INFO - loading text def main_loop(iters:i64,n:i64): i64{
  let res:i64 = smallest_mul
}

def main(iters:i64,n:i64): i64{
  main_loop(iters, n)
}

INFO - got notification with method textDocument/didChange
INFO - loading text def main_loop(iters:i64,n:i64): i64{
  let res:i64 = smallest_multi
}

def main(iters:i64,n:i64): i64{
  main_loop(iters, n)
}

INFO - got notification with method textDocument/didChange
INFO - loading text def main_loop(iters:i64,n:i64): i64{
  let res:i64 = smallest_multip
}

def main(iters:i64,n:i64): i64{
  main_loop(iters, n)
}

INFO - got notification with method textDocument/didChange
INFO - loading text def main_loop(iters:i64,n:i64): i64{
  let res:i64 = smallest_multiple
}

def main(iters:i64,n:i64): i64{
  main_loop(iters, n)
}

INFO - got notification with method textDocument/didChange
INFO - loading text def main_loop(iters:i64,n:i64): i64{
  let res:i64 = smallest_multiple(
}

def main(iters:i64,n:i64): i64{
  main_loop(iters, n)
}

INFO - got notification with method textDocument/didChange
INFO - loading text def main_loop(iters:i64,n:i64): i64{
  let res:i64 = smallest_multiple(n
}

def main(iters:i64,n:i64): i64{
  main_loop(iters, n)
}

INFO - got notification with method textDocument/didChange
INFO - loading text def main_loop(iters:i64,n:i64): i64{
  let res:i64 = smallest_multiple(n)
}

def main(iters:i64,n:i64): i64{
  main_loop(iters, n)
}

INFO - got notification with method textDocument/didChange
INFO - loading text def main_loop(iters:i64,n:i64): i64{
  let res:i64 = smallest_multiple(n);
}

def main(iters:i64,n:i64): i64{
  main_loop(iters, n)
}

INFO - got notification with method textDocument/didChange
INFO - loading text def main_loop(iters:i64,n:i64): i64{
  let res:i64 = smallest_multiple(n);
  
}

def main(iters:i64,n:i64): i64{
  main_loop(iters, n)
}

INFO - got notification with method textDocument/didChange
INFO - loading text def main_loop(iters:i64,n:i64): i64{
  let res:i64 = smallest_multiple(n);
  i
}

def main(iters:i64,n:i64): i64{
  main_loop(iters, n)
}

INFO - got notification with method textDocument/didChange
INFO - loading text def main_loop(iters:i64,n:i64): i64{
  let res:i64 = smallest_multiple(n);
  if 
}

def main(iters:i64,n:i64): i64{
  main_loop(iters, n)
}

INFO - got notification with method textDocument/didChange
INFO - loading text def main_loop(iters:i64,n:i64): i64{
  let res:i64 = smallest_multiple(n);
  if i
}

def main(iters:i64,n:i64): i64{
  main_loop(iters, n)
}

INFO - got notification with method textDocument/didChange
INFO - loading text def main_loop(iters:i64,n:i64): i64{
  let res:i64 = smallest_multiple(n);
  if it
}

def main(iters:i64,n:i64): i64{
  main_loop(iters, n)
}

INFO - got notification with method textDocument/didChange
INFO - loading text def main_loop(iters:i64,n:i64): i64{
  let res:i64 = smallest_multiple(n);
  if iters
}

def main(iters:i64,n:i64): i64{
  main_loop(iters, n)
}

INFO - got notification with method textDocument/didChange
INFO - loading text def main_loop(iters:i64,n:i64): i64{
  let res:i64 = smallest_multiple(n);
  if iters 
}

def main(iters:i64,n:i64): i64{
  main_loop(iters, n)
}

INFO - got notification with method textDocument/didChange
INFO - loading text def main_loop(iters:i64,n:i64): i64{
  let res:i64 = smallest_multiple(n);
  if iters =
}

def main(iters:i64,n:i64): i64{
  main_loop(iters, n)
}

INFO - got notification with method textDocument/didChange
INFO - loading text def main_loop(iters:i64,n:i64): i64{
  let res:i64 = smallest_multiple(n);
  if iters = 
}

def main(iters:i64,n:i64): i64{
  main_loop(iters, n)
}

INFO - got notification with method textDocument/didChange
INFO - loading text def main_loop(iters:i64,n:i64): i64{
  let res:i64 = smallest_multiple(n);
  if iters =
}

def main(iters:i64,n:i64): i64{
  main_loop(iters, n)
}

INFO - got notification with method textDocument/didChange
INFO - loading text def main_loop(iters:i64,n:i64): i64{
  let res:i64 = smallest_multiple(n);
  if iters ==
}

def main(iters:i64,n:i64): i64{
  main_loop(iters, n)
}

INFO - got notification with method textDocument/didChange
INFO - loading text def main_loop(iters:i64,n:i64): i64{
  let res:i64 = smallest_multiple(n);
  if iters == 
}

def main(iters:i64,n:i64): i64{
  main_loop(iters, n)
}

INFO - got notification with method textDocument/didChange
INFO - loading text def main_loop(iters:i64,n:i64): i64{
  let res:i64 = smallest_multiple(n);
  if iters == 1
}

def main(iters:i64,n:i64): i64{
  main_loop(iters, n)
}

INFO - got notification with method textDocument/didChange
INFO - loading text def main_loop(iters:i64,n:i64): i64{
  let res:i64 = smallest_multiple(n);
  if iters == 1{
}

def main(iters:i64,n:i64): i64{
  main_loop(iters, n)
}

INFO - got notification with method textDocument/didChange
INFO - loading text def main_loop(iters:i64,n:i64): i64{
  let res:i64 = smallest_multiple(n);
  if iters == 1{
  
}

def main(iters:i64,n:i64): i64{
  main_loop(iters, n)
}

INFO - got notification with method textDocument/didChange
INFO - loading text def main_loop(iters:i64,n:i64): i64{
  let res:i64 = smallest_multiple(n);
  if iters == 1{
   
}

def main(iters:i64,n:i64): i64{
  main_loop(iters, n)
}

INFO - got notification with method textDocument/didChange
INFO - loading text def main_loop(iters:i64,n:i64): i64{
  let res:i64 = smallest_multiple(n);
  if iters == 1{
    p
}

def main(iters:i64,n:i64): i64{
  main_loop(iters, n)
}

INFO - got notification with method textDocument/didChange
INFO - loading text def main_loop(iters:i64,n:i64): i64{
  let res:i64 = smallest_multiple(n);
  if iters == 1{
    pri
}

def main(iters:i64,n:i64): i64{
  main_loop(iters, n)
}

INFO - got notification with method textDocument/didChange
INFO - loading text def main_loop(iters:i64,n:i64): i64{
  let res:i64 = smallest_multiple(n);
  if iters == 1{
    print
}

def main(iters:i64,n:i64): i64{
  main_loop(iters, n)
}

INFO - got notification with method textDocument/didChange
INFO - loading text def main_loop(iters:i64,n:i64): i64{
  let res:i64 = smallest_multiple(n);
  if iters == 1{
    println
}

def main(iters:i64,n:i64): i64{
  main_loop(iters, n)
}

INFO - got notification with method textDocument/didChange
INFO - loading text def main_loop(iters:i64,n:i64): i64{
  let res:i64 = smallest_multiple(n);
  if iters == 1{
    println_
}

def main(iters:i64,n:i64): i64{
  main_loop(iters, n)
}

INFO - got notification with method textDocument/didChange
INFO - loading text def main_loop(iters:i64,n:i64): i64{
  let res:i64 = smallest_multiple(n);
  if iters == 1{
    println_i
}

def main(iters:i64,n:i64): i64{
  main_loop(iters, n)
}

INFO - got notification with method textDocument/didChange
INFO - loading text def main_loop(iters:i64,n:i64): i64{
  let res:i64 = smallest_multiple(n);
  if iters == 1{
    println_i64
}

def main(iters:i64,n:i64): i64{
  main_loop(iters, n)
}

INFO - got notification with method textDocument/didChange
INFO - loading text def main_loop(iters:i64,n:i64): i64{
  let res:i64 = smallest_multiple(n);
  if iters == 1{
    println_i64(
}

def main(iters:i64,n:i64): i64{
  main_loop(iters, n)
}

INFO - got notification with method textDocument/didChange
INFO - loading text def main_loop(iters:i64,n:i64): i64{
  let res:i64 = smallest_multiple(n);
  if iters == 1{
    println_i64(5
}

def main(iters:i64,n:i64): i64{
  main_loop(iters, n)
}

INFO - got notification with method textDocument/didChange
INFO - loading text def main_loop(iters:i64,n:i64): i64{
  let res:i64 = smallest_multiple(n);
  if iters == 1{
    println_i64(543
}

def main(iters:i64,n:i64): i64{
  main_loop(iters, n)
}

INFO - got notification with method textDocument/didChange
INFO - loading text def main_loop(iters:i64,n:i64): i64{
  let res:i64 = smallest_multiple(n);
  if iters == 1{
    println_i64(54
}

def main(iters:i64,n:i64): i64{
  main_loop(iters, n)
}

INFO - got notification with method textDocument/didChange
INFO - loading text def main_loop(iters:i64,n:i64): i64{
  let res:i64 = smallest_multiple(n);
  if iters == 1{
    println_i64(5
}

def main(iters:i64,n:i64): i64{
  main_loop(iters, n)
}

INFO - got notification with method textDocument/didChange
INFO - loading text def main_loop(iters:i64,n:i64): i64{
  let res:i64 = smallest_multiple(n);
  if iters == 1{
    println_i64(
}

def main(iters:i64,n:i64): i64{
  main_loop(iters, n)
}

INFO - got notification with method textDocument/didChange
INFO - loading text def main_loop(iters:i64,n:i64): i64{
  let res:i64 = smallest_multiple(n);
  if iters == 1{
    println_i64(res
}

def main(iters:i64,n:i64): i64{
  main_loop(iters, n)
}

INFO - got notification with method textDocument/didChange
INFO - loading text def main_loop(iters:i64,n:i64): i64{
  let res:i64 = smallest_multiple(n);
  if iters == 1{
    println_i64(res);
}

def main(iters:i64,n:i64): i64{
  main_loop(iters, n)
}

INFO - got notification with method textDocument/didChange
INFO - loading text def main_loop(iters:i64,n:i64): i64{
  let res:i64 = smallest_multiple(n);
  if iters == 1{
    println_i64(res);
    
}

def main(iters:i64,n:i64): i64{
  main_loop(iters, n)
}

INFO - got notification with method textDocument/didChange
INFO - loading text def main_loop(iters:i64,n:i64): i64{
  let res:i64 = smallest_multiple(n);
  if iters == 1{
    println_i64(res);
    0
}

def main(iters:i64,n:i64): i64{
  main_loop(iters, n)
}

INFO - got notification with method textDocument/didChange
INFO - loading text def main_loop(iters:i64,n:i64): i64{
  let res:i64 = smallest_multiple(n);
  if iters == 1{
    println_i64(res);
    0
    
}

def main(iters:i64,n:i64): i64{
  main_loop(iters, n)
}

INFO - got notification with method textDocument/didChange
INFO - loading text def main_loop(iters:i64,n:i64): i64{
  let res:i64 = smallest_multiple(n);
  if iters == 1{
    println_i64(res);
    0
    
}

def main(iters:i64,n:i64): i64{
  main_loop(iters, n)
}

INFO - got notification with method textDocument/didChange
INFO - loading text def main_loop(iters:i64,n:i64): i64{
  let res:i64 = smallest_multiple(n);
  if iters == 1{
    println_i64(res);
    0
  
}

def main(iters:i64,n:i64): i64{
  main_loop(iters, n)
}

INFO - got notification with method textDocument/didChange
INFO - loading text def main_loop(iters:i64,n:i64): i64{
  let res:i64 = smallest_multiple(n);
  if iters == 1{
    println_i64(res);
    0
  }e
}

def main(iters:i64,n:i64): i64{
  main_loop(iters, n)
}

INFO - got notification with method textDocument/didChange
INFO - loading text def main_loop(iters:i64,n:i64): i64{
  let res:i64 = smallest_multiple(n);
  if iters == 1{
    println_i64(res);
    0
  }el
}

def main(iters:i64,n:i64): i64{
  main_loop(iters, n)
}

INFO - got notification with method textDocument/didChange
INFO - loading text def main_loop(iters:i64,n:i64): i64{
  let res:i64 = smallest_multiple(n);
  if iters == 1{
    println_i64(res);
    0
  }else
}

def main(iters:i64,n:i64): i64{
  main_loop(iters, n)
}

INFO - got notification with method textDocument/didChange
INFO - loading text def main_loop(iters:i64,n:i64): i64{
  let res:i64 = smallest_multiple(n);
  if iters == 1{
    println_i64(res);
    0
  }else 
}

def main(iters:i64,n:i64): i64{
  main_loop(iters, n)
}

INFO - got notification with method textDocument/didChange
INFO - loading text def main_loop(iters:i64,n:i64): i64{
  let res:i64 = smallest_multiple(n);
  if iters == 1{
    println_i64(res);
    0
  }else {
}

def main(iters:i64,n:i64): i64{
  main_loop(iters, n)
}

INFO - got notification with method textDocument/didChange
INFO - loading text def main_loop(iters:i64,n:i64): i64{
  let res:i64 = smallest_multiple(n);
  if iters == 1{
    println_i64(res);
    0
  }else {
  
}

def main(iters:i64,n:i64): i64{
  main_loop(iters, n)
}

INFO - got notification with method textDocument/didChange
INFO - loading text def main_loop(iters:i64,n:i64): i64{
  let res:i64 = smallest_multiple(n);
  if iters == 1{
    println_i64(res);
    0
  }else {
   
}

def main(iters:i64,n:i64): i64{
  main_loop(iters, n)
}

INFO - got notification with method textDocument/didChange
INFO - loading text def main_loop(iters:i64,n:i64): i64{
  let res:i64 = smallest_multiple(n);
  if iters == 1{
    println_i64(res);
    0
  }else {
    
}

def main(iters:i64,n:i64): i64{
  main_loop(iters, n)
}

INFO - got notification with method textDocument/didChange
INFO - loading text def main_loop(iters:i64,n:i64): i64{
  let res:i64 = smallest_multiple(n);
  if iters == 1{
    println_i64(res);
    0
  }else {
    m
}

def main(iters:i64,n:i64): i64{
  main_loop(iters, n)
}

INFO - got notification with method textDocument/didChange
INFO - loading text def main_loop(iters:i64,n:i64): i64{
  let res:i64 = smallest_multiple(n);
  if iters == 1{
    println_i64(res);
    0
  }else {
    mai
}

def main(iters:i64,n:i64): i64{
  main_loop(iters, n)
}

INFO - got notification with method textDocument/didChange
INFO - loading text def main_loop(iters:i64,n:i64): i64{
  let res:i64 = smallest_multiple(n);
  if iters == 1{
    println_i64(res);
    0
  }else {
    main
}

def main(iters:i64,n:i64): i64{
  main_loop(iters, n)
}

INFO - got notification with method textDocument/didChange
INFO - loading text def main_loop(iters:i64,n:i64): i64{
  let res:i64 = smallest_multiple(n);
  if iters == 1{
    println_i64(res);
    0
  }else {
    main_
}

def main(iters:i64,n:i64): i64{
  main_loop(iters, n)
}

INFO - got notification with method textDocument/didChange
INFO - loading text def main_loop(iters:i64,n:i64): i64{
  let res:i64 = smallest_multiple(n);
  if iters == 1{
    println_i64(res);
    0
  }else {
    main_l
}

def main(iters:i64,n:i64): i64{
  main_loop(iters, n)
}

INFO - got notification with method textDocument/didChange
INFO - loading text def main_loop(iters:i64,n:i64): i64{
  let res:i64 = smallest_multiple(n);
  if iters == 1{
    println_i64(res);
    0
  }else {
    main_lo
}

def main(iters:i64,n:i64): i64{
  main_loop(iters, n)
}

INFO - got notification with method textDocument/didChange
INFO - loading text def main_loop(iters:i64,n:i64): i64{
  let res:i64 = smallest_multiple(n);
  if iters == 1{
    println_i64(res);
    0
  }else {
    main_loo
}

def main(iters:i64,n:i64): i64{
  main_loop(iters, n)
}

INFO - got notification with method textDocument/didChange
INFO - loading text def main_loop(iters:i64,n:i64): i64{
  let res:i64 = smallest_multiple(n);
  if iters == 1{
    println_i64(res);
    0
  }else {
    main_loop
}

def main(iters:i64,n:i64): i64{
  main_loop(iters, n)
}

INFO - got notification with method textDocument/didChange
INFO - loading text def main_loop(iters:i64,n:i64): i64{
  let res:i64 = smallest_multiple(n);
  if iters == 1{
    println_i64(res);
    0
  }else {
    main_loop(
}

def main(iters:i64,n:i64): i64{
  main_loop(iters, n)
}

INFO - got notification with method textDocument/didChange
INFO - loading text def main_loop(iters:i64,n:i64): i64{
  let res:i64 = smallest_multiple(n);
  if iters == 1{
    println_i64(res);
    0
  }else {
    main_loop(i
}

def main(iters:i64,n:i64): i64{
  main_loop(iters, n)
}

INFO - got notification with method textDocument/didChange
INFO - loading text def main_loop(iters:i64,n:i64): i64{
  let res:i64 = smallest_multiple(n);
  if iters == 1{
    println_i64(res);
    0
  }else {
    main_loop(ite
}

def main(iters:i64,n:i64): i64{
  main_loop(iters, n)
}

INFO - got notification with method textDocument/didChange
INFO - loading text def main_loop(iters:i64,n:i64): i64{
  let res:i64 = smallest_multiple(n);
  if iters == 1{
    println_i64(res);
    0
  }else {
    main_loop(iters
}

def main(iters:i64,n:i64): i64{
  main_loop(iters, n)
}

INFO - got notification with method textDocument/didChange
INFO - loading text def main_loop(iters:i64,n:i64): i64{
  let res:i64 = smallest_multiple(n);
  if iters == 1{
    println_i64(res);
    0
  }else {
    main_loop(iters 
}

def main(iters:i64,n:i64): i64{
  main_loop(iters, n)
}

INFO - got notification with method textDocument/didChange
INFO - loading text def main_loop(iters:i64,n:i64): i64{
  let res:i64 = smallest_multiple(n);
  if iters == 1{
    println_i64(res);
    0
  }else {
    main_loop(iters -
}

def main(iters:i64,n:i64): i64{
  main_loop(iters, n)
}

INFO - got notification with method textDocument/didChange
INFO - loading text def main_loop(iters:i64,n:i64): i64{
  let res:i64 = smallest_multiple(n);
  if iters == 1{
    println_i64(res);
    0
  }else {
    main_loop(iters - 1
}

def main(iters:i64,n:i64): i64{
  main_loop(iters, n)
}

INFO - got notification with method textDocument/didChange
INFO - loading text def main_loop(iters:i64,n:i64): i64{
  let res:i64 = smallest_multiple(n);
  if iters == 1{
    println_i64(res);
    0
  }else {
    main_loop(iters - 1,
}

def main(iters:i64,n:i64): i64{
  main_loop(iters, n)
}

INFO - got notification with method textDocument/didChange
INFO - loading text def main_loop(iters:i64,n:i64): i64{
  let res:i64 = smallest_multiple(n);
  if iters == 1{
    println_i64(res);
    0
  }else {
    main_loop(iters - 1,n
}

def main(iters:i64,n:i64): i64{
  main_loop(iters, n)
}

INFO - got notification with method textDocument/didChange
INFO - loading text def main_loop(iters:i64,n:i64): i64{
  let res:i64 = smallest_multiple(n);
  if iters == 1{
    println_i64(res);
    0
  }else {
    main_loop(iters - 1,n)
}

def main(iters:i64,n:i64): i64{
  main_loop(iters, n)
}

INFO - got notification with method textDocument/didChange
INFO - loading text def main_loop(iters:i64,n:i64): i64{
  let res:i64 = smallest_multiple(n);
  if iters == 1{
    println_i64(res);
    0
  }else {
    main_loop(iters - 1,n)
    
}

def main(iters:i64,n:i64): i64{
  main_loop(iters, n)
}

INFO - got notification with method textDocument/didChange
INFO - loading text def main_loop(iters:i64,n:i64): i64{
  let res:i64 = smallest_multiple(n);
  if iters == 1{
    println_i64(res);
    0
  }else {
    main_loop(iters - 1,n)
    }
    
}

def main(iters:i64,n:i64): i64{
  main_loop(iters, n)
}

INFO - got notification with method textDocument/didChange
INFO - loading text def main_loop(iters:i64,n:i64): i64{
  let res:i64 = smallest_multiple(n);
  if iters == 1{
    println_i64(res);
    0
  }else {
    main_loop(iters - 1,n)
    }
   
}

def main(iters:i64,n:i64): i64{
  main_loop(iters, n)
}

INFO - got notification with method textDocument/didChange
INFO - loading text def main_loop(iters:i64,n:i64): i64{
  let res:i64 = smallest_multiple(n);
  if iters == 1{
    println_i64(res);
    0
  }else {
    main_loop(iters - 1,n)
    }

}

def main(iters:i64,n:i64): i64{
  main_loop(iters, n)
}

INFO - got notification with method textDocument/didChange
INFO - loading text def main_loop(iters:i64,n:i64): i64{
  let res:i64 = smallest_multiple(n);
  if iters == 1{
    println_i64(res);
    0
  }else {
    main_loop(iters - 1,n)
    }

}

def main(iters:i64,n:i64): i64{
  main_loop(iters, n)
}

INFO - got notification with method textDocument/didChange
INFO - loading text def main_loop(iters:i64,n:i64): i64{
  let res:i64 = smallest_multiple(n);
  if iters == 1{
    println_i64(res);
    0
  }else {
    main_loop(iters - 1,n)
    }
}

def main(iters:i64,n:i64): i64{
  main_loop(iters, n)
}

INFO - got notification with method textDocument/didChange
INFO - loading text def main_loop(iters:i64,n:i64): i64{
  let res:i64 = smallest_multiple(n);
  if iters == 1{
    println_i64(res);
    0
  }else {
    main_loop(iters - 1,n)
   }
}

def main(iters:i64,n:i64): i64{
  main_loop(iters, n)
}

INFO - got notification with method textDocument/didChange
INFO - loading text def main_loop(iters:i64,n:i64): i64{
  let res:i64 = smallest_multiple(n);
  if iters == 1{
    println_i64(res);
    0
  }else {
    main_loop(iters - 1,n)
  }
}

def main(iters:i64,n:i64): i64{
  main_loop(iters, n)
}

INFO - got notification with method textDocument/didChange
INFO - loading text 
def main_loop(iters:i64,n:i64): i64{
  let res:i64 = smallest_multiple(n);
  if iters == 1{
    println_i64(res);
    0
  }else {
    main_loop(iters - 1,n)
  }
}

def main(iters:i64,n:i64): i64{
  main_loop(iters, n)
}

INFO - got notification with method textDocument/didChange
INFO - loading text d
def main_loop(iters:i64,n:i64): i64{
  let res:i64 = smallest_multiple(n);
  if iters == 1{
    println_i64(res);
    0
  }else {
    main_loop(iters - 1,n)
  }
}

def main(iters:i64,n:i64): i64{
  main_loop(iters, n)
}

INFO - got notification with method textDocument/didChange
INFO - loading text de
def main_loop(iters:i64,n:i64): i64{
  let res:i64 = smallest_multiple(n);
  if iters == 1{
    println_i64(res);
    0
  }else {
    main_loop(iters - 1,n)
  }
}

def main(iters:i64,n:i64): i64{
  main_loop(iters, n)
}

INFO - got notification with method textDocument/didChange
INFO - loading text def 
def main_loop(iters:i64,n:i64): i64{
  let res:i64 = smallest_multiple(n);
  if iters == 1{
    println_i64(res);
    0
  }else {
    main_loop(iters - 1,n)
  }
}

def main(iters:i64,n:i64): i64{
  main_loop(iters, n)
}

INFO - got notification with method textDocument/didChange
INFO - loading text def s
def main_loop(iters:i64,n:i64): i64{
  let res:i64 = smallest_multiple(n);
  if iters == 1{
    println_i64(res);
    0
  }else {
    main_loop(iters - 1,n)
  }
}

def main(iters:i64,n:i64): i64{
  main_loop(iters, n)
}

INFO - got notification with method textDocument/didChange
INFO - loading text def sma
def main_loop(iters:i64,n:i64): i64{
  let res:i64 = smallest_multiple(n);
  if iters == 1{
    println_i64(res);
    0
  }else {
    main_loop(iters - 1,n)
  }
}

def main(iters:i64,n:i64): i64{
  main_loop(iters, n)
}

INFO - got notification with method textDocument/didChange
INFO - loading text def smal
def main_loop(iters:i64,n:i64): i64{
  let res:i64 = smallest_multiple(n);
  if iters == 1{
    println_i64(res);
    0
  }else {
    main_loop(iters - 1,n)
  }
}

def main(iters:i64,n:i64): i64{
  main_loop(iters, n)
}

INFO - got notification with method textDocument/didChange
INFO - loading text def smalle
def main_loop(iters:i64,n:i64): i64{
  let res:i64 = smallest_multiple(n);
  if iters == 1{
    println_i64(res);
    0
  }else {
    main_loop(iters - 1,n)
  }
}

def main(iters:i64,n:i64): i64{
  main_loop(iters, n)
}

INFO - got notification with method textDocument/didChange
INFO - loading text def smalles
def main_loop(iters:i64,n:i64): i64{
  let res:i64 = smallest_multiple(n);
  if iters == 1{
    println_i64(res);
    0
  }else {
    main_loop(iters - 1,n)
  }
}

def main(iters:i64,n:i64): i64{
  main_loop(iters, n)
}

INFO - got notification with method textDocument/didChange
INFO - loading text def smallest
def main_loop(iters:i64,n:i64): i64{
  let res:i64 = smallest_multiple(n);
  if iters == 1{
    println_i64(res);
    0
  }else {
    main_loop(iters - 1,n)
  }
}

def main(iters:i64,n:i64): i64{
  main_loop(iters, n)
}

INFO - got notification with method textDocument/didChange
INFO - loading text def smallest_
def main_loop(iters:i64,n:i64): i64{
  let res:i64 = smallest_multiple(n);
  if iters == 1{
    println_i64(res);
    0
  }else {
    main_loop(iters - 1,n)
  }
}

def main(iters:i64,n:i64): i64{
  main_loop(iters, n)
}

INFO - got notification with method textDocument/didChange
INFO - loading text def smallest_m
def main_loop(iters:i64,n:i64): i64{
  let res:i64 = smallest_multiple(n);
  if iters == 1{
    println_i64(res);
    0
  }else {
    main_loop(iters - 1,n)
  }
}

def main(iters:i64,n:i64): i64{
  main_loop(iters, n)
}

INFO - got notification with method textDocument/didChange
INFO - loading text def smallest_mu
def main_loop(iters:i64,n:i64): i64{
  let res:i64 = smallest_multiple(n);
  if iters == 1{
    println_i64(res);
    0
  }else {
    main_loop(iters - 1,n)
  }
}

def main(iters:i64,n:i64): i64{
  main_loop(iters, n)
}

INFO - got notification with method textDocument/didChange
INFO - loading text def smallest_mul
def main_loop(iters:i64,n:i64): i64{
  let res:i64 = smallest_multiple(n);
  if iters == 1{
    println_i64(res);
    0
  }else {
    main_loop(iters - 1,n)
  }
}

def main(iters:i64,n:i64): i64{
  main_loop(iters, n)
}

INFO - got notification with method textDocument/didChange
INFO - loading text def smallest_multi
def main_loop(iters:i64,n:i64): i64{
  let res:i64 = smallest_multiple(n);
  if iters == 1{
    println_i64(res);
    0
  }else {
    main_loop(iters - 1,n)
  }
}

def main(iters:i64,n:i64): i64{
  main_loop(iters, n)
}

INFO - got notification with method textDocument/didChange
INFO - loading text def smallest_multipl
def main_loop(iters:i64,n:i64): i64{
  let res:i64 = smallest_multiple(n);
  if iters == 1{
    println_i64(res);
    0
  }else {
    main_loop(iters - 1,n)
  }
}

def main(iters:i64,n:i64): i64{
  main_loop(iters, n)
}

INFO - got notification with method textDocument/didChange
INFO - loading text def smallest_multiple
def main_loop(iters:i64,n:i64): i64{
  let res:i64 = smallest_multiple(n);
  if iters == 1{
    println_i64(res);
    0
  }else {
    main_loop(iters - 1,n)
  }
}

def main(iters:i64,n:i64): i64{
  main_loop(iters, n)
}

INFO - got notification with method textDocument/didChange
INFO - loading text def smallest_multiple)
def main_loop(iters:i64,n:i64): i64{
  let res:i64 = smallest_multiple(n);
  if iters == 1{
    println_i64(res);
    0
  }else {
    main_loop(iters - 1,n)
  }
}

def main(iters:i64,n:i64): i64{
  main_loop(iters, n)
}

INFO - got notification with method textDocument/didChange
INFO - loading text def smallest_multiple)(
def main_loop(iters:i64,n:i64): i64{
  let res:i64 = smallest_multiple(n);
  if iters == 1{
    println_i64(res);
    0
  }else {
    main_loop(iters - 1,n)
  }
}

def main(iters:i64,n:i64): i64{
  main_loop(iters, n)
}

INFO - got notification with method textDocument/didChange
INFO - loading text def smallest_multiple)(n
def main_loop(iters:i64,n:i64): i64{
  let res:i64 = smallest_multiple(n);
  if iters == 1{
    println_i64(res);
    0
  }else {
    main_loop(iters - 1,n)
  }
}

def main(iters:i64,n:i64): i64{
  main_loop(iters, n)
}

INFO - got notification with method textDocument/didChange
INFO - loading text def smallest_multiple)(
def main_loop(iters:i64,n:i64): i64{
  let res:i64 = smallest_multiple(n);
  if iters == 1{
    println_i64(res);
    0
  }else {
    main_loop(iters - 1,n)
  }
}

def main(iters:i64,n:i64): i64{
  main_loop(iters, n)
}

INFO - got notification with method textDocument/didChange
INFO - loading text def smallest_multiple)
def main_loop(iters:i64,n:i64): i64{
  let res:i64 = smallest_multiple(n);
  if iters == 1{
    println_i64(res);
    0
  }else {
    main_loop(iters - 1,n)
  }
}

def main(iters:i64,n:i64): i64{
  main_loop(iters, n)
}

INFO - got notification with method textDocument/didChange
INFO - loading text def smallest_multiple
def main_loop(iters:i64,n:i64): i64{
  let res:i64 = smallest_multiple(n);
  if iters == 1{
    println_i64(res);
    0
  }else {
    main_loop(iters - 1,n)
  }
}

def main(iters:i64,n:i64): i64{
  main_loop(iters, n)
}

INFO - got notification with method textDocument/didChange
INFO - loading text def smallest_multiple(
def main_loop(iters:i64,n:i64): i64{
  let res:i64 = smallest_multiple(n);
  if iters == 1{
    println_i64(res);
    0
  }else {
    main_loop(iters - 1,n)
  }
}

def main(iters:i64,n:i64): i64{
  main_loop(iters, n)
}

INFO - got notification with method textDocument/didChange
INFO - loading text def smallest_multiple(n
def main_loop(iters:i64,n:i64): i64{
  let res:i64 = smallest_multiple(n);
  if iters == 1{
    println_i64(res);
    0
  }else {
    main_loop(iters - 1,n)
  }
}

def main(iters:i64,n:i64): i64{
  main_loop(iters, n)
}

INFO - got notification with method textDocument/didChange
INFO - loading text def smallest_multiple(ni
def main_loop(iters:i64,n:i64): i64{
  let res:i64 = smallest_multiple(n);
  if iters == 1{
    println_i64(res);
    0
  }else {
    main_loop(iters - 1,n)
  }
}

def main(iters:i64,n:i64): i64{
  main_loop(iters, n)
}

INFO - got notification with method textDocument/didChange
INFO - loading text def smallest_multiple(n
def main_loop(iters:i64,n:i64): i64{
  let res:i64 = smallest_multiple(n);
  if iters == 1{
    println_i64(res);
    0
  }else {
    main_loop(iters - 1,n)
  }
}

def main(iters:i64,n:i64): i64{
  main_loop(iters, n)
}

INFO - got notification with method textDocument/didChange
INFO - loading text def smallest_multiple(n:
def main_loop(iters:i64,n:i64): i64{
  let res:i64 = smallest_multiple(n);
  if iters == 1{
    println_i64(res);
    0
  }else {
    main_loop(iters - 1,n)
  }
}

def main(iters:i64,n:i64): i64{
  main_loop(iters, n)
}

INFO - got notification with method textDocument/didChange
INFO - loading text def smallest_multiple(n:i
def main_loop(iters:i64,n:i64): i64{
  let res:i64 = smallest_multiple(n);
  if iters == 1{
    println_i64(res);
    0
  }else {
    main_loop(iters - 1,n)
  }
}

def main(iters:i64,n:i64): i64{
  main_loop(iters, n)
}

INFO - got notification with method textDocument/didChange
INFO - loading text def smallest_multiple(n:i64
def main_loop(iters:i64,n:i64): i64{
  let res:i64 = smallest_multiple(n);
  if iters == 1{
    println_i64(res);
    0
  }else {
    main_loop(iters - 1,n)
  }
}

def main(iters:i64,n:i64): i64{
  main_loop(iters, n)
}

INFO - got notification with method textDocument/didChange
INFO - loading text def smallest_multiple(n:i64)
def main_loop(iters:i64,n:i64): i64{
  let res:i64 = smallest_multiple(n);
  if iters == 1{
    println_i64(res);
    0
  }else {
    main_loop(iters - 1,n)
  }
}

def main(iters:i64,n:i64): i64{
  main_loop(iters, n)
}

INFO - got notification with method textDocument/didChange
INFO - loading text def smallest_multiple(n:i64):
def main_loop(iters:i64,n:i64): i64{
  let res:i64 = smallest_multiple(n);
  if iters == 1{
    println_i64(res);
    0
  }else {
    main_loop(iters - 1,n)
  }
}

def main(iters:i64,n:i64): i64{
  main_loop(iters, n)
}

INFO - got notification with method textDocument/didChange
INFO - loading text def smallest_multiple(n:i64): 
def main_loop(iters:i64,n:i64): i64{
  let res:i64 = smallest_multiple(n);
  if iters == 1{
    println_i64(res);
    0
  }else {
    main_loop(iters - 1,n)
  }
}

def main(iters:i64,n:i64): i64{
  main_loop(iters, n)
}

INFO - got notification with method textDocument/didChange
INFO - loading text def smallest_multiple(n:i64): i
def main_loop(iters:i64,n:i64): i64{
  let res:i64 = smallest_multiple(n);
  if iters == 1{
    println_i64(res);
    0
  }else {
    main_loop(iters - 1,n)
  }
}

def main(iters:i64,n:i64): i64{
  main_loop(iters, n)
}

INFO - got notification with method textDocument/didChange
INFO - loading text def smallest_multiple(n:i64): i64
def main_loop(iters:i64,n:i64): i64{
  let res:i64 = smallest_multiple(n);
  if iters == 1{
    println_i64(res);
    0
  }else {
    main_loop(iters - 1,n)
  }
}

def main(iters:i64,n:i64): i64{
  main_loop(iters, n)
}

INFO - got notification with method textDocument/didChange
INFO - loading text def smallest_multiple(n:i64): i64{
def main_loop(iters:i64,n:i64): i64{
  let res:i64 = smallest_multiple(n);
  if iters == 1{
    println_i64(res);
    0
  }else {
    main_loop(iters - 1,n)
  }
}

def main(iters:i64,n:i64): i64{
  main_loop(iters, n)
}

INFO - got notification with method textDocument/didChange
INFO - loading text def smallest_multiple(n:i64): i64{

def main_loop(iters:i64,n:i64): i64{
  let res:i64 = smallest_multiple(n);
  if iters == 1{
    println_i64(res);
    0
  }else {
    main_loop(iters - 1,n)
  }
}

def main(iters:i64,n:i64): i64{
  main_loop(iters, n)
}

INFO - got notification with method textDocument/didChange
INFO - loading text def smallest_multiple(n:i64): i64{
}

def main_loop(iters:i64,n:i64): i64{
  let res:i64 = smallest_multiple(n);
  if iters == 1{
    println_i64(res);
    0
  }else {
    main_loop(iters - 1,n)
  }
}

def main(iters:i64,n:i64): i64{
  main_loop(iters, n)
}

INFO - got notification with method textDocument/didChange
INFO - loading text def smallest_multiple(n:i64): i64{

}

def main_loop(iters:i64,n:i64): i64{
  let res:i64 = smallest_multiple(n);
  if iters == 1{
    println_i64(res);
    0
  }else {
    main_loop(iters - 1,n)
  }
}

def main(iters:i64,n:i64): i64{
  main_loop(iters, n)
}

INFO - got notification with method textDocument/didChange
INFO - loading text def smallest_multiple(n:i64): i64{
 
}

def main_loop(iters:i64,n:i64): i64{
  let res:i64 = smallest_multiple(n);
  if iters == 1{
    println_i64(res);
    0
  }else {
    main_loop(iters - 1,n)
  }
}

def main(iters:i64,n:i64): i64{
  main_loop(iters, n)
}

INFO - got notification with method textDocument/didChange
INFO - loading text def smallest_multiple(n:i64): i64{
  
}

def main_loop(iters:i64,n:i64): i64{
  let res:i64 = smallest_multiple(n);
  if iters == 1{
    println_i64(res);
    0
  }else {
    main_loop(iters - 1,n)
  }
}

def main(iters:i64,n:i64): i64{
  main_loop(iters, n)
}

INFO - got notification with method textDocument/didChange
INFO - loading text def smallest_multiple(n:i64): i64{
  s
}

def main_loop(iters:i64,n:i64): i64{
  let res:i64 = smallest_multiple(n);
  if iters == 1{
    println_i64(res);
    0
  }else {
    main_loop(iters - 1,n)
  }
}

def main(iters:i64,n:i64): i64{
  main_loop(iters, n)
}

INFO - got notification with method textDocument/didChange
INFO - loading text def smallest_multiple(n:i64): i64{
  sma
}

def main_loop(iters:i64,n:i64): i64{
  let res:i64 = smallest_multiple(n);
  if iters == 1{
    println_i64(res);
    0
  }else {
    main_loop(iters - 1,n)
  }
}

def main(iters:i64,n:i64): i64{
  main_loop(iters, n)
}

INFO - got notification with method textDocument/didChange
INFO - loading text def smallest_multiple(n:i64): i64{
  smal
}

def main_loop(iters:i64,n:i64): i64{
  let res:i64 = smallest_multiple(n);
  if iters == 1{
    println_i64(res);
    0
  }else {
    main_loop(iters - 1,n)
  }
}

def main(iters:i64,n:i64): i64{
  main_loop(iters, n)
}

INFO - got notification with method textDocument/didChange
INFO - loading text def smallest_multiple(n:i64): i64{
  smalles
}

def main_loop(iters:i64,n:i64): i64{
  let res:i64 = smallest_multiple(n);
  if iters == 1{
    println_i64(res);
    0
  }else {
    main_loop(iters - 1,n)
  }
}

def main(iters:i64,n:i64): i64{
  main_loop(iters, n)
}

INFO - got notification with method textDocument/didChange
INFO - loading text def smallest_multiple(n:i64): i64{
  smallest
}

def main_loop(iters:i64,n:i64): i64{
  let res:i64 = smallest_multiple(n);
  if iters == 1{
    println_i64(res);
    0
  }else {
    main_loop(iters - 1,n)
  }
}

def main(iters:i64,n:i64): i64{
  main_loop(iters, n)
}

INFO - got notification with method textDocument/didChange
INFO - loading text def smallest_multiple(n:i64): i64{
  smallest_
}

def main_loop(iters:i64,n:i64): i64{
  let res:i64 = smallest_multiple(n);
  if iters == 1{
    println_i64(res);
    0
  }else {
    main_loop(iters - 1,n)
  }
}

def main(iters:i64,n:i64): i64{
  main_loop(iters, n)
}

INFO - got notification with method textDocument/didChange
INFO - loading text def smallest_multiple(n:i64): i64{
  smallest_m
}

def main_loop(iters:i64,n:i64): i64{
  let res:i64 = smallest_multiple(n);
  if iters == 1{
    println_i64(res);
    0
  }else {
    main_loop(iters - 1,n)
  }
}

def main(iters:i64,n:i64): i64{
  main_loop(iters, n)
}

INFO - got notification with method textDocument/didChange
INFO - loading text def smallest_multiple(n:i64): i64{
  smallest_mu
}

def main_loop(iters:i64,n:i64): i64{
  let res:i64 = smallest_multiple(n);
  if iters == 1{
    println_i64(res);
    0
  }else {
    main_loop(iters - 1,n)
  }
}

def main(iters:i64,n:i64): i64{
  main_loop(iters, n)
}

INFO - got notification with method textDocument/didChange
INFO - loading text def smallest_multiple(n:i64): i64{
  smallest_mult
}

def main_loop(iters:i64,n:i64): i64{
  let res:i64 = smallest_multiple(n);
  if iters == 1{
    println_i64(res);
    0
  }else {
    main_loop(iters - 1,n)
  }
}

def main(iters:i64,n:i64): i64{
  main_loop(iters, n)
}

INFO - got notification with method textDocument/didChange
INFO - loading text def smallest_multiple(n:i64): i64{
  smallest_multi
}

def main_loop(iters:i64,n:i64): i64{
  let res:i64 = smallest_multiple(n);
  if iters == 1{
    println_i64(res);
    0
  }else {
    main_loop(iters - 1,n)
  }
}

def main(iters:i64,n:i64): i64{
  main_loop(iters, n)
}

INFO - got notification with method textDocument/didChange
INFO - loading text def smallest_multiple(n:i64): i64{
  smallest_multip
}

def main_loop(iters:i64,n:i64): i64{
  let res:i64 = smallest_multiple(n);
  if iters == 1{
    println_i64(res);
    0
  }else {
    main_loop(iters - 1,n)
  }
}

def main(iters:i64,n:i64): i64{
  main_loop(iters, n)
}

INFO - got notification with method textDocument/didChange
INFO - loading text def smallest_multiple(n:i64): i64{
  smallest_multiple
}

def main_loop(iters:i64,n:i64): i64{
  let res:i64 = smallest_multiple(n);
  if iters == 1{
    println_i64(res);
    0
  }else {
    main_loop(iters - 1,n)
  }
}

def main(iters:i64,n:i64): i64{
  main_loop(iters, n)
}

INFO - got notification with method textDocument/didChange
INFO - loading text def smallest_multiple(n:i64): i64{
  smallest_multiple_
}

def main_loop(iters:i64,n:i64): i64{
  let res:i64 = smallest_multiple(n);
  if iters == 1{
    println_i64(res);
    0
  }else {
    main_loop(iters - 1,n)
  }
}

def main(iters:i64,n:i64): i64{
  main_loop(iters, n)
}

INFO - got notification with method textDocument/didChange
INFO - loading text def smallest_multiple(n:i64): i64{
  smallest_multiple_r
}

def main_loop(iters:i64,n:i64): i64{
  let res:i64 = smallest_multiple(n);
  if iters == 1{
    println_i64(res);
    0
  }else {
    main_loop(iters - 1,n)
  }
}

def main(iters:i64,n:i64): i64{
  main_loop(iters, n)
}

INFO - got notification with method textDocument/didChange
INFO - loading text def smallest_multiple(n:i64): i64{
  smallest_multiple_re
}

def main_loop(iters:i64,n:i64): i64{
  let res:i64 = smallest_multiple(n);
  if iters == 1{
    println_i64(res);
    0
  }else {
    main_loop(iters - 1,n)
  }
}

def main(iters:i64,n:i64): i64{
  main_loop(iters, n)
}

INFO - got notification with method textDocument/didChange
INFO - loading text def smallest_multiple(n:i64): i64{
  smallest_multiple_rec
}

def main_loop(iters:i64,n:i64): i64{
  let res:i64 = smallest_multiple(n);
  if iters == 1{
    println_i64(res);
    0
  }else {
    main_loop(iters - 1,n)
  }
}

def main(iters:i64,n:i64): i64{
  main_loop(iters, n)
}

INFO - got notification with method textDocument/didChange
INFO - loading text def smallest_multiple(n:i64): i64{
  smallest_multiple_rec(
}

def main_loop(iters:i64,n:i64): i64{
  let res:i64 = smallest_multiple(n);
  if iters == 1{
    println_i64(res);
    0
  }else {
    main_loop(iters - 1,n)
  }
}

def main(iters:i64,n:i64): i64{
  main_loop(iters, n)
}

INFO - got notification with method textDocument/didChange
INFO - loading text def smallest_multiple(n:i64): i64{
  smallest_multiple_rec(n
}

def main_loop(iters:i64,n:i64): i64{
  let res:i64 = smallest_multiple(n);
  if iters == 1{
    println_i64(res);
    0
  }else {
    main_loop(iters - 1,n)
  }
}

def main(iters:i64,n:i64): i64{
  main_loop(iters, n)
}

INFO - got notification with method textDocument/didChange
INFO - loading text def smallest_multiple(n:i64): i64{
  smallest_multiple_rec(n,
}

def main_loop(iters:i64,n:i64): i64{
  let res:i64 = smallest_multiple(n);
  if iters == 1{
    println_i64(res);
    0
  }else {
    main_loop(iters - 1,n)
  }
}

def main(iters:i64,n:i64): i64{
  main_loop(iters, n)
}

INFO - got notification with method textDocument/didChange
INFO - loading text def smallest_multiple(n:i64): i64{
  smallest_multiple_rec(n,0
}

def main_loop(iters:i64,n:i64): i64{
  let res:i64 = smallest_multiple(n);
  if iters == 1{
    println_i64(res);
    0
  }else {
    main_loop(iters - 1,n)
  }
}

def main(iters:i64,n:i64): i64{
  main_loop(iters, n)
}

INFO - got notification with method textDocument/didChange
INFO - loading text def smallest_multiple(n:i64): i64{
  smallest_multiple_rec(n,0)
}

def main_loop(iters:i64,n:i64): i64{
  let res:i64 = smallest_multiple(n);
  if iters == 1{
    println_i64(res);
    0
  }else {
    main_loop(iters - 1,n)
  }
}

def main(iters:i64,n:i64): i64{
  main_loop(iters, n)
}

INFO - got notification with method textDocument/didChange
INFO - loading text 
def smallest_multiple(n:i64): i64{
  smallest_multiple_rec(n,0)
}

def main_loop(iters:i64,n:i64): i64{
  let res:i64 = smallest_multiple(n);
  if iters == 1{
    println_i64(res);
    0
  }else {
    main_loop(iters - 1,n)
  }
}

def main(iters:i64,n:i64): i64{
  main_loop(iters, n)
}

INFO - got notification with method textDocument/didChange
INFO - loading text d
def smallest_multiple(n:i64): i64{
  smallest_multiple_rec(n,0)
}

def main_loop(iters:i64,n:i64): i64{
  let res:i64 = smallest_multiple(n);
  if iters == 1{
    println_i64(res);
    0
  }else {
    main_loop(iters - 1,n)
  }
}

def main(iters:i64,n:i64): i64{
  main_loop(iters, n)
}

INFO - got notification with method textDocument/didChange
INFO - loading text de
def smallest_multiple(n:i64): i64{
  smallest_multiple_rec(n,0)
}

def main_loop(iters:i64,n:i64): i64{
  let res:i64 = smallest_multiple(n);
  if iters == 1{
    println_i64(res);
    0
  }else {
    main_loop(iters - 1,n)
  }
}

def main(iters:i64,n:i64): i64{
  main_loop(iters, n)
}

INFO - got notification with method textDocument/didChange
INFO - loading text def 
def smallest_multiple(n:i64): i64{
  smallest_multiple_rec(n,0)
}

def main_loop(iters:i64,n:i64): i64{
  let res:i64 = smallest_multiple(n);
  if iters == 1{
    println_i64(res);
    0
  }else {
    main_loop(iters - 1,n)
  }
}

def main(iters:i64,n:i64): i64{
  main_loop(iters, n)
}

INFO - got notification with method textDocument/didChange
INFO - loading text def a
def smallest_multiple(n:i64): i64{
  smallest_multiple_rec(n,0)
}

def main_loop(iters:i64,n:i64): i64{
  let res:i64 = smallest_multiple(n);
  if iters == 1{
    println_i64(res);
    0
  }else {
    main_loop(iters - 1,n)
  }
}

def main(iters:i64,n:i64): i64{
  main_loop(iters, n)
}

INFO - got notification with method textDocument/didChange
INFO - loading text def am
def smallest_multiple(n:i64): i64{
  smallest_multiple_rec(n,0)
}

def main_loop(iters:i64,n:i64): i64{
  let res:i64 = smallest_multiple(n);
  if iters == 1{
    println_i64(res);
    0
  }else {
    main_loop(iters - 1,n)
  }
}

def main(iters:i64,n:i64): i64{
  main_loop(iters, n)
}

INFO - got notification with method textDocument/didChange
INFO - loading text def a
def smallest_multiple(n:i64): i64{
  smallest_multiple_rec(n,0)
}

def main_loop(iters:i64,n:i64): i64{
  let res:i64 = smallest_multiple(n);
  if iters == 1{
    println_i64(res);
    0
  }else {
    main_loop(iters - 1,n)
  }
}

def main(iters:i64,n:i64): i64{
  main_loop(iters, n)
}

INFO - got notification with method textDocument/didChange
INFO - loading text def 
def smallest_multiple(n:i64): i64{
  smallest_multiple_rec(n,0)
}

def main_loop(iters:i64,n:i64): i64{
  let res:i64 = smallest_multiple(n);
  if iters == 1{
    println_i64(res);
    0
  }else {
    main_loop(iters - 1,n)
  }
}

def main(iters:i64,n:i64): i64{
  main_loop(iters, n)
}

INFO - got notification with method textDocument/didChange
INFO - loading text def sm
def smallest_multiple(n:i64): i64{
  smallest_multiple_rec(n,0)
}

def main_loop(iters:i64,n:i64): i64{
  let res:i64 = smallest_multiple(n);
  if iters == 1{
    println_i64(res);
    0
  }else {
    main_loop(iters - 1,n)
  }
}

def main(iters:i64,n:i64): i64{
  main_loop(iters, n)
}

INFO - got notification with method textDocument/didChange
INFO - loading text def smal
def smallest_multiple(n:i64): i64{
  smallest_multiple_rec(n,0)
}

def main_loop(iters:i64,n:i64): i64{
  let res:i64 = smallest_multiple(n);
  if iters == 1{
    println_i64(res);
    0
  }else {
    main_loop(iters - 1,n)
  }
}

def main(iters:i64,n:i64): i64{
  main_loop(iters, n)
}

INFO - got notification with method textDocument/didChange
INFO - loading text def small
def smallest_multiple(n:i64): i64{
  smallest_multiple_rec(n,0)
}

def main_loop(iters:i64,n:i64): i64{
  let res:i64 = smallest_multiple(n);
  if iters == 1{
    println_i64(res);
    0
  }else {
    main_loop(iters - 1,n)
  }
}

def main(iters:i64,n:i64): i64{
  main_loop(iters, n)
}

INFO - got notification with method textDocument/didChange
INFO - loading text def smalles
def smallest_multiple(n:i64): i64{
  smallest_multiple_rec(n,0)
}

def main_loop(iters:i64,n:i64): i64{
  let res:i64 = smallest_multiple(n);
  if iters == 1{
    println_i64(res);
    0
  }else {
    main_loop(iters - 1,n)
  }
}

def main(iters:i64,n:i64): i64{
  main_loop(iters, n)
}

INFO - got notification with method textDocument/didChange
INFO - loading text def smallest
def smallest_multiple(n:i64): i64{
  smallest_multiple_rec(n,0)
}

def main_loop(iters:i64,n:i64): i64{
  let res:i64 = smallest_multiple(n);
  if iters == 1{
    println_i64(res);
    0
  }else {
    main_loop(iters - 1,n)
  }
}

def main(iters:i64,n:i64): i64{
  main_loop(iters, n)
}

INFO - got notification with method textDocument/didChange
INFO - loading text def smallest_
def smallest_multiple(n:i64): i64{
  smallest_multiple_rec(n,0)
}

def main_loop(iters:i64,n:i64): i64{
  let res:i64 = smallest_multiple(n);
  if iters == 1{
    println_i64(res);
    0
  }else {
    main_loop(iters - 1,n)
  }
}

def main(iters:i64,n:i64): i64{
  main_loop(iters, n)
}

INFO - got notification with method textDocument/didChange
INFO - loading text def smallest_m
def smallest_multiple(n:i64): i64{
  smallest_multiple_rec(n,0)
}

def main_loop(iters:i64,n:i64): i64{
  let res:i64 = smallest_multiple(n);
  if iters == 1{
    println_i64(res);
    0
  }else {
    main_loop(iters - 1,n)
  }
}

def main(iters:i64,n:i64): i64{
  main_loop(iters, n)
}

INFO - got notification with method textDocument/didChange
INFO - loading text def smallest_mu
def smallest_multiple(n:i64): i64{
  smallest_multiple_rec(n,0)
}

def main_loop(iters:i64,n:i64): i64{
  let res:i64 = smallest_multiple(n);
  if iters == 1{
    println_i64(res);
    0
  }else {
    main_loop(iters - 1,n)
  }
}

def main(iters:i64,n:i64): i64{
  main_loop(iters, n)
}

INFO - got notification with method textDocument/didChange
INFO - loading text def smallest_mult
def smallest_multiple(n:i64): i64{
  smallest_multiple_rec(n,0)
}

def main_loop(iters:i64,n:i64): i64{
  let res:i64 = smallest_multiple(n);
  if iters == 1{
    println_i64(res);
    0
  }else {
    main_loop(iters - 1,n)
  }
}

def main(iters:i64,n:i64): i64{
  main_loop(iters, n)
}

INFO - got notification with method textDocument/didChange
INFO - loading text def smallest_multi
def smallest_multiple(n:i64): i64{
  smallest_multiple_rec(n,0)
}

def main_loop(iters:i64,n:i64): i64{
  let res:i64 = smallest_multiple(n);
  if iters == 1{
    println_i64(res);
    0
  }else {
    main_loop(iters - 1,n)
  }
}

def main(iters:i64,n:i64): i64{
  main_loop(iters, n)
}

INFO - got notification with method textDocument/didChange
INFO - loading text def smallest_multip
def smallest_multiple(n:i64): i64{
  smallest_multiple_rec(n,0)
}

def main_loop(iters:i64,n:i64): i64{
  let res:i64 = smallest_multiple(n);
  if iters == 1{
    println_i64(res);
    0
  }else {
    main_loop(iters - 1,n)
  }
}

def main(iters:i64,n:i64): i64{
  main_loop(iters, n)
}

INFO - got notification with method textDocument/didChange
INFO - loading text def smallest_multiple
def smallest_multiple(n:i64): i64{
  smallest_multiple_rec(n,0)
}

def main_loop(iters:i64,n:i64): i64{
  let res:i64 = smallest_multiple(n);
  if iters == 1{
    println_i64(res);
    0
  }else {
    main_loop(iters - 1,n)
  }
}

def main(iters:i64,n:i64): i64{
  main_loop(iters, n)
}

INFO - got notification with method textDocument/didChange
INFO - loading text def smallest_multiple_
def smallest_multiple(n:i64): i64{
  smallest_multiple_rec(n,0)
}

def main_loop(iters:i64,n:i64): i64{
  let res:i64 = smallest_multiple(n);
  if iters == 1{
    println_i64(res);
    0
  }else {
    main_loop(iters - 1,n)
  }
}

def main(iters:i64,n:i64): i64{
  main_loop(iters, n)
}

INFO - got notification with method textDocument/didChange
INFO - loading text def smallest_multiple_re
def smallest_multiple(n:i64): i64{
  smallest_multiple_rec(n,0)
}

def main_loop(iters:i64,n:i64): i64{
  let res:i64 = smallest_multiple(n);
  if iters == 1{
    println_i64(res);
    0
  }else {
    main_loop(iters - 1,n)
  }
}

def main(iters:i64,n:i64): i64{
  main_loop(iters, n)
}

INFO - got notification with method textDocument/didChange
INFO - loading text def smallest_multiple_rec
def smallest_multiple(n:i64): i64{
  smallest_multiple_rec(n,0)
}

def main_loop(iters:i64,n:i64): i64{
  let res:i64 = smallest_multiple(n);
  if iters == 1{
    println_i64(res);
    0
  }else {
    main_loop(iters - 1,n)
  }
}

def main(iters:i64,n:i64): i64{
  main_loop(iters, n)
}

INFO - got notification with method textDocument/didChange
INFO - loading text def smallest_multiple_rec(
def smallest_multiple(n:i64): i64{
  smallest_multiple_rec(n,0)
}

def main_loop(iters:i64,n:i64): i64{
  let res:i64 = smallest_multiple(n);
  if iters == 1{
    println_i64(res);
    0
  }else {
    main_loop(iters - 1,n)
  }
}

def main(iters:i64,n:i64): i64{
  main_loop(iters, n)
}

INFO - got notification with method textDocument/didChange
INFO - loading text def smallest_multiple_rec(n
def smallest_multiple(n:i64): i64{
  smallest_multiple_rec(n,0)
}

def main_loop(iters:i64,n:i64): i64{
  let res:i64 = smallest_multiple(n);
  if iters == 1{
    println_i64(res);
    0
  }else {
    main_loop(iters - 1,n)
  }
}

def main(iters:i64,n:i64): i64{
  main_loop(iters, n)
}

INFO - got notification with method textDocument/didChange
INFO - loading text def smallest_multiple_rec(n:
def smallest_multiple(n:i64): i64{
  smallest_multiple_rec(n,0)
}

def main_loop(iters:i64,n:i64): i64{
  let res:i64 = smallest_multiple(n);
  if iters == 1{
    println_i64(res);
    0
  }else {
    main_loop(iters - 1,n)
  }
}

def main(iters:i64,n:i64): i64{
  main_loop(iters, n)
}

INFO - got notification with method textDocument/didChange
INFO - loading text def smallest_multiple_rec(n:i
def smallest_multiple(n:i64): i64{
  smallest_multiple_rec(n,0)
}

def main_loop(iters:i64,n:i64): i64{
  let res:i64 = smallest_multiple(n);
  if iters == 1{
    println_i64(res);
    0
  }else {
    main_loop(iters - 1,n)
  }
}

def main(iters:i64,n:i64): i64{
  main_loop(iters, n)
}

INFO - got notification with method textDocument/didChange
INFO - loading text def smallest_multiple_rec(n:i6
def smallest_multiple(n:i64): i64{
  smallest_multiple_rec(n,0)
}

def main_loop(iters:i64,n:i64): i64{
  let res:i64 = smallest_multiple(n);
  if iters == 1{
    println_i64(res);
    0
  }else {
    main_loop(iters - 1,n)
  }
}

def main(iters:i64,n:i64): i64{
  main_loop(iters, n)
}

INFO - got notification with method textDocument/didChange
INFO - loading text def smallest_multiple_rec(n:i64
def smallest_multiple(n:i64): i64{
  smallest_multiple_rec(n,0)
}

def main_loop(iters:i64,n:i64): i64{
  let res:i64 = smallest_multiple(n);
  if iters == 1{
    println_i64(res);
    0
  }else {
    main_loop(iters - 1,n)
  }
}

def main(iters:i64,n:i64): i64{
  main_loop(iters, n)
}

INFO - got notification with method textDocument/didChange
INFO - loading text def smallest_multiple_rec(n:i64,
def smallest_multiple(n:i64): i64{
  smallest_multiple_rec(n,0)
}

def main_loop(iters:i64,n:i64): i64{
  let res:i64 = smallest_multiple(n);
  if iters == 1{
    println_i64(res);
    0
  }else {
    main_loop(iters - 1,n)
  }
}

def main(iters:i64,n:i64): i64{
  main_loop(iters, n)
}

INFO - got notification with method textDocument/didChange
INFO - loading text def smallest_multiple_rec(n:i64,c
def smallest_multiple(n:i64): i64{
  smallest_multiple_rec(n,0)
}

def main_loop(iters:i64,n:i64): i64{
  let res:i64 = smallest_multiple(n);
  if iters == 1{
    println_i64(res);
    0
  }else {
    main_loop(iters - 1,n)
  }
}

def main(iters:i64,n:i64): i64{
  main_loop(iters, n)
}

INFO - got notification with method textDocument/didChange
INFO - loading text def smallest_multiple_rec(n:i64,cu
def smallest_multiple(n:i64): i64{
  smallest_multiple_rec(n,0)
}

def main_loop(iters:i64,n:i64): i64{
  let res:i64 = smallest_multiple(n);
  if iters == 1{
    println_i64(res);
    0
  }else {
    main_loop(iters - 1,n)
  }
}

def main(iters:i64,n:i64): i64{
  main_loop(iters, n)
}

INFO - got notification with method textDocument/didChange
INFO - loading text def smallest_multiple_rec(n:i64,curr
def smallest_multiple(n:i64): i64{
  smallest_multiple_rec(n,0)
}

def main_loop(iters:i64,n:i64): i64{
  let res:i64 = smallest_multiple(n);
  if iters == 1{
    println_i64(res);
    0
  }else {
    main_loop(iters - 1,n)
  }
}

def main(iters:i64,n:i64): i64{
  main_loop(iters, n)
}

INFO - got notification with method textDocument/didChange
INFO - loading text def smallest_multiple_rec(n:i64,curr:
def smallest_multiple(n:i64): i64{
  smallest_multiple_rec(n,0)
}

def main_loop(iters:i64,n:i64): i64{
  let res:i64 = smallest_multiple(n);
  if iters == 1{
    println_i64(res);
    0
  }else {
    main_loop(iters - 1,n)
  }
}

def main(iters:i64,n:i64): i64{
  main_loop(iters, n)
}

INFO - got notification with method textDocument/didChange
INFO - loading text def smallest_multiple_rec(n:i64,curr:i
def smallest_multiple(n:i64): i64{
  smallest_multiple_rec(n,0)
}

def main_loop(iters:i64,n:i64): i64{
  let res:i64 = smallest_multiple(n);
  if iters == 1{
    println_i64(res);
    0
  }else {
    main_loop(iters - 1,n)
  }
}

def main(iters:i64,n:i64): i64{
  main_loop(iters, n)
}

INFO - got notification with method textDocument/didChange
INFO - loading text def smallest_multiple_rec(n:i64,curr:i64
def smallest_multiple(n:i64): i64{
  smallest_multiple_rec(n,0)
}

def main_loop(iters:i64,n:i64): i64{
  let res:i64 = smallest_multiple(n);
  if iters == 1{
    println_i64(res);
    0
  }else {
    main_loop(iters - 1,n)
  }
}

def main(iters:i64,n:i64): i64{
  main_loop(iters, n)
}

INFO - got notification with method textDocument/didChange
INFO - loading text def smallest_multiple_rec(n:i64,curr:i64)
def smallest_multiple(n:i64): i64{
  smallest_multiple_rec(n,0)
}

def main_loop(iters:i64,n:i64): i64{
  let res:i64 = smallest_multiple(n);
  if iters == 1{
    println_i64(res);
    0
  }else {
    main_loop(iters - 1,n)
  }
}

def main(iters:i64,n:i64): i64{
  main_loop(iters, n)
}

INFO - got notification with method textDocument/didChange
INFO - loading text def smallest_multiple_rec(n:i64,curr:i64):
def smallest_multiple(n:i64): i64{
  smallest_multiple_rec(n,0)
}

def main_loop(iters:i64,n:i64): i64{
  let res:i64 = smallest_multiple(n);
  if iters == 1{
    println_i64(res);
    0
  }else {
    main_loop(iters - 1,n)
  }
}

def main(iters:i64,n:i64): i64{
  main_loop(iters, n)
}

INFO - got notification with method textDocument/didChange
INFO - loading text def smallest_multiple_rec(n:i64,curr:i64):i
def smallest_multiple(n:i64): i64{
  smallest_multiple_rec(n,0)
}

def main_loop(iters:i64,n:i64): i64{
  let res:i64 = smallest_multiple(n);
  if iters == 1{
    println_i64(res);
    0
  }else {
    main_loop(iters - 1,n)
  }
}

def main(iters:i64,n:i64): i64{
  main_loop(iters, n)
}

INFO - got notification with method textDocument/didChange
INFO - loading text def smallest_multiple_rec(n:i64,curr:i64):i64
def smallest_multiple(n:i64): i64{
  smallest_multiple_rec(n,0)
}

def main_loop(iters:i64,n:i64): i64{
  let res:i64 = smallest_multiple(n);
  if iters == 1{
    println_i64(res);
    0
  }else {
    main_loop(iters - 1,n)
  }
}

def main(iters:i64,n:i64): i64{
  main_loop(iters, n)
}

INFO - got notification with method textDocument/didChange
INFO - loading text def smallest_multiple_rec(n:i64,curr:i64):i64{
def smallest_multiple(n:i64): i64{
  smallest_multiple_rec(n,0)
}

def main_loop(iters:i64,n:i64): i64{
  let res:i64 = smallest_multiple(n);
  if iters == 1{
    println_i64(res);
    0
  }else {
    main_loop(iters - 1,n)
  }
}

def main(iters:i64,n:i64): i64{
  main_loop(iters, n)
}

INFO - got notification with method textDocument/didChange
INFO - loading text def smallest_multiple_rec(n:i64,curr:i64):i64{

def smallest_multiple(n:i64): i64{
  smallest_multiple_rec(n,0)
}

def main_loop(iters:i64,n:i64): i64{
  let res:i64 = smallest_multiple(n);
  if iters == 1{
    println_i64(res);
    0
  }else {
    main_loop(iters - 1,n)
  }
}

def main(iters:i64,n:i64): i64{
  main_loop(iters, n)
}

INFO - got notification with method textDocument/didChange
INFO - loading text def smallest_multiple_rec(n:i64,curr:i64):i64{
}
def smallest_multiple(n:i64): i64{
  smallest_multiple_rec(n,0)
}

def main_loop(iters:i64,n:i64): i64{
  let res:i64 = smallest_multiple(n);
  if iters == 1{
    println_i64(res);
    0
  }else {
    main_loop(iters - 1,n)
  }
}

def main(iters:i64,n:i64): i64{
  main_loop(iters, n)
}

INFO - got notification with method textDocument/didChange
INFO - loading text def smallest_multiple_rec(n:i64,curr:i64):i64{
}

def smallest_multiple(n:i64): i64{
  smallest_multiple_rec(n,0)
}

def main_loop(iters:i64,n:i64): i64{
  let res:i64 = smallest_multiple(n);
  if iters == 1{
    println_i64(res);
    0
  }else {
    main_loop(iters - 1,n)
  }
}

def main(iters:i64,n:i64): i64{
  main_loop(iters, n)
}

INFO - got notification with method textDocument/didChange
INFO - loading text def smallest_multiple_rec(n:i64,curr:i64):i64{

}

def smallest_multiple(n:i64): i64{
  smallest_multiple_rec(n,0)
}

def main_loop(iters:i64,n:i64): i64{
  let res:i64 = smallest_multiple(n);
  if iters == 1{
    println_i64(res);
    0
  }else {
    main_loop(iters - 1,n)
  }
}

def main(iters:i64,n:i64): i64{
  main_loop(iters, n)
}

INFO - got notification with method textDocument/didChange
INFO - loading text def smallest_multiple_rec(n:i64,curr:i64):i64{

}

def smallest_multiple(n:i64): i64{
  smallest_multiple_rec(n,0)
}

def main_loop(iters:i64,n:i64): i64{
  let res:i64 = smallest_multiple(n);
  if iters == 1{
    println_i64(res);
    0
  }else {
    main_loop(iters - 1,n)
  }
}

def main(iters:i64,n:i64): i64{
  main_loop(iters, n)
}

INFO - got notification with method textDocument/didChange
INFO - loading text def smallest_multiple_rec(n:i64,curr:i64):i64{
}

def smallest_multiple(n:i64): i64{
  smallest_multiple_rec(n,0)
}

def main_loop(iters:i64,n:i64): i64{
  let res:i64 = smallest_multiple(n);
  if iters == 1{
    println_i64(res);
    0
  }else {
    main_loop(iters - 1,n)
  }
}

def main(iters:i64,n:i64): i64{
  main_loop(iters, n)
}

INFO - got notification with method textDocument/didChange
INFO - loading text def smallest_multiple_rec(n:i64,curr:i64):i64{

}

def smallest_multiple(n:i64): i64{
  smallest_multiple_rec(n,0)
}

def main_loop(iters:i64,n:i64): i64{
  let res:i64 = smallest_multiple(n);
  if iters == 1{
    println_i64(res);
    0
  }else {
    main_loop(iters - 1,n)
  }
}

def main(iters:i64,n:i64): i64{
  main_loop(iters, n)
}

INFO - got notification with method textDocument/didChange
INFO - loading text def smallest_multiple_rec(n:i64,curr:i64):i64{
 
}

def smallest_multiple(n:i64): i64{
  smallest_multiple_rec(n,0)
}

def main_loop(iters:i64,n:i64): i64{
  let res:i64 = smallest_multiple(n);
  if iters == 1{
    println_i64(res);
    0
  }else {
    main_loop(iters - 1,n)
  }
}

def main(iters:i64,n:i64): i64{
  main_loop(iters, n)
}

INFO - got notification with method textDocument/didChange
INFO - loading text def smallest_multiple_rec(n:i64,curr:i64):i64{
  
}

def smallest_multiple(n:i64): i64{
  smallest_multiple_rec(n,0)
}

def main_loop(iters:i64,n:i64): i64{
  let res:i64 = smallest_multiple(n);
  if iters == 1{
    println_i64(res);
    0
  }else {
    main_loop(iters - 1,n)
  }
}

def main(iters:i64,n:i64): i64{
  main_loop(iters, n)
}

INFO - got notification with method textDocument/didChange
INFO - loading text def smallest_multiple_rec(n:i64,curr:i64):i64{
  a
}

def smallest_multiple(n:i64): i64{
  smallest_multiple_rec(n,0)
}

def main_loop(iters:i64,n:i64): i64{
  let res:i64 = smallest_multiple(n);
  if iters == 1{
    println_i64(res);
    0
  }else {
    main_loop(iters - 1,n)
  }
}

def main(iters:i64,n:i64): i64{
  main_loop(iters, n)
}

INFO - got notification with method textDocument/didChange
INFO - loading text def smallest_multiple_rec(n:i64,curr:i64):i64{
  al
}

def smallest_multiple(n:i64): i64{
  smallest_multiple_rec(n,0)
}

def main_loop(iters:i64,n:i64): i64{
  let res:i64 = smallest_multiple(n);
  if iters == 1{
    println_i64(res);
    0
  }else {
    main_loop(iters - 1,n)
  }
}

def main(iters:i64,n:i64): i64{
  main_loop(iters, n)
}

INFO - got notification with method textDocument/didChange
INFO - loading text def smallest_multiple_rec(n:i64,curr:i64):i64{
  all
}

def smallest_multiple(n:i64): i64{
  smallest_multiple_rec(n,0)
}

def main_loop(iters:i64,n:i64): i64{
  let res:i64 = smallest_multiple(n);
  if iters == 1{
    println_i64(res);
    0
  }else {
    main_loop(iters - 1,n)
  }
}

def main(iters:i64,n:i64): i64{
  main_loop(iters, n)
}

INFO - got notification with method textDocument/didChange
INFO - loading text def smallest_multiple_rec(n:i64,curr:i64):i64{
  all_
}

def smallest_multiple(n:i64): i64{
  smallest_multiple_rec(n,0)
}

def main_loop(iters:i64,n:i64): i64{
  let res:i64 = smallest_multiple(n);
  if iters == 1{
    println_i64(res);
    0
  }else {
    main_loop(iters - 1,n)
  }
}

def main(iters:i64,n:i64): i64{
  main_loop(iters, n)
}

INFO - got notification with method textDocument/didChange
INFO - loading text def smallest_multiple_rec(n:i64,curr:i64):i64{
  all_d
}

def smallest_multiple(n:i64): i64{
  smallest_multiple_rec(n,0)
}

def main_loop(iters:i64,n:i64): i64{
  let res:i64 = smallest_multiple(n);
  if iters == 1{
    println_i64(res);
    0
  }else {
    main_loop(iters - 1,n)
  }
}

def main(iters:i64,n:i64): i64{
  main_loop(iters, n)
}

INFO - got notification with method textDocument/didChange
INFO - loading text def smallest_multiple_rec(n:i64,curr:i64):i64{
  all_div
}

def smallest_multiple(n:i64): i64{
  smallest_multiple_rec(n,0)
}

def main_loop(iters:i64,n:i64): i64{
  let res:i64 = smallest_multiple(n);
  if iters == 1{
    println_i64(res);
    0
  }else {
    main_loop(iters - 1,n)
  }
}

def main(iters:i64,n:i64): i64{
  main_loop(iters, n)
}

INFO - got notification with method textDocument/didChange
INFO - loading text def smallest_multiple_rec(n:i64,curr:i64):i64{
  all_divi
}

def smallest_multiple(n:i64): i64{
  smallest_multiple_rec(n,0)
}

def main_loop(iters:i64,n:i64): i64{
  let res:i64 = smallest_multiple(n);
  if iters == 1{
    println_i64(res);
    0
  }else {
    main_loop(iters - 1,n)
  }
}

def main(iters:i64,n:i64): i64{
  main_loop(iters, n)
}

INFO - got notification with method textDocument/didChange
INFO - loading text def smallest_multiple_rec(n:i64,curr:i64):i64{
  all_divid
}

def smallest_multiple(n:i64): i64{
  smallest_multiple_rec(n,0)
}

def main_loop(iters:i64,n:i64): i64{
  let res:i64 = smallest_multiple(n);
  if iters == 1{
    println_i64(res);
    0
  }else {
    main_loop(iters - 1,n)
  }
}

def main(iters:i64,n:i64): i64{
  main_loop(iters, n)
}

INFO - got notification with method textDocument/didChange
INFO - loading text def smallest_multiple_rec(n:i64,curr:i64):i64{
  all_divide
}

def smallest_multiple(n:i64): i64{
  smallest_multiple_rec(n,0)
}

def main_loop(iters:i64,n:i64): i64{
  let res:i64 = smallest_multiple(n);
  if iters == 1{
    println_i64(res);
    0
  }else {
    main_loop(iters - 1,n)
  }
}

def main(iters:i64,n:i64): i64{
  main_loop(iters, n)
}

INFO - got notification with method textDocument/didChange
INFO - loading text def smallest_multiple_rec(n:i64,curr:i64):i64{
  all_divides
}

def smallest_multiple(n:i64): i64{
  smallest_multiple_rec(n,0)
}

def main_loop(iters:i64,n:i64): i64{
  let res:i64 = smallest_multiple(n);
  if iters == 1{
    println_i64(res);
    0
  }else {
    main_loop(iters - 1,n)
  }
}

def main(iters:i64,n:i64): i64{
  main_loop(iters, n)
}

INFO - got notification with method textDocument/didChange
INFO - loading text def smallest_multiple_rec(n:i64,curr:i64):i64{
  all_divides(
}

def smallest_multiple(n:i64): i64{
  smallest_multiple_rec(n,0)
}

def main_loop(iters:i64,n:i64): i64{
  let res:i64 = smallest_multiple(n);
  if iters == 1{
    println_i64(res);
    0
  }else {
    main_loop(iters - 1,n)
  }
}

def main(iters:i64,n:i64): i64{
  main_loop(iters, n)
}

INFO - got notification with method textDocument/didChange
INFO - loading text def smallest_multiple_rec(n:i64,curr:i64):i64{
  all_divides(n
}

def smallest_multiple(n:i64): i64{
  smallest_multiple_rec(n,0)
}

def main_loop(iters:i64,n:i64): i64{
  let res:i64 = smallest_multiple(n);
  if iters == 1{
    println_i64(res);
    0
  }else {
    main_loop(iters - 1,n)
  }
}

def main(iters:i64,n:i64): i64{
  main_loop(iters, n)
}

INFO - got notification with method textDocument/didChange
INFO - loading text def smallest_multiple_rec(n:i64,curr:i64):i64{
  all_divides(n,
}

def smallest_multiple(n:i64): i64{
  smallest_multiple_rec(n,0)
}

def main_loop(iters:i64,n:i64): i64{
  let res:i64 = smallest_multiple(n);
  if iters == 1{
    println_i64(res);
    0
  }else {
    main_loop(iters - 1,n)
  }
}

def main(iters:i64,n:i64): i64{
  main_loop(iters, n)
}

INFO - got notification with method textDocument/didChange
INFO - loading text def smallest_multiple_rec(n:i64,curr:i64):i64{
  all_divides(n,c
}

def smallest_multiple(n:i64): i64{
  smallest_multiple_rec(n,0)
}

def main_loop(iters:i64,n:i64): i64{
  let res:i64 = smallest_multiple(n);
  if iters == 1{
    println_i64(res);
    0
  }else {
    main_loop(iters - 1,n)
  }
}

def main(iters:i64,n:i64): i64{
  main_loop(iters, n)
}

INFO - got notification with method textDocument/didChange
INFO - loading text def smallest_multiple_rec(n:i64,curr:i64):i64{
  all_divides(n,cu
}

def smallest_multiple(n:i64): i64{
  smallest_multiple_rec(n,0)
}

def main_loop(iters:i64,n:i64): i64{
  let res:i64 = smallest_multiple(n);
  if iters == 1{
    println_i64(res);
    0
  }else {
    main_loop(iters - 1,n)
  }
}

def main(iters:i64,n:i64): i64{
  main_loop(iters, n)
}

INFO - got notification with method textDocument/didChange
INFO - loading text def smallest_multiple_rec(n:i64,curr:i64):i64{
  all_divides(n,curr
}

def smallest_multiple(n:i64): i64{
  smallest_multiple_rec(n,0)
}

def main_loop(iters:i64,n:i64): i64{
  let res:i64 = smallest_multiple(n);
  if iters == 1{
    println_i64(res);
    0
  }else {
    main_loop(iters - 1,n)
  }
}

def main(iters:i64,n:i64): i64{
  main_loop(iters, n)
}

INFO - got notification with method textDocument/didChange
INFO - loading text def smallest_multiple_rec(n:i64,curr:i64):i64{
  all_divides(n,curr)
}

def smallest_multiple(n:i64): i64{
  smallest_multiple_rec(n,0)
}

def main_loop(iters:i64,n:i64): i64{
  let res:i64 = smallest_multiple(n);
  if iters == 1{
    println_i64(res);
    0
  }else {
    main_loop(iters - 1,n)
  }
}

def main(iters:i64,n:i64): i64{
  main_loop(iters, n)
}

INFO - got notification with method textDocument/didChange
INFO - loading text def smallest_multiple_rec(n:i64,curr:i64):i64{
  all_divides(n,curr).
}

def smallest_multiple(n:i64): i64{
  smallest_multiple_rec(n,0)
}

def main_loop(iters:i64,n:i64): i64{
  let res:i64 = smallest_multiple(n);
  if iters == 1{
    println_i64(res);
    0
  }else {
    main_loop(iters - 1,n)
  }
}

def main(iters:i64,n:i64): i64{
  main_loop(iters, n)
}

INFO - got notification with method textDocument/didChange
INFO - loading text def smallest_multiple_rec(n:i64,curr:i64):i64{
  all_divides(n,curr).c
}

def smallest_multiple(n:i64): i64{
  smallest_multiple_rec(n,0)
}

def main_loop(iters:i64,n:i64): i64{
  let res:i64 = smallest_multiple(n);
  if iters == 1{
    println_i64(res);
    0
  }else {
    main_loop(iters - 1,n)
  }
}

def main(iters:i64,n:i64): i64{
  main_loop(iters, n)
}

INFO - got notification with method textDocument/didChange
INFO - loading text def smallest_multiple_rec(n:i64,curr:i64):i64{
  all_divides(n,curr).ca
}

def smallest_multiple(n:i64): i64{
  smallest_multiple_rec(n,0)
}

def main_loop(iters:i64,n:i64): i64{
  let res:i64 = smallest_multiple(n);
  if iters == 1{
    println_i64(res);
    0
  }else {
    main_loop(iters - 1,n)
  }
}

def main(iters:i64,n:i64): i64{
  main_loop(iters, n)
}

INFO - got notification with method textDocument/didChange
INFO - loading text def smallest_multiple_rec(n:i64,curr:i64):i64{
  all_divides(n,curr).case
}

def smallest_multiple(n:i64): i64{
  smallest_multiple_rec(n,0)
}

def main_loop(iters:i64,n:i64): i64{
  let res:i64 = smallest_multiple(n);
  if iters == 1{
    println_i64(res);
    0
  }else {
    main_loop(iters - 1,n)
  }
}

def main(iters:i64,n:i64): i64{
  main_loop(iters, n)
}

INFO - got notification with method textDocument/didChange
INFO - loading text def smallest_multiple_rec(n:i64,curr:i64):i64{
  all_divides(n,curr).case{
}

def smallest_multiple(n:i64): i64{
  smallest_multiple_rec(n,0)
}

def main_loop(iters:i64,n:i64): i64{
  let res:i64 = smallest_multiple(n);
  if iters == 1{
    println_i64(res);
    0
  }else {
    main_loop(iters - 1,n)
  }
}

def main(iters:i64,n:i64): i64{
  main_loop(iters, n)
}

INFO - got notification with method textDocument/didChange
INFO - loading text def smallest_multiple_rec(n:i64,curr:i64):i64{
  all_divides(n,curr).case{
  
}

def smallest_multiple(n:i64): i64{
  smallest_multiple_rec(n,0)
}

def main_loop(iters:i64,n:i64): i64{
  let res:i64 = smallest_multiple(n);
  if iters == 1{
    println_i64(res);
    0
  }else {
    main_loop(iters - 1,n)
  }
}

def main(iters:i64,n:i64): i64{
  main_loop(iters, n)
}

INFO - got notification with method textDocument/didChange
INFO - loading text def smallest_multiple_rec(n:i64,curr:i64):i64{
  all_divides(n,curr).case{
    
}

def smallest_multiple(n:i64): i64{
  smallest_multiple_rec(n,0)
}

def main_loop(iters:i64,n:i64): i64{
  let res:i64 = smallest_multiple(n);
  if iters == 1{
    println_i64(res);
    0
  }else {
    main_loop(iters - 1,n)
  }
}

def main(iters:i64,n:i64): i64{
  main_loop(iters, n)
}

INFO - got notification with method textDocument/didChange
INFO - loading text def smallest_multiple_rec(n:i64,curr:i64):i64{
  all_divides(n,curr).case{
    T
}

def smallest_multiple(n:i64): i64{
  smallest_multiple_rec(n,0)
}

def main_loop(iters:i64,n:i64): i64{
  let res:i64 = smallest_multiple(n);
  if iters == 1{
    println_i64(res);
    0
  }else {
    main_loop(iters - 1,n)
  }
}

def main(iters:i64,n:i64): i64{
  main_loop(iters, n)
}

INFO - got notification with method textDocument/didChange
INFO - loading text def smallest_multiple_rec(n:i64,curr:i64):i64{
  all_divides(n,curr).case{
    Tr
}

def smallest_multiple(n:i64): i64{
  smallest_multiple_rec(n,0)
}

def main_loop(iters:i64,n:i64): i64{
  let res:i64 = smallest_multiple(n);
  if iters == 1{
    println_i64(res);
    0
  }else {
    main_loop(iters - 1,n)
  }
}

def main(iters:i64,n:i64): i64{
  main_loop(iters, n)
}

INFO - got notification with method textDocument/didChange
INFO - loading text def smallest_multiple_rec(n:i64,curr:i64):i64{
  all_divides(n,curr).case{
    True
}

def smallest_multiple(n:i64): i64{
  smallest_multiple_rec(n,0)
}

def main_loop(iters:i64,n:i64): i64{
  let res:i64 = smallest_multiple(n);
  if iters == 1{
    println_i64(res);
    0
  }else {
    main_loop(iters - 1,n)
  }
}

def main(iters:i64,n:i64): i64{
  main_loop(iters, n)
}

INFO - got notification with method textDocument/didChange
INFO - loading text def smallest_multiple_rec(n:i64,curr:i64):i64{
  all_divides(n,curr).case{
    True 
}

def smallest_multiple(n:i64): i64{
  smallest_multiple_rec(n,0)
}

def main_loop(iters:i64,n:i64): i64{
  let res:i64 = smallest_multiple(n);
  if iters == 1{
    println_i64(res);
    0
  }else {
    main_loop(iters - 1,n)
  }
}

def main(iters:i64,n:i64): i64{
  main_loop(iters, n)
}

INFO - got notification with method textDocument/didChange
INFO - loading text def smallest_multiple_rec(n:i64,curr:i64):i64{
  all_divides(n,curr).case{
    True =
}

def smallest_multiple(n:i64): i64{
  smallest_multiple_rec(n,0)
}

def main_loop(iters:i64,n:i64): i64{
  let res:i64 = smallest_multiple(n);
  if iters == 1{
    println_i64(res);
    0
  }else {
    main_loop(iters - 1,n)
  }
}

def main(iters:i64,n:i64): i64{
  main_loop(iters, n)
}

INFO - got notification with method textDocument/didChange
INFO - loading text def smallest_multiple_rec(n:i64,curr:i64):i64{
  all_divides(n,curr).case{
    True =>
}

def smallest_multiple(n:i64): i64{
  smallest_multiple_rec(n,0)
}

def main_loop(iters:i64,n:i64): i64{
  let res:i64 = smallest_multiple(n);
  if iters == 1{
    println_i64(res);
    0
  }else {
    main_loop(iters - 1,n)
  }
}

def main(iters:i64,n:i64): i64{
  main_loop(iters, n)
}

INFO - got notification with method textDocument/didChange
INFO - loading text def smallest_multiple_rec(n:i64,curr:i64):i64{
  all_divides(n,curr).case{
    True => 
}

def smallest_multiple(n:i64): i64{
  smallest_multiple_rec(n,0)
}

def main_loop(iters:i64,n:i64): i64{
  let res:i64 = smallest_multiple(n);
  if iters == 1{
    println_i64(res);
    0
  }else {
    main_loop(iters - 1,n)
  }
}

def main(iters:i64,n:i64): i64{
  main_loop(iters, n)
}

INFO - got notification with method textDocument/didChange
INFO - loading text def smallest_multiple_rec(n:i64,curr:i64):i64{
  all_divides(n,curr).case{
    True => c
}

def smallest_multiple(n:i64): i64{
  smallest_multiple_rec(n,0)
}

def main_loop(iters:i64,n:i64): i64{
  let res:i64 = smallest_multiple(n);
  if iters == 1{
    println_i64(res);
    0
  }else {
    main_loop(iters - 1,n)
  }
}

def main(iters:i64,n:i64): i64{
  main_loop(iters, n)
}

INFO - got notification with method textDocument/didChange
INFO - loading text def smallest_multiple_rec(n:i64,curr:i64):i64{
  all_divides(n,curr).case{
    True => cu
}

def smallest_multiple(n:i64): i64{
  smallest_multiple_rec(n,0)
}

def main_loop(iters:i64,n:i64): i64{
  let res:i64 = smallest_multiple(n);
  if iters == 1{
    println_i64(res);
    0
  }else {
    main_loop(iters - 1,n)
  }
}

def main(iters:i64,n:i64): i64{
  main_loop(iters, n)
}

INFO - got notification with method textDocument/didChange
INFO - loading text def smallest_multiple_rec(n:i64,curr:i64):i64{
  all_divides(n,curr).case{
    True => curr
}

def smallest_multiple(n:i64): i64{
  smallest_multiple_rec(n,0)
}

def main_loop(iters:i64,n:i64): i64{
  let res:i64 = smallest_multiple(n);
  if iters == 1{
    println_i64(res);
    0
  }else {
    main_loop(iters - 1,n)
  }
}

def main(iters:i64,n:i64): i64{
  main_loop(iters, n)
}

INFO - got notification with method textDocument/didChange
INFO - loading text def smallest_multiple_rec(n:i64,curr:i64):i64{
  all_divides(n,curr).case{
    True => curr,
}

def smallest_multiple(n:i64): i64{
  smallest_multiple_rec(n,0)
}

def main_loop(iters:i64,n:i64): i64{
  let res:i64 = smallest_multiple(n);
  if iters == 1{
    println_i64(res);
    0
  }else {
    main_loop(iters - 1,n)
  }
}

def main(iters:i64,n:i64): i64{
  main_loop(iters, n)
}

INFO - got notification with method textDocument/didChange
INFO - loading text def smallest_multiple_rec(n:i64,curr:i64):i64{
  all_divides(n,curr).case{
    True => curr,
    
}

def smallest_multiple(n:i64): i64{
  smallest_multiple_rec(n,0)
}

def main_loop(iters:i64,n:i64): i64{
  let res:i64 = smallest_multiple(n);
  if iters == 1{
    println_i64(res);
    0
  }else {
    main_loop(iters - 1,n)
  }
}

def main(iters:i64,n:i64): i64{
  main_loop(iters, n)
}

INFO - got notification with method textDocument/didChange
INFO - loading text def smallest_multiple_rec(n:i64,curr:i64):i64{
  all_divides(n,curr).case{
    True => curr,
    F
}

def smallest_multiple(n:i64): i64{
  smallest_multiple_rec(n,0)
}

def main_loop(iters:i64,n:i64): i64{
  let res:i64 = smallest_multiple(n);
  if iters == 1{
    println_i64(res);
    0
  }else {
    main_loop(iters - 1,n)
  }
}

def main(iters:i64,n:i64): i64{
  main_loop(iters, n)
}

INFO - got notification with method textDocument/didChange
INFO - loading text def smallest_multiple_rec(n:i64,curr:i64):i64{
  all_divides(n,curr).case{
    True => curr,
    Fa
}

def smallest_multiple(n:i64): i64{
  smallest_multiple_rec(n,0)
}

def main_loop(iters:i64,n:i64): i64{
  let res:i64 = smallest_multiple(n);
  if iters == 1{
    println_i64(res);
    0
  }else {
    main_loop(iters - 1,n)
  }
}

def main(iters:i64,n:i64): i64{
  main_loop(iters, n)
}

INFO - got notification with method textDocument/didChange
INFO - loading text def smallest_multiple_rec(n:i64,curr:i64):i64{
  all_divides(n,curr).case{
    True => curr,
    Fals
}

def smallest_multiple(n:i64): i64{
  smallest_multiple_rec(n,0)
}

def main_loop(iters:i64,n:i64): i64{
  let res:i64 = smallest_multiple(n);
  if iters == 1{
    println_i64(res);
    0
  }else {
    main_loop(iters - 1,n)
  }
}

def main(iters:i64,n:i64): i64{
  main_loop(iters, n)
}

INFO - got notification with method textDocument/didChange
INFO - loading text def smallest_multiple_rec(n:i64,curr:i64):i64{
  all_divides(n,curr).case{
    True => curr,
    False
}

def smallest_multiple(n:i64): i64{
  smallest_multiple_rec(n,0)
}

def main_loop(iters:i64,n:i64): i64{
  let res:i64 = smallest_multiple(n);
  if iters == 1{
    println_i64(res);
    0
  }else {
    main_loop(iters - 1,n)
  }
}

def main(iters:i64,n:i64): i64{
  main_loop(iters, n)
}

INFO - got notification with method textDocument/didChange
INFO - loading text def smallest_multiple_rec(n:i64,curr:i64):i64{
  all_divides(n,curr).case{
    True => curr,
    False =
}

def smallest_multiple(n:i64): i64{
  smallest_multiple_rec(n,0)
}

def main_loop(iters:i64,n:i64): i64{
  let res:i64 = smallest_multiple(n);
  if iters == 1{
    println_i64(res);
    0
  }else {
    main_loop(iters - 1,n)
  }
}

def main(iters:i64,n:i64): i64{
  main_loop(iters, n)
}

INFO - got notification with method textDocument/didChange
INFO - loading text def smallest_multiple_rec(n:i64,curr:i64):i64{
  all_divides(n,curr).case{
    True => curr,
    False =>
}

def smallest_multiple(n:i64): i64{
  smallest_multiple_rec(n,0)
}

def main_loop(iters:i64,n:i64): i64{
  let res:i64 = smallest_multiple(n);
  if iters == 1{
    println_i64(res);
    0
  }else {
    main_loop(iters - 1,n)
  }
}

def main(iters:i64,n:i64): i64{
  main_loop(iters, n)
}

INFO - got notification with method textDocument/didChange
INFO - loading text def smallest_multiple_rec(n:i64,curr:i64):i64{
  all_divides(n,curr).case{
    True => curr,
    False => 
}

def smallest_multiple(n:i64): i64{
  smallest_multiple_rec(n,0)
}

def main_loop(iters:i64,n:i64): i64{
  let res:i64 = smallest_multiple(n);
  if iters == 1{
    println_i64(res);
    0
  }else {
    main_loop(iters - 1,n)
  }
}

def main(iters:i64,n:i64): i64{
  main_loop(iters, n)
}

INFO - got notification with method textDocument/didChange
INFO - loading text def smallest_multiple_rec(n:i64,curr:i64):i64{
  all_divides(n,curr).case{
    True => curr,
    False => s
}

def smallest_multiple(n:i64): i64{
  smallest_multiple_rec(n,0)
}

def main_loop(iters:i64,n:i64): i64{
  let res:i64 = smallest_multiple(n);
  if iters == 1{
    println_i64(res);
    0
  }else {
    main_loop(iters - 1,n)
  }
}

def main(iters:i64,n:i64): i64{
  main_loop(iters, n)
}

INFO - got notification with method textDocument/didChange
INFO - loading text def smallest_multiple_rec(n:i64,curr:i64):i64{
  all_divides(n,curr).case{
    True => curr,
    False => sm
}

def smallest_multiple(n:i64): i64{
  smallest_multiple_rec(n,0)
}

def main_loop(iters:i64,n:i64): i64{
  let res:i64 = smallest_multiple(n);
  if iters == 1{
    println_i64(res);
    0
  }else {
    main_loop(iters - 1,n)
  }
}

def main(iters:i64,n:i64): i64{
  main_loop(iters, n)
}

INFO - got notification with method textDocument/didChange
INFO - loading text def smallest_multiple_rec(n:i64,curr:i64):i64{
  all_divides(n,curr).case{
    True => curr,
    False => sma
}

def smallest_multiple(n:i64): i64{
  smallest_multiple_rec(n,0)
}

def main_loop(iters:i64,n:i64): i64{
  let res:i64 = smallest_multiple(n);
  if iters == 1{
    println_i64(res);
    0
  }else {
    main_loop(iters - 1,n)
  }
}

def main(iters:i64,n:i64): i64{
  main_loop(iters, n)
}

INFO - got notification with method textDocument/didChange
INFO - loading text def smallest_multiple_rec(n:i64,curr:i64):i64{
  all_divides(n,curr).case{
    True => curr,
    False => smal
}

def smallest_multiple(n:i64): i64{
  smallest_multiple_rec(n,0)
}

def main_loop(iters:i64,n:i64): i64{
  let res:i64 = smallest_multiple(n);
  if iters == 1{
    println_i64(res);
    0
  }else {
    main_loop(iters - 1,n)
  }
}

def main(iters:i64,n:i64): i64{
  main_loop(iters, n)
}

INFO - got notification with method textDocument/didChange
INFO - loading text def smallest_multiple_rec(n:i64,curr:i64):i64{
  all_divides(n,curr).case{
    True => curr,
    False => small
}

def smallest_multiple(n:i64): i64{
  smallest_multiple_rec(n,0)
}

def main_loop(iters:i64,n:i64): i64{
  let res:i64 = smallest_multiple(n);
  if iters == 1{
    println_i64(res);
    0
  }else {
    main_loop(iters - 1,n)
  }
}

def main(iters:i64,n:i64): i64{
  main_loop(iters, n)
}

INFO - got notification with method textDocument/didChange
INFO - loading text def smallest_multiple_rec(n:i64,curr:i64):i64{
  all_divides(n,curr).case{
    True => curr,
    False => smalles
}

def smallest_multiple(n:i64): i64{
  smallest_multiple_rec(n,0)
}

def main_loop(iters:i64,n:i64): i64{
  let res:i64 = smallest_multiple(n);
  if iters == 1{
    println_i64(res);
    0
  }else {
    main_loop(iters - 1,n)
  }
}

def main(iters:i64,n:i64): i64{
  main_loop(iters, n)
}

INFO - got notification with method textDocument/didChange
INFO - loading text def smallest_multiple_rec(n:i64,curr:i64):i64{
  all_divides(n,curr).case{
    True => curr,
    False => smallest
}

def smallest_multiple(n:i64): i64{
  smallest_multiple_rec(n,0)
}

def main_loop(iters:i64,n:i64): i64{
  let res:i64 = smallest_multiple(n);
  if iters == 1{
    println_i64(res);
    0
  }else {
    main_loop(iters - 1,n)
  }
}

def main(iters:i64,n:i64): i64{
  main_loop(iters, n)
}

INFO - got notification with method textDocument/didChange
INFO - loading text def smallest_multiple_rec(n:i64,curr:i64):i64{
  all_divides(n,curr).case{
    True => curr,
    False => smallest_
}

def smallest_multiple(n:i64): i64{
  smallest_multiple_rec(n,0)
}

def main_loop(iters:i64,n:i64): i64{
  let res:i64 = smallest_multiple(n);
  if iters == 1{
    println_i64(res);
    0
  }else {
    main_loop(iters - 1,n)
  }
}

def main(iters:i64,n:i64): i64{
  main_loop(iters, n)
}

INFO - got notification with method textDocument/didChange
INFO - loading text def smallest_multiple_rec(n:i64,curr:i64):i64{
  all_divides(n,curr).case{
    True => curr,
    False => smallest_m
}

def smallest_multiple(n:i64): i64{
  smallest_multiple_rec(n,0)
}

def main_loop(iters:i64,n:i64): i64{
  let res:i64 = smallest_multiple(n);
  if iters == 1{
    println_i64(res);
    0
  }else {
    main_loop(iters - 1,n)
  }
}

def main(iters:i64,n:i64): i64{
  main_loop(iters, n)
}

INFO - got notification with method textDocument/didChange
INFO - loading text def smallest_multiple_rec(n:i64,curr:i64):i64{
  all_divides(n,curr).case{
    True => curr,
    False => smallest_mul
}

def smallest_multiple(n:i64): i64{
  smallest_multiple_rec(n,0)
}

def main_loop(iters:i64,n:i64): i64{
  let res:i64 = smallest_multiple(n);
  if iters == 1{
    println_i64(res);
    0
  }else {
    main_loop(iters - 1,n)
  }
}

def main(iters:i64,n:i64): i64{
  main_loop(iters, n)
}

INFO - got notification with method textDocument/didChange
INFO - loading text def smallest_multiple_rec(n:i64,curr:i64):i64{
  all_divides(n,curr).case{
    True => curr,
    False => smallest_mult
}

def smallest_multiple(n:i64): i64{
  smallest_multiple_rec(n,0)
}

def main_loop(iters:i64,n:i64): i64{
  let res:i64 = smallest_multiple(n);
  if iters == 1{
    println_i64(res);
    0
  }else {
    main_loop(iters - 1,n)
  }
}

def main(iters:i64,n:i64): i64{
  main_loop(iters, n)
}

INFO - got notification with method textDocument/didChange
INFO - loading text def smallest_multiple_rec(n:i64,curr:i64):i64{
  all_divides(n,curr).case{
    True => curr,
    False => smallest_multip
}

def smallest_multiple(n:i64): i64{
  smallest_multiple_rec(n,0)
}

def main_loop(iters:i64,n:i64): i64{
  let res:i64 = smallest_multiple(n);
  if iters == 1{
    println_i64(res);
    0
  }else {
    main_loop(iters - 1,n)
  }
}

def main(iters:i64,n:i64): i64{
  main_loop(iters, n)
}

INFO - got notification with method textDocument/didChange
INFO - loading text def smallest_multiple_rec(n:i64,curr:i64):i64{
  all_divides(n,curr).case{
    True => curr,
    False => smallest_multipl
}

def smallest_multiple(n:i64): i64{
  smallest_multiple_rec(n,0)
}

def main_loop(iters:i64,n:i64): i64{
  let res:i64 = smallest_multiple(n);
  if iters == 1{
    println_i64(res);
    0
  }else {
    main_loop(iters - 1,n)
  }
}

def main(iters:i64,n:i64): i64{
  main_loop(iters, n)
}

INFO - got notification with method textDocument/didChange
INFO - loading text def smallest_multiple_rec(n:i64,curr:i64):i64{
  all_divides(n,curr).case{
    True => curr,
    False => smallest_multiple
}

def smallest_multiple(n:i64): i64{
  smallest_multiple_rec(n,0)
}

def main_loop(iters:i64,n:i64): i64{
  let res:i64 = smallest_multiple(n);
  if iters == 1{
    println_i64(res);
    0
  }else {
    main_loop(iters - 1,n)
  }
}

def main(iters:i64,n:i64): i64{
  main_loop(iters, n)
}

INFO - got notification with method textDocument/didChange
INFO - loading text def smallest_multiple_rec(n:i64,curr:i64):i64{
  all_divides(n,curr).case{
    True => curr,
    False => smallest_multiple_
}

def smallest_multiple(n:i64): i64{
  smallest_multiple_rec(n,0)
}

def main_loop(iters:i64,n:i64): i64{
  let res:i64 = smallest_multiple(n);
  if iters == 1{
    println_i64(res);
    0
  }else {
    main_loop(iters - 1,n)
  }
}

def main(iters:i64,n:i64): i64{
  main_loop(iters, n)
}

INFO - got notification with method textDocument/didChange
INFO - loading text def smallest_multiple_rec(n:i64,curr:i64):i64{
  all_divides(n,curr).case{
    True => curr,
    False => smallest_multiple_re
}

def smallest_multiple(n:i64): i64{
  smallest_multiple_rec(n,0)
}

def main_loop(iters:i64,n:i64): i64{
  let res:i64 = smallest_multiple(n);
  if iters == 1{
    println_i64(res);
    0
  }else {
    main_loop(iters - 1,n)
  }
}

def main(iters:i64,n:i64): i64{
  main_loop(iters, n)
}

INFO - got notification with method textDocument/didChange
INFO - loading text def smallest_multiple_rec(n:i64,curr:i64):i64{
  all_divides(n,curr).case{
    True => curr,
    False => smallest_multiple_r
}

def smallest_multiple(n:i64): i64{
  smallest_multiple_rec(n,0)
}

def main_loop(iters:i64,n:i64): i64{
  let res:i64 = smallest_multiple(n);
  if iters == 1{
    println_i64(res);
    0
  }else {
    main_loop(iters - 1,n)
  }
}

def main(iters:i64,n:i64): i64{
  main_loop(iters, n)
}

INFO - got notification with method textDocument/didChange
INFO - loading text def smallest_multiple_rec(n:i64,curr:i64):i64{
  all_divides(n,curr).case{
    True => curr,
    False => smallest_multiple_re
}

def smallest_multiple(n:i64): i64{
  smallest_multiple_rec(n,0)
}

def main_loop(iters:i64,n:i64): i64{
  let res:i64 = smallest_multiple(n);
  if iters == 1{
    println_i64(res);
    0
  }else {
    main_loop(iters - 1,n)
  }
}

def main(iters:i64,n:i64): i64{
  main_loop(iters, n)
}

INFO - got notification with method textDocument/didChange
INFO - loading text def smallest_multiple_rec(n:i64,curr:i64):i64{
  all_divides(n,curr).case{
    True => curr,
    False => smallest_multiple_rec
}

def smallest_multiple(n:i64): i64{
  smallest_multiple_rec(n,0)
}

def main_loop(iters:i64,n:i64): i64{
  let res:i64 = smallest_multiple(n);
  if iters == 1{
    println_i64(res);
    0
  }else {
    main_loop(iters - 1,n)
  }
}

def main(iters:i64,n:i64): i64{
  main_loop(iters, n)
}

INFO - got notification with method textDocument/didChange
INFO - loading text def smallest_multiple_rec(n:i64,curr:i64):i64{
  all_divides(n,curr).case{
    True => curr,
    False => smallest_multiple_rec(
}

def smallest_multiple(n:i64): i64{
  smallest_multiple_rec(n,0)
}

def main_loop(iters:i64,n:i64): i64{
  let res:i64 = smallest_multiple(n);
  if iters == 1{
    println_i64(res);
    0
  }else {
    main_loop(iters - 1,n)
  }
}

def main(iters:i64,n:i64): i64{
  main_loop(iters, n)
}

INFO - got notification with method textDocument/didChange
INFO - loading text def smallest_multiple_rec(n:i64,curr:i64):i64{
  all_divides(n,curr).case{
    True => curr,
    False => smallest_multiple_rec(n
}

def smallest_multiple(n:i64): i64{
  smallest_multiple_rec(n,0)
}

def main_loop(iters:i64,n:i64): i64{
  let res:i64 = smallest_multiple(n);
  if iters == 1{
    println_i64(res);
    0
  }else {
    main_loop(iters - 1,n)
  }
}

def main(iters:i64,n:i64): i64{
  main_loop(iters, n)
}

INFO - got notification with method textDocument/didChange
INFO - loading text def smallest_multiple_rec(n:i64,curr:i64):i64{
  all_divides(n,curr).case{
    True => curr,
    False => smallest_multiple_rec(n,
}

def smallest_multiple(n:i64): i64{
  smallest_multiple_rec(n,0)
}

def main_loop(iters:i64,n:i64): i64{
  let res:i64 = smallest_multiple(n);
  if iters == 1{
    println_i64(res);
    0
  }else {
    main_loop(iters - 1,n)
  }
}

def main(iters:i64,n:i64): i64{
  main_loop(iters, n)
}

INFO - got notification with method textDocument/didChange
INFO - loading text def smallest_multiple_rec(n:i64,curr:i64):i64{
  all_divides(n,curr).case{
    True => curr,
    False => smallest_multiple_rec(n,c
}

def smallest_multiple(n:i64): i64{
  smallest_multiple_rec(n,0)
}

def main_loop(iters:i64,n:i64): i64{
  let res:i64 = smallest_multiple(n);
  if iters == 1{
    println_i64(res);
    0
  }else {
    main_loop(iters - 1,n)
  }
}

def main(iters:i64,n:i64): i64{
  main_loop(iters, n)
}

INFO - got notification with method textDocument/didChange
INFO - loading text def smallest_multiple_rec(n:i64,curr:i64):i64{
  all_divides(n,curr).case{
    True => curr,
    False => smallest_multiple_rec(n,cur
}

def smallest_multiple(n:i64): i64{
  smallest_multiple_rec(n,0)
}

def main_loop(iters:i64,n:i64): i64{
  let res:i64 = smallest_multiple(n);
  if iters == 1{
    println_i64(res);
    0
  }else {
    main_loop(iters - 1,n)
  }
}

def main(iters:i64,n:i64): i64{
  main_loop(iters, n)
}

INFO - got notification with method textDocument/didChange
INFO - loading text def smallest_multiple_rec(n:i64,curr:i64):i64{
  all_divides(n,curr).case{
    True => curr,
    False => smallest_multiple_rec(n,curr
}

def smallest_multiple(n:i64): i64{
  smallest_multiple_rec(n,0)
}

def main_loop(iters:i64,n:i64): i64{
  let res:i64 = smallest_multiple(n);
  if iters == 1{
    println_i64(res);
    0
  }else {
    main_loop(iters - 1,n)
  }
}

def main(iters:i64,n:i64): i64{
  main_loop(iters, n)
}

INFO - got notification with method textDocument/didChange
INFO - loading text def smallest_multiple_rec(n:i64,curr:i64):i64{
  all_divides(n,curr).case{
    True => curr,
    False => smallest_multiple_rec(n,curr+
}

def smallest_multiple(n:i64): i64{
  smallest_multiple_rec(n,0)
}

def main_loop(iters:i64,n:i64): i64{
  let res:i64 = smallest_multiple(n);
  if iters == 1{
    println_i64(res);
    0
  }else {
    main_loop(iters - 1,n)
  }
}

def main(iters:i64,n:i64): i64{
  main_loop(iters, n)
}

INFO - got notification with method textDocument/didChange
INFO - loading text def smallest_multiple_rec(n:i64,curr:i64):i64{
  all_divides(n,curr).case{
    True => curr,
    False => smallest_multiple_rec(n,curr
}

def smallest_multiple(n:i64): i64{
  smallest_multiple_rec(n,0)
}

def main_loop(iters:i64,n:i64): i64{
  let res:i64 = smallest_multiple(n);
  if iters == 1{
    println_i64(res);
    0
  }else {
    main_loop(iters - 1,n)
  }
}

def main(iters:i64,n:i64): i64{
  main_loop(iters, n)
}

INFO - got notification with method textDocument/didChange
INFO - loading text def smallest_multiple_rec(n:i64,curr:i64):i64{
  all_divides(n,curr).case{
    True => curr,
    False => smallest_multiple_rec(n,curr 
}

def smallest_multiple(n:i64): i64{
  smallest_multiple_rec(n,0)
}

def main_loop(iters:i64,n:i64): i64{
  let res:i64 = smallest_multiple(n);
  if iters == 1{
    println_i64(res);
    0
  }else {
    main_loop(iters - 1,n)
  }
}

def main(iters:i64,n:i64): i64{
  main_loop(iters, n)
}

INFO - got notification with method textDocument/didChange
INFO - loading text def smallest_multiple_rec(n:i64,curr:i64):i64{
  all_divides(n,curr).case{
    True => curr,
    False => smallest_multiple_rec(n,curr + 
}

def smallest_multiple(n:i64): i64{
  smallest_multiple_rec(n,0)
}

def main_loop(iters:i64,n:i64): i64{
  let res:i64 = smallest_multiple(n);
  if iters == 1{
    println_i64(res);
    0
  }else {
    main_loop(iters - 1,n)
  }
}

def main(iters:i64,n:i64): i64{
  main_loop(iters, n)
}

INFO - got notification with method textDocument/didChange
INFO - loading text def smallest_multiple_rec(n:i64,curr:i64):i64{
  all_divides(n,curr).case{
    True => curr,
    False => smallest_multiple_rec(n,curr + 1
}

def smallest_multiple(n:i64): i64{
  smallest_multiple_rec(n,0)
}

def main_loop(iters:i64,n:i64): i64{
  let res:i64 = smallest_multiple(n);
  if iters == 1{
    println_i64(res);
    0
  }else {
    main_loop(iters - 1,n)
  }
}

def main(iters:i64,n:i64): i64{
  main_loop(iters, n)
}

INFO - got notification with method textDocument/didChange
INFO - loading text def smallest_multiple_rec(n:i64,curr:i64):i64{
  all_divides(n,curr).case{
    True => curr,
    False => smallest_multiple_rec(n,curr + 1)
}

def smallest_multiple(n:i64): i64{
  smallest_multiple_rec(n,0)
}

def main_loop(iters:i64,n:i64): i64{
  let res:i64 = smallest_multiple(n);
  if iters == 1{
    println_i64(res);
    0
  }else {
    main_loop(iters - 1,n)
  }
}

def main(iters:i64,n:i64): i64{
  main_loop(iters, n)
}

INFO - got notification with method textDocument/didChange
INFO - loading text def smallest_multiple_rec(n:i64,curr:i64):i64{
  all_divides(n,curr).case{
    True => curr,
    False => smallest_multiple_rec(n,curr + 1)
    
}

def smallest_multiple(n:i64): i64{
  smallest_multiple_rec(n,0)
}

def main_loop(iters:i64,n:i64): i64{
  let res:i64 = smallest_multiple(n);
  if iters == 1{
    println_i64(res);
    0
  }else {
    main_loop(iters - 1,n)
  }
}

def main(iters:i64,n:i64): i64{
  main_loop(iters, n)
}

INFO - got notification with method textDocument/didChange
INFO - loading text def smallest_multiple_rec(n:i64,curr:i64):i64{
  all_divides(n,curr).case{
    True => curr,
    False => smallest_multiple_rec(n,curr + 1)
    }
}

def smallest_multiple(n:i64): i64{
  smallest_multiple_rec(n,0)
}

def main_loop(iters:i64,n:i64): i64{
  let res:i64 = smallest_multiple(n);
  if iters == 1{
    println_i64(res);
    0
  }else {
    main_loop(iters - 1,n)
  }
}

def main(iters:i64,n:i64): i64{
  main_loop(iters, n)
}

INFO - got notification with method textDocument/didChange
INFO - loading text def smallest_multiple_rec(n:i64,curr:i64):i64{
  all_divides(n,curr).case{
    True => curr,
    False => smallest_multiple_rec(n,curr + 1)
   }
}

def smallest_multiple(n:i64): i64{
  smallest_multiple_rec(n,0)
}

def main_loop(iters:i64,n:i64): i64{
  let res:i64 = smallest_multiple(n);
  if iters == 1{
    println_i64(res);
    0
  }else {
    main_loop(iters - 1,n)
  }
}

def main(iters:i64,n:i64): i64{
  main_loop(iters, n)
}

INFO - got notification with method textDocument/didChange
INFO - loading text def smallest_multiple_rec(n:i64,curr:i64):i64{
  all_divides(n,curr).case{
    True => curr,
    False => smallest_multiple_rec(n,curr + 1)
  }
}

def smallest_multiple(n:i64): i64{
  smallest_multiple_rec(n,0)
}

def main_loop(iters:i64,n:i64): i64{
  let res:i64 = smallest_multiple(n);
  if iters == 1{
    println_i64(res);
    0
  }else {
    main_loop(iters - 1,n)
  }
}

def main(iters:i64,n:i64): i64{
  main_loop(iters, n)
}

INFO - got notification with method textDocument/didChange
INFO - loading text 
def smallest_multiple_rec(n:i64,curr:i64):i64{
  all_divides(n,curr).case{
    True => curr,
    False => smallest_multiple_rec(n,curr + 1)
  }
}

def smallest_multiple(n:i64): i64{
  smallest_multiple_rec(n,0)
}

def main_loop(iters:i64,n:i64): i64{
  let res:i64 = smallest_multiple(n);
  if iters == 1{
    println_i64(res);
    0
  }else {
    main_loop(iters - 1,n)
  }
}

def main(iters:i64,n:i64): i64{
  main_loop(iters, n)
}

INFO - got notification with method textDocument/didChange
INFO - loading text d
def smallest_multiple_rec(n:i64,curr:i64):i64{
  all_divides(n,curr).case{
    True => curr,
    False => smallest_multiple_rec(n,curr + 1)
  }
}

def smallest_multiple(n:i64): i64{
  smallest_multiple_rec(n,0)
}

def main_loop(iters:i64,n:i64): i64{
  let res:i64 = smallest_multiple(n);
  if iters == 1{
    println_i64(res);
    0
  }else {
    main_loop(iters - 1,n)
  }
}

def main(iters:i64,n:i64): i64{
  main_loop(iters, n)
}

INFO - got notification with method textDocument/didChange
INFO - loading text da
def smallest_multiple_rec(n:i64,curr:i64):i64{
  all_divides(n,curr).case{
    True => curr,
    False => smallest_multiple_rec(n,curr + 1)
  }
}

def smallest_multiple(n:i64): i64{
  smallest_multiple_rec(n,0)
}

def main_loop(iters:i64,n:i64): i64{
  let res:i64 = smallest_multiple(n);
  if iters == 1{
    println_i64(res);
    0
  }else {
    main_loop(iters - 1,n)
  }
}

def main(iters:i64,n:i64): i64{
  main_loop(iters, n)
}

INFO - got notification with method textDocument/didChange
INFO - loading text data
def smallest_multiple_rec(n:i64,curr:i64):i64{
  all_divides(n,curr).case{
    True => curr,
    False => smallest_multiple_rec(n,curr + 1)
  }
}

def smallest_multiple(n:i64): i64{
  smallest_multiple_rec(n,0)
}

def main_loop(iters:i64,n:i64): i64{
  let res:i64 = smallest_multiple(n);
  if iters == 1{
    println_i64(res);
    0
  }else {
    main_loop(iters - 1,n)
  }
}

def main(iters:i64,n:i64): i64{
  main_loop(iters, n)
}

INFO - got notification with method textDocument/didChange
INFO - loading text data 
def smallest_multiple_rec(n:i64,curr:i64):i64{
  all_divides(n,curr).case{
    True => curr,
    False => smallest_multiple_rec(n,curr + 1)
  }
}

def smallest_multiple(n:i64): i64{
  smallest_multiple_rec(n,0)
}

def main_loop(iters:i64,n:i64): i64{
  let res:i64 = smallest_multiple(n);
  if iters == 1{
    println_i64(res);
    0
  }else {
    main_loop(iters - 1,n)
  }
}

def main(iters:i64,n:i64): i64{
  main_loop(iters, n)
}

INFO - got notification with method textDocument/didChange
INFO - loading text data B
def smallest_multiple_rec(n:i64,curr:i64):i64{
  all_divides(n,curr).case{
    True => curr,
    False => smallest_multiple_rec(n,curr + 1)
  }
}

def smallest_multiple(n:i64): i64{
  smallest_multiple_rec(n,0)
}

def main_loop(iters:i64,n:i64): i64{
  let res:i64 = smallest_multiple(n);
  if iters == 1{
    println_i64(res);
    0
  }else {
    main_loop(iters - 1,n)
  }
}

def main(iters:i64,n:i64): i64{
  main_loop(iters, n)
}

INFO - got notification with method textDocument/didChange
INFO - loading text data Bo
def smallest_multiple_rec(n:i64,curr:i64):i64{
  all_divides(n,curr).case{
    True => curr,
    False => smallest_multiple_rec(n,curr + 1)
  }
}

def smallest_multiple(n:i64): i64{
  smallest_multiple_rec(n,0)
}

def main_loop(iters:i64,n:i64): i64{
  let res:i64 = smallest_multiple(n);
  if iters == 1{
    println_i64(res);
    0
  }else {
    main_loop(iters - 1,n)
  }
}

def main(iters:i64,n:i64): i64{
  main_loop(iters, n)
}

INFO - got notification with method textDocument/didChange
INFO - loading text data Boo
def smallest_multiple_rec(n:i64,curr:i64):i64{
  all_divides(n,curr).case{
    True => curr,
    False => smallest_multiple_rec(n,curr + 1)
  }
}

def smallest_multiple(n:i64): i64{
  smallest_multiple_rec(n,0)
}

def main_loop(iters:i64,n:i64): i64{
  let res:i64 = smallest_multiple(n);
  if iters == 1{
    println_i64(res);
    0
  }else {
    main_loop(iters - 1,n)
  }
}

def main(iters:i64,n:i64): i64{
  main_loop(iters, n)
}

INFO - got notification with method textDocument/didChange
INFO - loading text data Bool
def smallest_multiple_rec(n:i64,curr:i64):i64{
  all_divides(n,curr).case{
    True => curr,
    False => smallest_multiple_rec(n,curr + 1)
  }
}

def smallest_multiple(n:i64): i64{
  smallest_multiple_rec(n,0)
}

def main_loop(iters:i64,n:i64): i64{
  let res:i64 = smallest_multiple(n);
  if iters == 1{
    println_i64(res);
    0
  }else {
    main_loop(iters - 1,n)
  }
}

def main(iters:i64,n:i64): i64{
  main_loop(iters, n)
}

INFO - got notification with method textDocument/didChange
INFO - loading text data Bool 
def smallest_multiple_rec(n:i64,curr:i64):i64{
  all_divides(n,curr).case{
    True => curr,
    False => smallest_multiple_rec(n,curr + 1)
  }
}

def smallest_multiple(n:i64): i64{
  smallest_multiple_rec(n,0)
}

def main_loop(iters:i64,n:i64): i64{
  let res:i64 = smallest_multiple(n);
  if iters == 1{
    println_i64(res);
    0
  }else {
    main_loop(iters - 1,n)
  }
}

def main(iters:i64,n:i64): i64{
  main_loop(iters, n)
}

INFO - got notification with method textDocument/didChange
INFO - loading text data Bool {
def smallest_multiple_rec(n:i64,curr:i64):i64{
  all_divides(n,curr).case{
    True => curr,
    False => smallest_multiple_rec(n,curr + 1)
  }
}

def smallest_multiple(n:i64): i64{
  smallest_multiple_rec(n,0)
}

def main_loop(iters:i64,n:i64): i64{
  let res:i64 = smallest_multiple(n);
  if iters == 1{
    println_i64(res);
    0
  }else {
    main_loop(iters - 1,n)
  }
}

def main(iters:i64,n:i64): i64{
  main_loop(iters, n)
}

INFO - got notification with method textDocument/didChange
INFO - loading text data Bool { 
def smallest_multiple_rec(n:i64,curr:i64):i64{
  all_divides(n,curr).case{
    True => curr,
    False => smallest_multiple_rec(n,curr + 1)
  }
}

def smallest_multiple(n:i64): i64{
  smallest_multiple_rec(n,0)
}

def main_loop(iters:i64,n:i64): i64{
  let res:i64 = smallest_multiple(n);
  if iters == 1{
    println_i64(res);
    0
  }else {
    main_loop(iters - 1,n)
  }
}

def main(iters:i64,n:i64): i64{
  main_loop(iters, n)
}

INFO - got notification with method textDocument/didChange
INFO - loading text data Bool { T
def smallest_multiple_rec(n:i64,curr:i64):i64{
  all_divides(n,curr).case{
    True => curr,
    False => smallest_multiple_rec(n,curr + 1)
  }
}

def smallest_multiple(n:i64): i64{
  smallest_multiple_rec(n,0)
}

def main_loop(iters:i64,n:i64): i64{
  let res:i64 = smallest_multiple(n);
  if iters == 1{
    println_i64(res);
    0
  }else {
    main_loop(iters - 1,n)
  }
}

def main(iters:i64,n:i64): i64{
  main_loop(iters, n)
}

INFO - got notification with method textDocument/didChange
INFO - loading text data Bool { TR
def smallest_multiple_rec(n:i64,curr:i64):i64{
  all_divides(n,curr).case{
    True => curr,
    False => smallest_multiple_rec(n,curr + 1)
  }
}

def smallest_multiple(n:i64): i64{
  smallest_multiple_rec(n,0)
}

def main_loop(iters:i64,n:i64): i64{
  let res:i64 = smallest_multiple(n);
  if iters == 1{
    println_i64(res);
    0
  }else {
    main_loop(iters - 1,n)
  }
}

def main(iters:i64,n:i64): i64{
  main_loop(iters, n)
}

INFO - got notification with method textDocument/didChange
INFO - loading text data Bool { TRu
def smallest_multiple_rec(n:i64,curr:i64):i64{
  all_divides(n,curr).case{
    True => curr,
    False => smallest_multiple_rec(n,curr + 1)
  }
}

def smallest_multiple(n:i64): i64{
  smallest_multiple_rec(n,0)
}

def main_loop(iters:i64,n:i64): i64{
  let res:i64 = smallest_multiple(n);
  if iters == 1{
    println_i64(res);
    0
  }else {
    main_loop(iters - 1,n)
  }
}

def main(iters:i64,n:i64): i64{
  main_loop(iters, n)
}

INFO - got notification with method textDocument/didChange
INFO - loading text data Bool { TRue,
def smallest_multiple_rec(n:i64,curr:i64):i64{
  all_divides(n,curr).case{
    True => curr,
    False => smallest_multiple_rec(n,curr + 1)
  }
}

def smallest_multiple(n:i64): i64{
  smallest_multiple_rec(n,0)
}

def main_loop(iters:i64,n:i64): i64{
  let res:i64 = smallest_multiple(n);
  if iters == 1{
    println_i64(res);
    0
  }else {
    main_loop(iters - 1,n)
  }
}

def main(iters:i64,n:i64): i64{
  main_loop(iters, n)
}

INFO - got notification with method textDocument/didChange
INFO - loading text data Bool { TRue, 
def smallest_multiple_rec(n:i64,curr:i64):i64{
  all_divides(n,curr).case{
    True => curr,
    False => smallest_multiple_rec(n,curr + 1)
  }
}

def smallest_multiple(n:i64): i64{
  smallest_multiple_rec(n,0)
}

def main_loop(iters:i64,n:i64): i64{
  let res:i64 = smallest_multiple(n);
  if iters == 1{
    println_i64(res);
    0
  }else {
    main_loop(iters - 1,n)
  }
}

def main(iters:i64,n:i64): i64{
  main_loop(iters, n)
}

INFO - got notification with method textDocument/didChange
INFO - loading text data Bool { TRue,
def smallest_multiple_rec(n:i64,curr:i64):i64{
  all_divides(n,curr).case{
    True => curr,
    False => smallest_multiple_rec(n,curr + 1)
  }
}

def smallest_multiple(n:i64): i64{
  smallest_multiple_rec(n,0)
}

def main_loop(iters:i64,n:i64): i64{
  let res:i64 = smallest_multiple(n);
  if iters == 1{
    println_i64(res);
    0
  }else {
    main_loop(iters - 1,n)
  }
}

def main(iters:i64,n:i64): i64{
  main_loop(iters, n)
}

INFO - got notification with method textDocument/didChange
INFO - loading text data Bool { TRu
def smallest_multiple_rec(n:i64,curr:i64):i64{
  all_divides(n,curr).case{
    True => curr,
    False => smallest_multiple_rec(n,curr + 1)
  }
}

def smallest_multiple(n:i64): i64{
  smallest_multiple_rec(n,0)
}

def main_loop(iters:i64,n:i64): i64{
  let res:i64 = smallest_multiple(n);
  if iters == 1{
    println_i64(res);
    0
  }else {
    main_loop(iters - 1,n)
  }
}

def main(iters:i64,n:i64): i64{
  main_loop(iters, n)
}

INFO - got notification with method textDocument/didChange
INFO - loading text data Bool { TR
def smallest_multiple_rec(n:i64,curr:i64):i64{
  all_divides(n,curr).case{
    True => curr,
    False => smallest_multiple_rec(n,curr + 1)
  }
}

def smallest_multiple(n:i64): i64{
  smallest_multiple_rec(n,0)
}

def main_loop(iters:i64,n:i64): i64{
  let res:i64 = smallest_multiple(n);
  if iters == 1{
    println_i64(res);
    0
  }else {
    main_loop(iters - 1,n)
  }
}

def main(iters:i64,n:i64): i64{
  main_loop(iters, n)
}

INFO - got notification with method textDocument/didChange
INFO - loading text data Bool { T
def smallest_multiple_rec(n:i64,curr:i64):i64{
  all_divides(n,curr).case{
    True => curr,
    False => smallest_multiple_rec(n,curr + 1)
  }
}

def smallest_multiple(n:i64): i64{
  smallest_multiple_rec(n,0)
}

def main_loop(iters:i64,n:i64): i64{
  let res:i64 = smallest_multiple(n);
  if iters == 1{
    println_i64(res);
    0
  }else {
    main_loop(iters - 1,n)
  }
}

def main(iters:i64,n:i64): i64{
  main_loop(iters, n)
}

INFO - got notification with method textDocument/didChange
INFO - loading text data Bool { Tr
def smallest_multiple_rec(n:i64,curr:i64):i64{
  all_divides(n,curr).case{
    True => curr,
    False => smallest_multiple_rec(n,curr + 1)
  }
}

def smallest_multiple(n:i64): i64{
  smallest_multiple_rec(n,0)
}

def main_loop(iters:i64,n:i64): i64{
  let res:i64 = smallest_multiple(n);
  if iters == 1{
    println_i64(res);
    0
  }else {
    main_loop(iters - 1,n)
  }
}

def main(iters:i64,n:i64): i64{
  main_loop(iters, n)
}

INFO - got notification with method textDocument/didChange
INFO - loading text data Bool { True
def smallest_multiple_rec(n:i64,curr:i64):i64{
  all_divides(n,curr).case{
    True => curr,
    False => smallest_multiple_rec(n,curr + 1)
  }
}

def smallest_multiple(n:i64): i64{
  smallest_multiple_rec(n,0)
}

def main_loop(iters:i64,n:i64): i64{
  let res:i64 = smallest_multiple(n);
  if iters == 1{
    println_i64(res);
    0
  }else {
    main_loop(iters - 1,n)
  }
}

def main(iters:i64,n:i64): i64{
  main_loop(iters, n)
}

INFO - got notification with method textDocument/didChange
INFO - loading text data Bool { True,
def smallest_multiple_rec(n:i64,curr:i64):i64{
  all_divides(n,curr).case{
    True => curr,
    False => smallest_multiple_rec(n,curr + 1)
  }
}

def smallest_multiple(n:i64): i64{
  smallest_multiple_rec(n,0)
}

def main_loop(iters:i64,n:i64): i64{
  let res:i64 = smallest_multiple(n);
  if iters == 1{
    println_i64(res);
    0
  }else {
    main_loop(iters - 1,n)
  }
}

def main(iters:i64,n:i64): i64{
  main_loop(iters, n)
}

INFO - got notification with method textDocument/didChange
INFO - loading text data Bool { True, 
def smallest_multiple_rec(n:i64,curr:i64):i64{
  all_divides(n,curr).case{
    True => curr,
    False => smallest_multiple_rec(n,curr + 1)
  }
}

def smallest_multiple(n:i64): i64{
  smallest_multiple_rec(n,0)
}

def main_loop(iters:i64,n:i64): i64{
  let res:i64 = smallest_multiple(n);
  if iters == 1{
    println_i64(res);
    0
  }else {
    main_loop(iters - 1,n)
  }
}

def main(iters:i64,n:i64): i64{
  main_loop(iters, n)
}

INFO - got notification with method textDocument/didChange
INFO - loading text data Bool { True, F
def smallest_multiple_rec(n:i64,curr:i64):i64{
  all_divides(n,curr).case{
    True => curr,
    False => smallest_multiple_rec(n,curr + 1)
  }
}

def smallest_multiple(n:i64): i64{
  smallest_multiple_rec(n,0)
}

def main_loop(iters:i64,n:i64): i64{
  let res:i64 = smallest_multiple(n);
  if iters == 1{
    println_i64(res);
    0
  }else {
    main_loop(iters - 1,n)
  }
}

def main(iters:i64,n:i64): i64{
  main_loop(iters, n)
}

INFO - got notification with method textDocument/didChange
INFO - loading text data Bool { True, Fal
def smallest_multiple_rec(n:i64,curr:i64):i64{
  all_divides(n,curr).case{
    True => curr,
    False => smallest_multiple_rec(n,curr + 1)
  }
}

def smallest_multiple(n:i64): i64{
  smallest_multiple_rec(n,0)
}

def main_loop(iters:i64,n:i64): i64{
  let res:i64 = smallest_multiple(n);
  if iters == 1{
    println_i64(res);
    0
  }else {
    main_loop(iters - 1,n)
  }
}

def main(iters:i64,n:i64): i64{
  main_loop(iters, n)
}

INFO - got notification with method textDocument/didChange
INFO - loading text data Bool { True, False
def smallest_multiple_rec(n:i64,curr:i64):i64{
  all_divides(n,curr).case{
    True => curr,
    False => smallest_multiple_rec(n,curr + 1)
  }
}

def smallest_multiple(n:i64): i64{
  smallest_multiple_rec(n,0)
}

def main_loop(iters:i64,n:i64): i64{
  let res:i64 = smallest_multiple(n);
  if iters == 1{
    println_i64(res);
    0
  }else {
    main_loop(iters - 1,n)
  }
}

def main(iters:i64,n:i64): i64{
  main_loop(iters, n)
}

INFO - got notification with method textDocument/didChange
INFO - loading text data Bool { True, False}
def smallest_multiple_rec(n:i64,curr:i64):i64{
  all_divides(n,curr).case{
    True => curr,
    False => smallest_multiple_rec(n,curr + 1)
  }
}

def smallest_multiple(n:i64): i64{
  smallest_multiple_rec(n,0)
}

def main_loop(iters:i64,n:i64): i64{
  let res:i64 = smallest_multiple(n);
  if iters == 1{
    println_i64(res);
    0
  }else {
    main_loop(iters - 1,n)
  }
}

def main(iters:i64,n:i64): i64{
  main_loop(iters, n)
}

INFO - got notification with method textDocument/didChange
INFO - loading text data Bool { True, False}

def smallest_multiple_rec(n:i64,curr:i64):i64{
  all_divides(n,curr).case{
    True => curr,
    False => smallest_multiple_rec(n,curr + 1)
  }
}

def smallest_multiple(n:i64): i64{
  smallest_multiple_rec(n,0)
}

def main_loop(iters:i64,n:i64): i64{
  let res:i64 = smallest_multiple(n);
  if iters == 1{
    println_i64(res);
    0
  }else {
    main_loop(iters - 1,n)
  }
}

def main(iters:i64,n:i64): i64{
  main_loop(iters, n)
}

INFO - got notification with method textDocument/didChange
INFO - loading text data Bool { True, False }

def smallest_multiple_rec(n:i64,curr:i64):i64{
  all_divides(n,curr).case{
    True => curr,
    False => smallest_multiple_rec(n,curr + 1)
  }
}

def smallest_multiple(n:i64): i64{
  smallest_multiple_rec(n,0)
}

def main_loop(iters:i64,n:i64): i64{
  let res:i64 = smallest_multiple(n);
  if iters == 1{
    println_i64(res);
    0
  }else {
    main_loop(iters - 1,n)
  }
}

def main(iters:i64,n:i64): i64{
  main_loop(iters, n)
}

INFO - got notification with method textDocument/didChange
INFO - loading text data Bool { True, False }


def smallest_multiple_rec(n:i64,curr:i64):i64{
  all_divides(n,curr).case{
    True => curr,
    False => smallest_multiple_rec(n,curr + 1)
  }
}

def smallest_multiple(n:i64): i64{
  smallest_multiple_rec(n,0)
}

def main_loop(iters:i64,n:i64): i64{
  let res:i64 = smallest_multiple(n);
  if iters == 1{
    println_i64(res);
    0
  }else {
    main_loop(iters - 1,n)
  }
}

def main(iters:i64,n:i64): i64{
  main_loop(iters, n)
}

INFO - got notification with method textDocument/didChange
INFO - loading text data Bool { True, False }

d
def smallest_multiple_rec(n:i64,curr:i64):i64{
  all_divides(n,curr).case{
    True => curr,
    False => smallest_multiple_rec(n,curr + 1)
  }
}

def smallest_multiple(n:i64): i64{
  smallest_multiple_rec(n,0)
}

def main_loop(iters:i64,n:i64): i64{
  let res:i64 = smallest_multiple(n);
  if iters == 1{
    println_i64(res);
    0
  }else {
    main_loop(iters - 1,n)
  }
}

def main(iters:i64,n:i64): i64{
  main_loop(iters, n)
}

INFO - got notification with method textDocument/didChange
INFO - loading text data Bool { True, False }

de
def smallest_multiple_rec(n:i64,curr:i64):i64{
  all_divides(n,curr).case{
    True => curr,
    False => smallest_multiple_rec(n,curr + 1)
  }
}

def smallest_multiple(n:i64): i64{
  smallest_multiple_rec(n,0)
}

def main_loop(iters:i64,n:i64): i64{
  let res:i64 = smallest_multiple(n);
  if iters == 1{
    println_i64(res);
    0
  }else {
    main_loop(iters - 1,n)
  }
}

def main(iters:i64,n:i64): i64{
  main_loop(iters, n)
}

INFO - got notification with method textDocument/didChange
INFO - loading text data Bool { True, False }

def 
def smallest_multiple_rec(n:i64,curr:i64):i64{
  all_divides(n,curr).case{
    True => curr,
    False => smallest_multiple_rec(n,curr + 1)
  }
}

def smallest_multiple(n:i64): i64{
  smallest_multiple_rec(n,0)
}

def main_loop(iters:i64,n:i64): i64{
  let res:i64 = smallest_multiple(n);
  if iters == 1{
    println_i64(res);
    0
  }else {
    main_loop(iters - 1,n)
  }
}

def main(iters:i64,n:i64): i64{
  main_loop(iters, n)
}

INFO - got notification with method textDocument/didChange
INFO - loading text data Bool { True, False }

def a
def smallest_multiple_rec(n:i64,curr:i64):i64{
  all_divides(n,curr).case{
    True => curr,
    False => smallest_multiple_rec(n,curr + 1)
  }
}

def smallest_multiple(n:i64): i64{
  smallest_multiple_rec(n,0)
}

def main_loop(iters:i64,n:i64): i64{
  let res:i64 = smallest_multiple(n);
  if iters == 1{
    println_i64(res);
    0
  }else {
    main_loop(iters - 1,n)
  }
}

def main(iters:i64,n:i64): i64{
  main_loop(iters, n)
}

INFO - got notification with method textDocument/didChange
INFO - loading text data Bool { True, False }

def all
def smallest_multiple_rec(n:i64,curr:i64):i64{
  all_divides(n,curr).case{
    True => curr,
    False => smallest_multiple_rec(n,curr + 1)
  }
}

def smallest_multiple(n:i64): i64{
  smallest_multiple_rec(n,0)
}

def main_loop(iters:i64,n:i64): i64{
  let res:i64 = smallest_multiple(n);
  if iters == 1{
    println_i64(res);
    0
  }else {
    main_loop(iters - 1,n)
  }
}

def main(iters:i64,n:i64): i64{
  main_loop(iters, n)
}

INFO - got notification with method textDocument/didChange
INFO - loading text data Bool { True, False }

def all_
def smallest_multiple_rec(n:i64,curr:i64):i64{
  all_divides(n,curr).case{
    True => curr,
    False => smallest_multiple_rec(n,curr + 1)
  }
}

def smallest_multiple(n:i64): i64{
  smallest_multiple_rec(n,0)
}

def main_loop(iters:i64,n:i64): i64{
  let res:i64 = smallest_multiple(n);
  if iters == 1{
    println_i64(res);
    0
  }else {
    main_loop(iters - 1,n)
  }
}

def main(iters:i64,n:i64): i64{
  main_loop(iters, n)
}

INFO - got notification with method textDocument/didChange
INFO - loading text data Bool { True, False }

def all_d
def smallest_multiple_rec(n:i64,curr:i64):i64{
  all_divides(n,curr).case{
    True => curr,
    False => smallest_multiple_rec(n,curr + 1)
  }
}

def smallest_multiple(n:i64): i64{
  smallest_multiple_rec(n,0)
}

def main_loop(iters:i64,n:i64): i64{
  let res:i64 = smallest_multiple(n);
  if iters == 1{
    println_i64(res);
    0
  }else {
    main_loop(iters - 1,n)
  }
}

def main(iters:i64,n:i64): i64{
  main_loop(iters, n)
}

INFO - got notification with method textDocument/didChange
INFO - loading text data Bool { True, False }

def all_div
def smallest_multiple_rec(n:i64,curr:i64):i64{
  all_divides(n,curr).case{
    True => curr,
    False => smallest_multiple_rec(n,curr + 1)
  }
}

def smallest_multiple(n:i64): i64{
  smallest_multiple_rec(n,0)
}

def main_loop(iters:i64,n:i64): i64{
  let res:i64 = smallest_multiple(n);
  if iters == 1{
    println_i64(res);
    0
  }else {
    main_loop(iters - 1,n)
  }
}

def main(iters:i64,n:i64): i64{
  main_loop(iters, n)
}

INFO - got notification with method textDocument/didChange
INFO - loading text data Bool { True, False }

def all_divi
def smallest_multiple_rec(n:i64,curr:i64):i64{
  all_divides(n,curr).case{
    True => curr,
    False => smallest_multiple_rec(n,curr + 1)
  }
}

def smallest_multiple(n:i64): i64{
  smallest_multiple_rec(n,0)
}

def main_loop(iters:i64,n:i64): i64{
  let res:i64 = smallest_multiple(n);
  if iters == 1{
    println_i64(res);
    0
  }else {
    main_loop(iters - 1,n)
  }
}

def main(iters:i64,n:i64): i64{
  main_loop(iters, n)
}

INFO - got notification with method textDocument/didChange
INFO - loading text data Bool { True, False }

def all_divid
def smallest_multiple_rec(n:i64,curr:i64):i64{
  all_divides(n,curr).case{
    True => curr,
    False => smallest_multiple_rec(n,curr + 1)
  }
}

def smallest_multiple(n:i64): i64{
  smallest_multiple_rec(n,0)
}

def main_loop(iters:i64,n:i64): i64{
  let res:i64 = smallest_multiple(n);
  if iters == 1{
    println_i64(res);
    0
  }else {
    main_loop(iters - 1,n)
  }
}

def main(iters:i64,n:i64): i64{
  main_loop(iters, n)
}

INFO - got notification with method textDocument/didChange
INFO - loading text data Bool { True, False }

def all_divides
def smallest_multiple_rec(n:i64,curr:i64):i64{
  all_divides(n,curr).case{
    True => curr,
    False => smallest_multiple_rec(n,curr + 1)
  }
}

def smallest_multiple(n:i64): i64{
  smallest_multiple_rec(n,0)
}

def main_loop(iters:i64,n:i64): i64{
  let res:i64 = smallest_multiple(n);
  if iters == 1{
    println_i64(res);
    0
  }else {
    main_loop(iters - 1,n)
  }
}

def main(iters:i64,n:i64): i64{
  main_loop(iters, n)
}

INFO - got notification with method textDocument/didChange
INFO - loading text data Bool { True, False }

def all_divides(
def smallest_multiple_rec(n:i64,curr:i64):i64{
  all_divides(n,curr).case{
    True => curr,
    False => smallest_multiple_rec(n,curr + 1)
  }
}

def smallest_multiple(n:i64): i64{
  smallest_multiple_rec(n,0)
}

def main_loop(iters:i64,n:i64): i64{
  let res:i64 = smallest_multiple(n);
  if iters == 1{
    println_i64(res);
    0
  }else {
    main_loop(iters - 1,n)
  }
}

def main(iters:i64,n:i64): i64{
  main_loop(iters, n)
}

INFO - got notification with method textDocument/didChange
INFO - loading text data Bool { True, False }

def all_divides(n
def smallest_multiple_rec(n:i64,curr:i64):i64{
  all_divides(n,curr).case{
    True => curr,
    False => smallest_multiple_rec(n,curr + 1)
  }
}

def smallest_multiple(n:i64): i64{
  smallest_multiple_rec(n,0)
}

def main_loop(iters:i64,n:i64): i64{
  let res:i64 = smallest_multiple(n);
  if iters == 1{
    println_i64(res);
    0
  }else {
    main_loop(iters - 1,n)
  }
}

def main(iters:i64,n:i64): i64{
  main_loop(iters, n)
}

INFO - got notification with method textDocument/didChange
INFO - loading text data Bool { True, False }

def all_divides(n:
def smallest_multiple_rec(n:i64,curr:i64):i64{
  all_divides(n,curr).case{
    True => curr,
    False => smallest_multiple_rec(n,curr + 1)
  }
}

def smallest_multiple(n:i64): i64{
  smallest_multiple_rec(n,0)
}

def main_loop(iters:i64,n:i64): i64{
  let res:i64 = smallest_multiple(n);
  if iters == 1{
    println_i64(res);
    0
  }else {
    main_loop(iters - 1,n)
  }
}

def main(iters:i64,n:i64): i64{
  main_loop(iters, n)
}

INFO - got notification with method textDocument/didChange
INFO - loading text data Bool { True, False }

def all_divides(n:i
def smallest_multiple_rec(n:i64,curr:i64):i64{
  all_divides(n,curr).case{
    True => curr,
    False => smallest_multiple_rec(n,curr + 1)
  }
}

def smallest_multiple(n:i64): i64{
  smallest_multiple_rec(n,0)
}

def main_loop(iters:i64,n:i64): i64{
  let res:i64 = smallest_multiple(n);
  if iters == 1{
    println_i64(res);
    0
  }else {
    main_loop(iters - 1,n)
  }
}

def main(iters:i64,n:i64): i64{
  main_loop(iters, n)
}

INFO - got notification with method textDocument/didChange
INFO - loading text data Bool { True, False }

def all_divides(n:i6
def smallest_multiple_rec(n:i64,curr:i64):i64{
  all_divides(n,curr).case{
    True => curr,
    False => smallest_multiple_rec(n,curr + 1)
  }
}

def smallest_multiple(n:i64): i64{
  smallest_multiple_rec(n,0)
}

def main_loop(iters:i64,n:i64): i64{
  let res:i64 = smallest_multiple(n);
  if iters == 1{
    println_i64(res);
    0
  }else {
    main_loop(iters - 1,n)
  }
}

def main(iters:i64,n:i64): i64{
  main_loop(iters, n)
}

INFO - got notification with method textDocument/didChange
INFO - loading text data Bool { True, False }

def all_divides(n:i64,
def smallest_multiple_rec(n:i64,curr:i64):i64{
  all_divides(n,curr).case{
    True => curr,
    False => smallest_multiple_rec(n,curr + 1)
  }
}

def smallest_multiple(n:i64): i64{
  smallest_multiple_rec(n,0)
}

def main_loop(iters:i64,n:i64): i64{
  let res:i64 = smallest_multiple(n);
  if iters == 1{
    println_i64(res);
    0
  }else {
    main_loop(iters - 1,n)
  }
}

def main(iters:i64,n:i64): i64{
  main_loop(iters, n)
}

INFO - got notification with method textDocument/didChange
INFO - loading text data Bool { True, False }

def all_divides(n:i64,m
def smallest_multiple_rec(n:i64,curr:i64):i64{
  all_divides(n,curr).case{
    True => curr,
    False => smallest_multiple_rec(n,curr + 1)
  }
}

def smallest_multiple(n:i64): i64{
  smallest_multiple_rec(n,0)
}

def main_loop(iters:i64,n:i64): i64{
  let res:i64 = smallest_multiple(n);
  if iters == 1{
    println_i64(res);
    0
  }else {
    main_loop(iters - 1,n)
  }
}

def main(iters:i64,n:i64): i64{
  main_loop(iters, n)
}

INFO - got notification with method textDocument/didChange
INFO - loading text data Bool { True, False }

def all_divides(n:i64,m:
def smallest_multiple_rec(n:i64,curr:i64):i64{
  all_divides(n,curr).case{
    True => curr,
    False => smallest_multiple_rec(n,curr + 1)
  }
}

def smallest_multiple(n:i64): i64{
  smallest_multiple_rec(n,0)
}

def main_loop(iters:i64,n:i64): i64{
  let res:i64 = smallest_multiple(n);
  if iters == 1{
    println_i64(res);
    0
  }else {
    main_loop(iters - 1,n)
  }
}

def main(iters:i64,n:i64): i64{
  main_loop(iters, n)
}

INFO - got notification with method textDocument/didChange
INFO - loading text data Bool { True, False }

def all_divides(n:i64,m:i
def smallest_multiple_rec(n:i64,curr:i64):i64{
  all_divides(n,curr).case{
    True => curr,
    False => smallest_multiple_rec(n,curr + 1)
  }
}

def smallest_multiple(n:i64): i64{
  smallest_multiple_rec(n,0)
}

def main_loop(iters:i64,n:i64): i64{
  let res:i64 = smallest_multiple(n);
  if iters == 1{
    println_i64(res);
    0
  }else {
    main_loop(iters - 1,n)
  }
}

def main(iters:i64,n:i64): i64{
  main_loop(iters, n)
}

INFO - got notification with method textDocument/didChange
INFO - loading text data Bool { True, False }

def all_divides(n:i64,m:i6
def smallest_multiple_rec(n:i64,curr:i64):i64{
  all_divides(n,curr).case{
    True => curr,
    False => smallest_multiple_rec(n,curr + 1)
  }
}

def smallest_multiple(n:i64): i64{
  smallest_multiple_rec(n,0)
}

def main_loop(iters:i64,n:i64): i64{
  let res:i64 = smallest_multiple(n);
  if iters == 1{
    println_i64(res);
    0
  }else {
    main_loop(iters - 1,n)
  }
}

def main(iters:i64,n:i64): i64{
  main_loop(iters, n)
}

INFO - got notification with method textDocument/didChange
INFO - loading text data Bool { True, False }

def all_divides(n:i64,m:i64
def smallest_multiple_rec(n:i64,curr:i64):i64{
  all_divides(n,curr).case{
    True => curr,
    False => smallest_multiple_rec(n,curr + 1)
  }
}

def smallest_multiple(n:i64): i64{
  smallest_multiple_rec(n,0)
}

def main_loop(iters:i64,n:i64): i64{
  let res:i64 = smallest_multiple(n);
  if iters == 1{
    println_i64(res);
    0
  }else {
    main_loop(iters - 1,n)
  }
}

def main(iters:i64,n:i64): i64{
  main_loop(iters, n)
}

INFO - got notification with method textDocument/didChange
INFO - loading text data Bool { True, False }

def all_divides(n:i64,m:i64):
def smallest_multiple_rec(n:i64,curr:i64):i64{
  all_divides(n,curr).case{
    True => curr,
    False => smallest_multiple_rec(n,curr + 1)
  }
}

def smallest_multiple(n:i64): i64{
  smallest_multiple_rec(n,0)
}

def main_loop(iters:i64,n:i64): i64{
  let res:i64 = smallest_multiple(n);
  if iters == 1{
    println_i64(res);
    0
  }else {
    main_loop(iters - 1,n)
  }
}

def main(iters:i64,n:i64): i64{
  main_loop(iters, n)
}

INFO - got notification with method textDocument/didChange
INFO - loading text data Bool { True, False }

def all_divides(n:i64,m:i64): 
def smallest_multiple_rec(n:i64,curr:i64):i64{
  all_divides(n,curr).case{
    True => curr,
    False => smallest_multiple_rec(n,curr + 1)
  }
}

def smallest_multiple(n:i64): i64{
  smallest_multiple_rec(n,0)
}

def main_loop(iters:i64,n:i64): i64{
  let res:i64 = smallest_multiple(n);
  if iters == 1{
    println_i64(res);
    0
  }else {
    main_loop(iters - 1,n)
  }
}

def main(iters:i64,n:i64): i64{
  main_loop(iters, n)
}

INFO - got notification with method textDocument/didChange
INFO - loading text data Bool { True, False }

def all_divides(n:i64,m:i64): B
def smallest_multiple_rec(n:i64,curr:i64):i64{
  all_divides(n,curr).case{
    True => curr,
    False => smallest_multiple_rec(n,curr + 1)
  }
}

def smallest_multiple(n:i64): i64{
  smallest_multiple_rec(n,0)
}

def main_loop(iters:i64,n:i64): i64{
  let res:i64 = smallest_multiple(n);
  if iters == 1{
    println_i64(res);
    0
  }else {
    main_loop(iters - 1,n)
  }
}

def main(iters:i64,n:i64): i64{
  main_loop(iters, n)
}

INFO - got notification with method textDocument/didChange
INFO - loading text data Bool { True, False }

def all_divides(n:i64,m:i64): Bo
def smallest_multiple_rec(n:i64,curr:i64):i64{
  all_divides(n,curr).case{
    True => curr,
    False => smallest_multiple_rec(n,curr + 1)
  }
}

def smallest_multiple(n:i64): i64{
  smallest_multiple_rec(n,0)
}

def main_loop(iters:i64,n:i64): i64{
  let res:i64 = smallest_multiple(n);
  if iters == 1{
    println_i64(res);
    0
  }else {
    main_loop(iters - 1,n)
  }
}

def main(iters:i64,n:i64): i64{
  main_loop(iters, n)
}

INFO - got notification with method textDocument/didChange
INFO - loading text data Bool { True, False }

def all_divides(n:i64,m:i64): Boo
def smallest_multiple_rec(n:i64,curr:i64):i64{
  all_divides(n,curr).case{
    True => curr,
    False => smallest_multiple_rec(n,curr + 1)
  }
}

def smallest_multiple(n:i64): i64{
  smallest_multiple_rec(n,0)
}

def main_loop(iters:i64,n:i64): i64{
  let res:i64 = smallest_multiple(n);
  if iters == 1{
    println_i64(res);
    0
  }else {
    main_loop(iters - 1,n)
  }
}

def main(iters:i64,n:i64): i64{
  main_loop(iters, n)
}

INFO - got notification with method textDocument/didChange
INFO - loading text data Bool { True, False }

def all_divides(n:i64,m:i64): Bool
def smallest_multiple_rec(n:i64,curr:i64):i64{
  all_divides(n,curr).case{
    True => curr,
    False => smallest_multiple_rec(n,curr + 1)
  }
}

def smallest_multiple(n:i64): i64{
  smallest_multiple_rec(n,0)
}

def main_loop(iters:i64,n:i64): i64{
  let res:i64 = smallest_multiple(n);
  if iters == 1{
    println_i64(res);
    0
  }else {
    main_loop(iters - 1,n)
  }
}

def main(iters:i64,n:i64): i64{
  main_loop(iters, n)
}

INFO - got notification with method textDocument/didChange
INFO - loading text data Bool { True, False }

def all_divides(n:i64,m:i64): Bool{
def smallest_multiple_rec(n:i64,curr:i64):i64{
  all_divides(n,curr).case{
    True => curr,
    False => smallest_multiple_rec(n,curr + 1)
  }
}

def smallest_multiple(n:i64): i64{
  smallest_multiple_rec(n,0)
}

def main_loop(iters:i64,n:i64): i64{
  let res:i64 = smallest_multiple(n);
  if iters == 1{
    println_i64(res);
    0
  }else {
    main_loop(iters - 1,n)
  }
}

def main(iters:i64,n:i64): i64{
  main_loop(iters, n)
}

INFO - got notification with method textDocument/didChange
INFO - loading text data Bool { True, False }

def all_divides(n:i64,m:i64): Bool{

def smallest_multiple_rec(n:i64,curr:i64):i64{
  all_divides(n,curr).case{
    True => curr,
    False => smallest_multiple_rec(n,curr + 1)
  }
}

def smallest_multiple(n:i64): i64{
  smallest_multiple_rec(n,0)
}

def main_loop(iters:i64,n:i64): i64{
  let res:i64 = smallest_multiple(n);
  if iters == 1{
    println_i64(res);
    0
  }else {
    main_loop(iters - 1,n)
  }
}

def main(iters:i64,n:i64): i64{
  main_loop(iters, n)
}

INFO - got notification with method textDocument/didChange
INFO - loading text data Bool { True, False }

def all_divides(n:i64,m:i64): Bool{
}

def smallest_multiple_rec(n:i64,curr:i64):i64{
  all_divides(n,curr).case{
    True => curr,
    False => smallest_multiple_rec(n,curr + 1)
  }
}

def smallest_multiple(n:i64): i64{
  smallest_multiple_rec(n,0)
}

def main_loop(iters:i64,n:i64): i64{
  let res:i64 = smallest_multiple(n);
  if iters == 1{
    println_i64(res);
    0
  }else {
    main_loop(iters - 1,n)
  }
}

def main(iters:i64,n:i64): i64{
  main_loop(iters, n)
}

INFO - got notification with method textDocument/didChange
INFO - loading text data Bool { True, False }

def all_divides(n:i64,m:i64): Bool{

}

def smallest_multiple_rec(n:i64,curr:i64):i64{
  all_divides(n,curr).case{
    True => curr,
    False => smallest_multiple_rec(n,curr + 1)
  }
}

def smallest_multiple(n:i64): i64{
  smallest_multiple_rec(n,0)
}

def main_loop(iters:i64,n:i64): i64{
  let res:i64 = smallest_multiple(n);
  if iters == 1{
    println_i64(res);
    0
  }else {
    main_loop(iters - 1,n)
  }
}

def main(iters:i64,n:i64): i64{
  main_loop(iters, n)
}

INFO - got notification with method textDocument/didChange
INFO - loading text data Bool { True, False }

def all_divides(n:i64,m:i64): Bool{
 
}

def smallest_multiple_rec(n:i64,curr:i64):i64{
  all_divides(n,curr).case{
    True => curr,
    False => smallest_multiple_rec(n,curr + 1)
  }
}

def smallest_multiple(n:i64): i64{
  smallest_multiple_rec(n,0)
}

def main_loop(iters:i64,n:i64): i64{
  let res:i64 = smallest_multiple(n);
  if iters == 1{
    println_i64(res);
    0
  }else {
    main_loop(iters - 1,n)
  }
}

def main(iters:i64,n:i64): i64{
  main_loop(iters, n)
}

INFO - got notification with method textDocument/didChange
INFO - loading text data Bool { True, False }

def all_divides(n:i64,m:i64): Bool{
  
}

def smallest_multiple_rec(n:i64,curr:i64):i64{
  all_divides(n,curr).case{
    True => curr,
    False => smallest_multiple_rec(n,curr + 1)
  }
}

def smallest_multiple(n:i64): i64{
  smallest_multiple_rec(n,0)
}

def main_loop(iters:i64,n:i64): i64{
  let res:i64 = smallest_multiple(n);
  if iters == 1{
    println_i64(res);
    0
  }else {
    main_loop(iters - 1,n)
  }
}

def main(iters:i64,n:i64): i64{
  main_loop(iters, n)
}

INFO - got notification with method textDocument/didChange
INFO - loading text data Bool { True, False }

def all_divides(n:i64,m:i64): Bool{
  a
}

def smallest_multiple_rec(n:i64,curr:i64):i64{
  all_divides(n,curr).case{
    True => curr,
    False => smallest_multiple_rec(n,curr + 1)
  }
}

def smallest_multiple(n:i64): i64{
  smallest_multiple_rec(n,0)
}

def main_loop(iters:i64,n:i64): i64{
  let res:i64 = smallest_multiple(n);
  if iters == 1{
    println_i64(res);
    0
  }else {
    main_loop(iters - 1,n)
  }
}

def main(iters:i64,n:i64): i64{
  main_loop(iters, n)
}

INFO - got notification with method textDocument/didChange
INFO - loading text data Bool { True, False }

def all_divides(n:i64,m:i64): Bool{
  al
}

def smallest_multiple_rec(n:i64,curr:i64):i64{
  all_divides(n,curr).case{
    True => curr,
    False => smallest_multiple_rec(n,curr + 1)
  }
}

def smallest_multiple(n:i64): i64{
  smallest_multiple_rec(n,0)
}

def main_loop(iters:i64,n:i64): i64{
  let res:i64 = smallest_multiple(n);
  if iters == 1{
    println_i64(res);
    0
  }else {
    main_loop(iters - 1,n)
  }
}

def main(iters:i64,n:i64): i64{
  main_loop(iters, n)
}

INFO - got notification with method textDocument/didChange
INFO - loading text data Bool { True, False }

def all_divides(n:i64,m:i64): Bool{
  all
}

def smallest_multiple_rec(n:i64,curr:i64):i64{
  all_divides(n,curr).case{
    True => curr,
    False => smallest_multiple_rec(n,curr + 1)
  }
}

def smallest_multiple(n:i64): i64{
  smallest_multiple_rec(n,0)
}

def main_loop(iters:i64,n:i64): i64{
  let res:i64 = smallest_multiple(n);
  if iters == 1{
    println_i64(res);
    0
  }else {
    main_loop(iters - 1,n)
  }
}

def main(iters:i64,n:i64): i64{
  main_loop(iters, n)
}

INFO - got notification with method textDocument/didChange
INFO - loading text data Bool { True, False }

def all_divides(n:i64,m:i64): Bool{
  all_
}

def smallest_multiple_rec(n:i64,curr:i64):i64{
  all_divides(n,curr).case{
    True => curr,
    False => smallest_multiple_rec(n,curr + 1)
  }
}

def smallest_multiple(n:i64): i64{
  smallest_multiple_rec(n,0)
}

def main_loop(iters:i64,n:i64): i64{
  let res:i64 = smallest_multiple(n);
  if iters == 1{
    println_i64(res);
    0
  }else {
    main_loop(iters - 1,n)
  }
}

def main(iters:i64,n:i64): i64{
  main_loop(iters, n)
}

INFO - got notification with method textDocument/didChange
INFO - loading text data Bool { True, False }

def all_divides(n:i64,m:i64): Bool{
  all_di
}

def smallest_multiple_rec(n:i64,curr:i64):i64{
  all_divides(n,curr).case{
    True => curr,
    False => smallest_multiple_rec(n,curr + 1)
  }
}

def smallest_multiple(n:i64): i64{
  smallest_multiple_rec(n,0)
}

def main_loop(iters:i64,n:i64): i64{
  let res:i64 = smallest_multiple(n);
  if iters == 1{
    println_i64(res);
    0
  }else {
    main_loop(iters - 1,n)
  }
}

def main(iters:i64,n:i64): i64{
  main_loop(iters, n)
}

INFO - got notification with method textDocument/didChange
INFO - loading text data Bool { True, False }

def all_divides(n:i64,m:i64): Bool{
  all_div
}

def smallest_multiple_rec(n:i64,curr:i64):i64{
  all_divides(n,curr).case{
    True => curr,
    False => smallest_multiple_rec(n,curr + 1)
  }
}

def smallest_multiple(n:i64): i64{
  smallest_multiple_rec(n,0)
}

def main_loop(iters:i64,n:i64): i64{
  let res:i64 = smallest_multiple(n);
  if iters == 1{
    println_i64(res);
    0
  }else {
    main_loop(iters - 1,n)
  }
}

def main(iters:i64,n:i64): i64{
  main_loop(iters, n)
}

INFO - got notification with method textDocument/didChange
INFO - loading text data Bool { True, False }

def all_divides(n:i64,m:i64): Bool{
  all_divi
}

def smallest_multiple_rec(n:i64,curr:i64):i64{
  all_divides(n,curr).case{
    True => curr,
    False => smallest_multiple_rec(n,curr + 1)
  }
}

def smallest_multiple(n:i64): i64{
  smallest_multiple_rec(n,0)
}

def main_loop(iters:i64,n:i64): i64{
  let res:i64 = smallest_multiple(n);
  if iters == 1{
    println_i64(res);
    0
  }else {
    main_loop(iters - 1,n)
  }
}

def main(iters:i64,n:i64): i64{
  main_loop(iters, n)
}

INFO - got notification with method textDocument/didChange
INFO - loading text data Bool { True, False }

def all_divides(n:i64,m:i64): Bool{
  all_divid
}

def smallest_multiple_rec(n:i64,curr:i64):i64{
  all_divides(n,curr).case{
    True => curr,
    False => smallest_multiple_rec(n,curr + 1)
  }
}

def smallest_multiple(n:i64): i64{
  smallest_multiple_rec(n,0)
}

def main_loop(iters:i64,n:i64): i64{
  let res:i64 = smallest_multiple(n);
  if iters == 1{
    println_i64(res);
    0
  }else {
    main_loop(iters - 1,n)
  }
}

def main(iters:i64,n:i64): i64{
  main_loop(iters, n)
}

INFO - got notification with method textDocument/didChange
INFO - loading text data Bool { True, False }

def all_divides(n:i64,m:i64): Bool{
  all_divide
}

def smallest_multiple_rec(n:i64,curr:i64):i64{
  all_divides(n,curr).case{
    True => curr,
    False => smallest_multiple_rec(n,curr + 1)
  }
}

def smallest_multiple(n:i64): i64{
  smallest_multiple_rec(n,0)
}

def main_loop(iters:i64,n:i64): i64{
  let res:i64 = smallest_multiple(n);
  if iters == 1{
    println_i64(res);
    0
  }else {
    main_loop(iters - 1,n)
  }
}

def main(iters:i64,n:i64): i64{
  main_loop(iters, n)
}

INFO - got notification with method textDocument/didChange
INFO - loading text data Bool { True, False }

def all_divides(n:i64,m:i64): Bool{
  all_divides
}

def smallest_multiple_rec(n:i64,curr:i64):i64{
  all_divides(n,curr).case{
    True => curr,
    False => smallest_multiple_rec(n,curr + 1)
  }
}

def smallest_multiple(n:i64): i64{
  smallest_multiple_rec(n,0)
}

def main_loop(iters:i64,n:i64): i64{
  let res:i64 = smallest_multiple(n);
  if iters == 1{
    println_i64(res);
    0
  }else {
    main_loop(iters - 1,n)
  }
}

def main(iters:i64,n:i64): i64{
  main_loop(iters, n)
}

INFO - got notification with method textDocument/didChange
INFO - loading text data Bool { True, False }

def all_divides(n:i64,m:i64): Bool{
  all_divides(
}

def smallest_multiple_rec(n:i64,curr:i64):i64{
  all_divides(n,curr).case{
    True => curr,
    False => smallest_multiple_rec(n,curr + 1)
  }
}

def smallest_multiple(n:i64): i64{
  smallest_multiple_rec(n,0)
}

def main_loop(iters:i64,n:i64): i64{
  let res:i64 = smallest_multiple(n);
  if iters == 1{
    println_i64(res);
    0
  }else {
    main_loop(iters - 1,n)
  }
}

def main(iters:i64,n:i64): i64{
  main_loop(iters, n)
}

INFO - got notification with method textDocument/didChange
INFO - loading text data Bool { True, False }

def all_divides(n:i64,m:i64): Bool{
  all_divides(r
}

def smallest_multiple_rec(n:i64,curr:i64):i64{
  all_divides(n,curr).case{
    True => curr,
    False => smallest_multiple_rec(n,curr + 1)
  }
}

def smallest_multiple(n:i64): i64{
  smallest_multiple_rec(n,0)
}

def main_loop(iters:i64,n:i64): i64{
  let res:i64 = smallest_multiple(n);
  if iters == 1{
    println_i64(res);
    0
  }else {
    main_loop(iters - 1,n)
  }
}

def main(iters:i64,n:i64): i64{
  main_loop(iters, n)
}

INFO - got notification with method textDocument/didChange
INFO - loading text data Bool { True, False }

def all_divides(n:i64,m:i64): Bool{
  all_divides(re
}

def smallest_multiple_rec(n:i64,curr:i64):i64{
  all_divides(n,curr).case{
    True => curr,
    False => smallest_multiple_rec(n,curr + 1)
  }
}

def smallest_multiple(n:i64): i64{
  smallest_multiple_rec(n,0)
}

def main_loop(iters:i64,n:i64): i64{
  let res:i64 = smallest_multiple(n);
  if iters == 1{
    println_i64(res);
    0
  }else {
    main_loop(iters - 1,n)
  }
}

def main(iters:i64,n:i64): i64{
  main_loop(iters, n)
}

INFO - got notification with method textDocument/didChange
INFO - loading text data Bool { True, False }

def all_divides(n:i64,m:i64): Bool{
  all_divides(r
}

def smallest_multiple_rec(n:i64,curr:i64):i64{
  all_divides(n,curr).case{
    True => curr,
    False => smallest_multiple_rec(n,curr + 1)
  }
}

def smallest_multiple(n:i64): i64{
  smallest_multiple_rec(n,0)
}

def main_loop(iters:i64,n:i64): i64{
  let res:i64 = smallest_multiple(n);
  if iters == 1{
    println_i64(res);
    0
  }else {
    main_loop(iters - 1,n)
  }
}

def main(iters:i64,n:i64): i64{
  main_loop(iters, n)
}

INFO - got notification with method textDocument/didChange
INFO - loading text data Bool { True, False }

def all_divides(n:i64,m:i64): Bool{
  all_divides(
}

def smallest_multiple_rec(n:i64,curr:i64):i64{
  all_divides(n,curr).case{
    True => curr,
    False => smallest_multiple_rec(n,curr + 1)
  }
}

def smallest_multiple(n:i64): i64{
  smallest_multiple_rec(n,0)
}

def main_loop(iters:i64,n:i64): i64{
  let res:i64 = smallest_multiple(n);
  if iters == 1{
    println_i64(res);
    0
  }else {
    main_loop(iters - 1,n)
  }
}

def main(iters:i64,n:i64): i64{
  main_loop(iters, n)
}

INFO - got notification with method textDocument/didChange
INFO - loading text data Bool { True, False }

def all_divides(n:i64,m:i64): Bool{
  all_divides_
}

def smallest_multiple_rec(n:i64,curr:i64):i64{
  all_divides(n,curr).case{
    True => curr,
    False => smallest_multiple_rec(n,curr + 1)
  }
}

def smallest_multiple(n:i64): i64{
  smallest_multiple_rec(n,0)
}

def main_loop(iters:i64,n:i64): i64{
  let res:i64 = smallest_multiple(n);
  if iters == 1{
    println_i64(res);
    0
  }else {
    main_loop(iters - 1,n)
  }
}

def main(iters:i64,n:i64): i64{
  main_loop(iters, n)
}

INFO - got notification with method textDocument/didChange
INFO - loading text data Bool { True, False }

def all_divides(n:i64,m:i64): Bool{
  all_divides_r
}

def smallest_multiple_rec(n:i64,curr:i64):i64{
  all_divides(n,curr).case{
    True => curr,
    False => smallest_multiple_rec(n,curr + 1)
  }
}

def smallest_multiple(n:i64): i64{
  smallest_multiple_rec(n,0)
}

def main_loop(iters:i64,n:i64): i64{
  let res:i64 = smallest_multiple(n);
  if iters == 1{
    println_i64(res);
    0
  }else {
    main_loop(iters - 1,n)
  }
}

def main(iters:i64,n:i64): i64{
  main_loop(iters, n)
}

INFO - got notification with method textDocument/didChange
INFO - loading text data Bool { True, False }

def all_divides(n:i64,m:i64): Bool{
  all_divides_re
}

def smallest_multiple_rec(n:i64,curr:i64):i64{
  all_divides(n,curr).case{
    True => curr,
    False => smallest_multiple_rec(n,curr + 1)
  }
}

def smallest_multiple(n:i64): i64{
  smallest_multiple_rec(n,0)
}

def main_loop(iters:i64,n:i64): i64{
  let res:i64 = smallest_multiple(n);
  if iters == 1{
    println_i64(res);
    0
  }else {
    main_loop(iters - 1,n)
  }
}

def main(iters:i64,n:i64): i64{
  main_loop(iters, n)
}

INFO - got notification with method textDocument/didChange
INFO - loading text data Bool { True, False }

def all_divides(n:i64,m:i64): Bool{
  all_divides_rec(
}

def smallest_multiple_rec(n:i64,curr:i64):i64{
  all_divides(n,curr).case{
    True => curr,
    False => smallest_multiple_rec(n,curr + 1)
  }
}

def smallest_multiple(n:i64): i64{
  smallest_multiple_rec(n,0)
}

def main_loop(iters:i64,n:i64): i64{
  let res:i64 = smallest_multiple(n);
  if iters == 1{
    println_i64(res);
    0
  }else {
    main_loop(iters - 1,n)
  }
}

def main(iters:i64,n:i64): i64{
  main_loop(iters, n)
}

INFO - got notification with method textDocument/didChange
INFO - loading text data Bool { True, False }

def all_divides(n:i64,m:i64): Bool{
  all_divides_rec(n
}

def smallest_multiple_rec(n:i64,curr:i64):i64{
  all_divides(n,curr).case{
    True => curr,
    False => smallest_multiple_rec(n,curr + 1)
  }
}

def smallest_multiple(n:i64): i64{
  smallest_multiple_rec(n,0)
}

def main_loop(iters:i64,n:i64): i64{
  let res:i64 = smallest_multiple(n);
  if iters == 1{
    println_i64(res);
    0
  }else {
    main_loop(iters - 1,n)
  }
}

def main(iters:i64,n:i64): i64{
  main_loop(iters, n)
}

INFO - got notification with method textDocument/didChange
INFO - loading text data Bool { True, False }

def all_divides(n:i64,m:i64): Bool{
  all_divides_rec(n,
}

def smallest_multiple_rec(n:i64,curr:i64):i64{
  all_divides(n,curr).case{
    True => curr,
    False => smallest_multiple_rec(n,curr + 1)
  }
}

def smallest_multiple(n:i64): i64{
  smallest_multiple_rec(n,0)
}

def main_loop(iters:i64,n:i64): i64{
  let res:i64 = smallest_multiple(n);
  if iters == 1{
    println_i64(res);
    0
  }else {
    main_loop(iters - 1,n)
  }
}

def main(iters:i64,n:i64): i64{
  main_loop(iters, n)
}

INFO - got notification with method textDocument/didChange
INFO - loading text data Bool { True, False }

def all_divides(n:i64,m:i64): Bool{
  all_divides_rec(n,m
}

def smallest_multiple_rec(n:i64,curr:i64):i64{
  all_divides(n,curr).case{
    True => curr,
    False => smallest_multiple_rec(n,curr + 1)
  }
}

def smallest_multiple(n:i64): i64{
  smallest_multiple_rec(n,0)
}

def main_loop(iters:i64,n:i64): i64{
  let res:i64 = smallest_multiple(n);
  if iters == 1{
    println_i64(res);
    0
  }else {
    main_loop(iters - 1,n)
  }
}

def main(iters:i64,n:i64): i64{
  main_loop(iters, n)
}

INFO - got notification with method textDocument/didChange
INFO - loading text data Bool { True, False }

def all_divides(n:i64,m:i64): Bool{
  all_divides_rec(n,m,
}

def smallest_multiple_rec(n:i64,curr:i64):i64{
  all_divides(n,curr).case{
    True => curr,
    False => smallest_multiple_rec(n,curr + 1)
  }
}

def smallest_multiple(n:i64): i64{
  smallest_multiple_rec(n,0)
}

def main_loop(iters:i64,n:i64): i64{
  let res:i64 = smallest_multiple(n);
  if iters == 1{
    println_i64(res);
    0
  }else {
    main_loop(iters - 1,n)
  }
}

def main(iters:i64,n:i64): i64{
  main_loop(iters, n)
}

INFO - got notification with method textDocument/didChange
INFO - loading text data Bool { True, False }

def all_divides(n:i64,m:i64): Bool{
  all_divides_rec(n,m,1
}

def smallest_multiple_rec(n:i64,curr:i64):i64{
  all_divides(n,curr).case{
    True => curr,
    False => smallest_multiple_rec(n,curr + 1)
  }
}

def smallest_multiple(n:i64): i64{
  smallest_multiple_rec(n,0)
}

def main_loop(iters:i64,n:i64): i64{
  let res:i64 = smallest_multiple(n);
  if iters == 1{
    println_i64(res);
    0
  }else {
    main_loop(iters - 1,n)
  }
}

def main(iters:i64,n:i64): i64{
  main_loop(iters, n)
}

INFO - got notification with method textDocument/didChange
INFO - loading text data Bool { True, False }

def all_divides(n:i64,m:i64): Bool{
  all_divides_rec(n,m,1)
}

def smallest_multiple_rec(n:i64,curr:i64):i64{
  all_divides(n,curr).case{
    True => curr,
    False => smallest_multiple_rec(n,curr + 1)
  }
}

def smallest_multiple(n:i64): i64{
  smallest_multiple_rec(n,0)
}

def main_loop(iters:i64,n:i64): i64{
  let res:i64 = smallest_multiple(n);
  if iters == 1{
    println_i64(res);
    0
  }else {
    main_loop(iters - 1,n)
  }
}

def main(iters:i64,n:i64): i64{
  main_loop(iters, n)
}

INFO - got notification with method textDocument/didChange
INFO - loading text data Bool { True, False }


def all_divides(n:i64,m:i64): Bool{
  all_divides_rec(n,m,1)
}

def smallest_multiple_rec(n:i64,curr:i64):i64{
  all_divides(n,curr).case{
    True => curr,
    False => smallest_multiple_rec(n,curr + 1)
  }
}

def smallest_multiple(n:i64): i64{
  smallest_multiple_rec(n,0)
}

def main_loop(iters:i64,n:i64): i64{
  let res:i64 = smallest_multiple(n);
  if iters == 1{
    println_i64(res);
    0
  }else {
    main_loop(iters - 1,n)
  }
}

def main(iters:i64,n:i64): i64{
  main_loop(iters, n)
}

INFO - got notification with method textDocument/didChange
INFO - loading text data Bool { True, False }



def all_divides(n:i64,m:i64): Bool{
  all_divides_rec(n,m,1)
}

def smallest_multiple_rec(n:i64,curr:i64):i64{
  all_divides(n,curr).case{
    True => curr,
    False => smallest_multiple_rec(n,curr + 1)
  }
}

def smallest_multiple(n:i64): i64{
  smallest_multiple_rec(n,0)
}

def main_loop(iters:i64,n:i64): i64{
  let res:i64 = smallest_multiple(n);
  if iters == 1{
    println_i64(res);
    0
  }else {
    main_loop(iters - 1,n)
  }
}

def main(iters:i64,n:i64): i64{
  main_loop(iters, n)
}

INFO - got notification with method textDocument/didChange
INFO - loading text data Bool { True, False }

d

def all_divides(n:i64,m:i64): Bool{
  all_divides_rec(n,m,1)
}

def smallest_multiple_rec(n:i64,curr:i64):i64{
  all_divides(n,curr).case{
    True => curr,
    False => smallest_multiple_rec(n,curr + 1)
  }
}

def smallest_multiple(n:i64): i64{
  smallest_multiple_rec(n,0)
}

def main_loop(iters:i64,n:i64): i64{
  let res:i64 = smallest_multiple(n);
  if iters == 1{
    println_i64(res);
    0
  }else {
    main_loop(iters - 1,n)
  }
}

def main(iters:i64,n:i64): i64{
  main_loop(iters, n)
}

INFO - got notification with method textDocument/didChange
INFO - loading text data Bool { True, False }

de

def all_divides(n:i64,m:i64): Bool{
  all_divides_rec(n,m,1)
}

def smallest_multiple_rec(n:i64,curr:i64):i64{
  all_divides(n,curr).case{
    True => curr,
    False => smallest_multiple_rec(n,curr + 1)
  }
}

def smallest_multiple(n:i64): i64{
  smallest_multiple_rec(n,0)
}

def main_loop(iters:i64,n:i64): i64{
  let res:i64 = smallest_multiple(n);
  if iters == 1{
    println_i64(res);
    0
  }else {
    main_loop(iters - 1,n)
  }
}

def main(iters:i64,n:i64): i64{
  main_loop(iters, n)
}

INFO - got notification with method textDocument/didChange
INFO - loading text data Bool { True, False }

def 

def all_divides(n:i64,m:i64): Bool{
  all_divides_rec(n,m,1)
}

def smallest_multiple_rec(n:i64,curr:i64):i64{
  all_divides(n,curr).case{
    True => curr,
    False => smallest_multiple_rec(n,curr + 1)
  }
}

def smallest_multiple(n:i64): i64{
  smallest_multiple_rec(n,0)
}

def main_loop(iters:i64,n:i64): i64{
  let res:i64 = smallest_multiple(n);
  if iters == 1{
    println_i64(res);
    0
  }else {
    main_loop(iters - 1,n)
  }
}

def main(iters:i64,n:i64): i64{
  main_loop(iters, n)
}

INFO - got notification with method textDocument/didChange
INFO - loading text data Bool { True, False }

def a

def all_divides(n:i64,m:i64): Bool{
  all_divides_rec(n,m,1)
}

def smallest_multiple_rec(n:i64,curr:i64):i64{
  all_divides(n,curr).case{
    True => curr,
    False => smallest_multiple_rec(n,curr + 1)
  }
}

def smallest_multiple(n:i64): i64{
  smallest_multiple_rec(n,0)
}

def main_loop(iters:i64,n:i64): i64{
  let res:i64 = smallest_multiple(n);
  if iters == 1{
    println_i64(res);
    0
  }else {
    main_loop(iters - 1,n)
  }
}

def main(iters:i64,n:i64): i64{
  main_loop(iters, n)
}

INFO - got notification with method textDocument/didChange
INFO - loading text data Bool { True, False }

def al

def all_divides(n:i64,m:i64): Bool{
  all_divides_rec(n,m,1)
}

def smallest_multiple_rec(n:i64,curr:i64):i64{
  all_divides(n,curr).case{
    True => curr,
    False => smallest_multiple_rec(n,curr + 1)
  }
}

def smallest_multiple(n:i64): i64{
  smallest_multiple_rec(n,0)
}

def main_loop(iters:i64,n:i64): i64{
  let res:i64 = smallest_multiple(n);
  if iters == 1{
    println_i64(res);
    0
  }else {
    main_loop(iters - 1,n)
  }
}

def main(iters:i64,n:i64): i64{
  main_loop(iters, n)
}

INFO - got notification with method textDocument/didChange
INFO - loading text data Bool { True, False }

def all

def all_divides(n:i64,m:i64): Bool{
  all_divides_rec(n,m,1)
}

def smallest_multiple_rec(n:i64,curr:i64):i64{
  all_divides(n,curr).case{
    True => curr,
    False => smallest_multiple_rec(n,curr + 1)
  }
}

def smallest_multiple(n:i64): i64{
  smallest_multiple_rec(n,0)
}

def main_loop(iters:i64,n:i64): i64{
  let res:i64 = smallest_multiple(n);
  if iters == 1{
    println_i64(res);
    0
  }else {
    main_loop(iters - 1,n)
  }
}

def main(iters:i64,n:i64): i64{
  main_loop(iters, n)
}

INFO - got notification with method textDocument/didChange
INFO - loading text data Bool { True, False }

def all_d

def all_divides(n:i64,m:i64): Bool{
  all_divides_rec(n,m,1)
}

def smallest_multiple_rec(n:i64,curr:i64):i64{
  all_divides(n,curr).case{
    True => curr,
    False => smallest_multiple_rec(n,curr + 1)
  }
}

def smallest_multiple(n:i64): i64{
  smallest_multiple_rec(n,0)
}

def main_loop(iters:i64,n:i64): i64{
  let res:i64 = smallest_multiple(n);
  if iters == 1{
    println_i64(res);
    0
  }else {
    main_loop(iters - 1,n)
  }
}

def main(iters:i64,n:i64): i64{
  main_loop(iters, n)
}

INFO - got notification with method textDocument/didChange
INFO - loading text data Bool { True, False }

def all_div

def all_divides(n:i64,m:i64): Bool{
  all_divides_rec(n,m,1)
}

def smallest_multiple_rec(n:i64,curr:i64):i64{
  all_divides(n,curr).case{
    True => curr,
    False => smallest_multiple_rec(n,curr + 1)
  }
}

def smallest_multiple(n:i64): i64{
  smallest_multiple_rec(n,0)
}

def main_loop(iters:i64,n:i64): i64{
  let res:i64 = smallest_multiple(n);
  if iters == 1{
    println_i64(res);
    0
  }else {
    main_loop(iters - 1,n)
  }
}

def main(iters:i64,n:i64): i64{
  main_loop(iters, n)
}

INFO - got notification with method textDocument/didChange
INFO - loading text data Bool { True, False }

def all_divi

def all_divides(n:i64,m:i64): Bool{
  all_divides_rec(n,m,1)
}

def smallest_multiple_rec(n:i64,curr:i64):i64{
  all_divides(n,curr).case{
    True => curr,
    False => smallest_multiple_rec(n,curr + 1)
  }
}

def smallest_multiple(n:i64): i64{
  smallest_multiple_rec(n,0)
}

def main_loop(iters:i64,n:i64): i64{
  let res:i64 = smallest_multiple(n);
  if iters == 1{
    println_i64(res);
    0
  }else {
    main_loop(iters - 1,n)
  }
}

def main(iters:i64,n:i64): i64{
  main_loop(iters, n)
}

INFO - got notification with method textDocument/didChange
INFO - loading text data Bool { True, False }

def all_divid

def all_divides(n:i64,m:i64): Bool{
  all_divides_rec(n,m,1)
}

def smallest_multiple_rec(n:i64,curr:i64):i64{
  all_divides(n,curr).case{
    True => curr,
    False => smallest_multiple_rec(n,curr + 1)
  }
}

def smallest_multiple(n:i64): i64{
  smallest_multiple_rec(n,0)
}

def main_loop(iters:i64,n:i64): i64{
  let res:i64 = smallest_multiple(n);
  if iters == 1{
    println_i64(res);
    0
  }else {
    main_loop(iters - 1,n)
  }
}

def main(iters:i64,n:i64): i64{
  main_loop(iters, n)
}

INFO - got notification with method textDocument/didChange
INFO - loading text data Bool { True, False }

def all_divide

def all_divides(n:i64,m:i64): Bool{
  all_divides_rec(n,m,1)
}

def smallest_multiple_rec(n:i64,curr:i64):i64{
  all_divides(n,curr).case{
    True => curr,
    False => smallest_multiple_rec(n,curr + 1)
  }
}

def smallest_multiple(n:i64): i64{
  smallest_multiple_rec(n,0)
}

def main_loop(iters:i64,n:i64): i64{
  let res:i64 = smallest_multiple(n);
  if iters == 1{
    println_i64(res);
    0
  }else {
    main_loop(iters - 1,n)
  }
}

def main(iters:i64,n:i64): i64{
  main_loop(iters, n)
}

INFO - got notification with method textDocument/didChange
INFO - loading text data Bool { True, False }

def all_divides

def all_divides(n:i64,m:i64): Bool{
  all_divides_rec(n,m,1)
}

def smallest_multiple_rec(n:i64,curr:i64):i64{
  all_divides(n,curr).case{
    True => curr,
    False => smallest_multiple_rec(n,curr + 1)
  }
}

def smallest_multiple(n:i64): i64{
  smallest_multiple_rec(n,0)
}

def main_loop(iters:i64,n:i64): i64{
  let res:i64 = smallest_multiple(n);
  if iters == 1{
    println_i64(res);
    0
  }else {
    main_loop(iters - 1,n)
  }
}

def main(iters:i64,n:i64): i64{
  main_loop(iters, n)
}

INFO - got notification with method textDocument/didChange
INFO - loading text data Bool { True, False }

def all_divides(

def all_divides(n:i64,m:i64): Bool{
  all_divides_rec(n,m,1)
}

def smallest_multiple_rec(n:i64,curr:i64):i64{
  all_divides(n,curr).case{
    True => curr,
    False => smallest_multiple_rec(n,curr + 1)
  }
}

def smallest_multiple(n:i64): i64{
  smallest_multiple_rec(n,0)
}

def main_loop(iters:i64,n:i64): i64{
  let res:i64 = smallest_multiple(n);
  if iters == 1{
    println_i64(res);
    0
  }else {
    main_loop(iters - 1,n)
  }
}

def main(iters:i64,n:i64): i64{
  main_loop(iters, n)
}

INFO - got notification with method textDocument/didChange
INFO - loading text data Bool { True, False }

def all_divides(n

def all_divides(n:i64,m:i64): Bool{
  all_divides_rec(n,m,1)
}

def smallest_multiple_rec(n:i64,curr:i64):i64{
  all_divides(n,curr).case{
    True => curr,
    False => smallest_multiple_rec(n,curr + 1)
  }
}

def smallest_multiple(n:i64): i64{
  smallest_multiple_rec(n,0)
}

def main_loop(iters:i64,n:i64): i64{
  let res:i64 = smallest_multiple(n);
  if iters == 1{
    println_i64(res);
    0
  }else {
    main_loop(iters - 1,n)
  }
}

def main(iters:i64,n:i64): i64{
  main_loop(iters, n)
}

INFO - got notification with method textDocument/didChange
INFO - loading text data Bool { True, False }

def all_divides(n:

def all_divides(n:i64,m:i64): Bool{
  all_divides_rec(n,m,1)
}

def smallest_multiple_rec(n:i64,curr:i64):i64{
  all_divides(n,curr).case{
    True => curr,
    False => smallest_multiple_rec(n,curr + 1)
  }
}

def smallest_multiple(n:i64): i64{
  smallest_multiple_rec(n,0)
}

def main_loop(iters:i64,n:i64): i64{
  let res:i64 = smallest_multiple(n);
  if iters == 1{
    println_i64(res);
    0
  }else {
    main_loop(iters - 1,n)
  }
}

def main(iters:i64,n:i64): i64{
  main_loop(iters, n)
}

INFO - got notification with method textDocument/didChange
INFO - loading text data Bool { True, False }

def all_divides(n:i

def all_divides(n:i64,m:i64): Bool{
  all_divides_rec(n,m,1)
}

def smallest_multiple_rec(n:i64,curr:i64):i64{
  all_divides(n,curr).case{
    True => curr,
    False => smallest_multiple_rec(n,curr + 1)
  }
}

def smallest_multiple(n:i64): i64{
  smallest_multiple_rec(n,0)
}

def main_loop(iters:i64,n:i64): i64{
  let res:i64 = smallest_multiple(n);
  if iters == 1{
    println_i64(res);
    0
  }else {
    main_loop(iters - 1,n)
  }
}

def main(iters:i64,n:i64): i64{
  main_loop(iters, n)
}

INFO - got notification with method textDocument/didChange
INFO - loading text data Bool { True, False }

def all_divides(n:i6

def all_divides(n:i64,m:i64): Bool{
  all_divides_rec(n,m,1)
}

def smallest_multiple_rec(n:i64,curr:i64):i64{
  all_divides(n,curr).case{
    True => curr,
    False => smallest_multiple_rec(n,curr + 1)
  }
}

def smallest_multiple(n:i64): i64{
  smallest_multiple_rec(n,0)
}

def main_loop(iters:i64,n:i64): i64{
  let res:i64 = smallest_multiple(n);
  if iters == 1{
    println_i64(res);
    0
  }else {
    main_loop(iters - 1,n)
  }
}

def main(iters:i64,n:i64): i64{
  main_loop(iters, n)
}

INFO - got notification with method textDocument/didChange
INFO - loading text data Bool { True, False }

def all_divides(n:i64,

def all_divides(n:i64,m:i64): Bool{
  all_divides_rec(n,m,1)
}

def smallest_multiple_rec(n:i64,curr:i64):i64{
  all_divides(n,curr).case{
    True => curr,
    False => smallest_multiple_rec(n,curr + 1)
  }
}

def smallest_multiple(n:i64): i64{
  smallest_multiple_rec(n,0)
}

def main_loop(iters:i64,n:i64): i64{
  let res:i64 = smallest_multiple(n);
  if iters == 1{
    println_i64(res);
    0
  }else {
    main_loop(iters - 1,n)
  }
}

def main(iters:i64,n:i64): i64{
  main_loop(iters, n)
}

INFO - got notification with method textDocument/didChange
INFO - loading text data Bool { True, False }

def all_divides(n:i64,m

def all_divides(n:i64,m:i64): Bool{
  all_divides_rec(n,m,1)
}

def smallest_multiple_rec(n:i64,curr:i64):i64{
  all_divides(n,curr).case{
    True => curr,
    False => smallest_multiple_rec(n,curr + 1)
  }
}

def smallest_multiple(n:i64): i64{
  smallest_multiple_rec(n,0)
}

def main_loop(iters:i64,n:i64): i64{
  let res:i64 = smallest_multiple(n);
  if iters == 1{
    println_i64(res);
    0
  }else {
    main_loop(iters - 1,n)
  }
}

def main(iters:i64,n:i64): i64{
  main_loop(iters, n)
}

INFO - got notification with method textDocument/didChange
INFO - loading text data Bool { True, False }

def all_divides(n:i64,m:

def all_divides(n:i64,m:i64): Bool{
  all_divides_rec(n,m,1)
}

def smallest_multiple_rec(n:i64,curr:i64):i64{
  all_divides(n,curr).case{
    True => curr,
    False => smallest_multiple_rec(n,curr + 1)
  }
}

def smallest_multiple(n:i64): i64{
  smallest_multiple_rec(n,0)
}

def main_loop(iters:i64,n:i64): i64{
  let res:i64 = smallest_multiple(n);
  if iters == 1{
    println_i64(res);
    0
  }else {
    main_loop(iters - 1,n)
  }
}

def main(iters:i64,n:i64): i64{
  main_loop(iters, n)
}

INFO - got notification with method textDocument/didChange
INFO - loading text data Bool { True, False }

def all_divides(n:i64,m:i

def all_divides(n:i64,m:i64): Bool{
  all_divides_rec(n,m,1)
}

def smallest_multiple_rec(n:i64,curr:i64):i64{
  all_divides(n,curr).case{
    True => curr,
    False => smallest_multiple_rec(n,curr + 1)
  }
}

def smallest_multiple(n:i64): i64{
  smallest_multiple_rec(n,0)
}

def main_loop(iters:i64,n:i64): i64{
  let res:i64 = smallest_multiple(n);
  if iters == 1{
    println_i64(res);
    0
  }else {
    main_loop(iters - 1,n)
  }
}

def main(iters:i64,n:i64): i64{
  main_loop(iters, n)
}

INFO - got notification with method textDocument/didChange
INFO - loading text data Bool { True, False }

def all_divides(n:i64,m:i6

def all_divides(n:i64,m:i64): Bool{
  all_divides_rec(n,m,1)
}

def smallest_multiple_rec(n:i64,curr:i64):i64{
  all_divides(n,curr).case{
    True => curr,
    False => smallest_multiple_rec(n,curr + 1)
  }
}

def smallest_multiple(n:i64): i64{
  smallest_multiple_rec(n,0)
}

def main_loop(iters:i64,n:i64): i64{
  let res:i64 = smallest_multiple(n);
  if iters == 1{
    println_i64(res);
    0
  }else {
    main_loop(iters - 1,n)
  }
}

def main(iters:i64,n:i64): i64{
  main_loop(iters, n)
}

INFO - got notification with method textDocument/didChange
INFO - loading text data Bool { True, False }

def all_divides(n:i64,m:i64

def all_divides(n:i64,m:i64): Bool{
  all_divides_rec(n,m,1)
}

def smallest_multiple_rec(n:i64,curr:i64):i64{
  all_divides(n,curr).case{
    True => curr,
    False => smallest_multiple_rec(n,curr + 1)
  }
}

def smallest_multiple(n:i64): i64{
  smallest_multiple_rec(n,0)
}

def main_loop(iters:i64,n:i64): i64{
  let res:i64 = smallest_multiple(n);
  if iters == 1{
    println_i64(res);
    0
  }else {
    main_loop(iters - 1,n)
  }
}

def main(iters:i64,n:i64): i64{
  main_loop(iters, n)
}

INFO - got notification with method textDocument/didChange
INFO - loading text data Bool { True, False }

def all_divides(n:i64,m:i64,

def all_divides(n:i64,m:i64): Bool{
  all_divides_rec(n,m,1)
}

def smallest_multiple_rec(n:i64,curr:i64):i64{
  all_divides(n,curr).case{
    True => curr,
    False => smallest_multiple_rec(n,curr + 1)
  }
}

def smallest_multiple(n:i64): i64{
  smallest_multiple_rec(n,0)
}

def main_loop(iters:i64,n:i64): i64{
  let res:i64 = smallest_multiple(n);
  if iters == 1{
    println_i64(res);
    0
  }else {
    main_loop(iters - 1,n)
  }
}

def main(iters:i64,n:i64): i64{
  main_loop(iters, n)
}

INFO - got notification with method textDocument/didChange
INFO - loading text data Bool { True, False }

def all_divides(n:i64,m:i64,c

def all_divides(n:i64,m:i64): Bool{
  all_divides_rec(n,m,1)
}

def smallest_multiple_rec(n:i64,curr:i64):i64{
  all_divides(n,curr).case{
    True => curr,
    False => smallest_multiple_rec(n,curr + 1)
  }
}

def smallest_multiple(n:i64): i64{
  smallest_multiple_rec(n,0)
}

def main_loop(iters:i64,n:i64): i64{
  let res:i64 = smallest_multiple(n);
  if iters == 1{
    println_i64(res);
    0
  }else {
    main_loop(iters - 1,n)
  }
}

def main(iters:i64,n:i64): i64{
  main_loop(iters, n)
}

INFO - got notification with method textDocument/didChange
INFO - loading text data Bool { True, False }

def all_divides(n:i64,m:i64,cur

def all_divides(n:i64,m:i64): Bool{
  all_divides_rec(n,m,1)
}

def smallest_multiple_rec(n:i64,curr:i64):i64{
  all_divides(n,curr).case{
    True => curr,
    False => smallest_multiple_rec(n,curr + 1)
  }
}

def smallest_multiple(n:i64): i64{
  smallest_multiple_rec(n,0)
}

def main_loop(iters:i64,n:i64): i64{
  let res:i64 = smallest_multiple(n);
  if iters == 1{
    println_i64(res);
    0
  }else {
    main_loop(iters - 1,n)
  }
}

def main(iters:i64,n:i64): i64{
  main_loop(iters, n)
}

INFO - got notification with method textDocument/didChange
INFO - loading text data Bool { True, False }

def all_divides(n:i64,m:i64,curr

def all_divides(n:i64,m:i64): Bool{
  all_divides_rec(n,m,1)
}

def smallest_multiple_rec(n:i64,curr:i64):i64{
  all_divides(n,curr).case{
    True => curr,
    False => smallest_multiple_rec(n,curr + 1)
  }
}

def smallest_multiple(n:i64): i64{
  smallest_multiple_rec(n,0)
}

def main_loop(iters:i64,n:i64): i64{
  let res:i64 = smallest_multiple(n);
  if iters == 1{
    println_i64(res);
    0
  }else {
    main_loop(iters - 1,n)
  }
}

def main(iters:i64,n:i64): i64{
  main_loop(iters, n)
}

INFO - got notification with method textDocument/didChange
INFO - loading text data Bool { True, False }

def all_divides(n:i64,m:i64,curr:

def all_divides(n:i64,m:i64): Bool{
  all_divides_rec(n,m,1)
}

def smallest_multiple_rec(n:i64,curr:i64):i64{
  all_divides(n,curr).case{
    True => curr,
    False => smallest_multiple_rec(n,curr + 1)
  }
}

def smallest_multiple(n:i64): i64{
  smallest_multiple_rec(n,0)
}

def main_loop(iters:i64,n:i64): i64{
  let res:i64 = smallest_multiple(n);
  if iters == 1{
    println_i64(res);
    0
  }else {
    main_loop(iters - 1,n)
  }
}

def main(iters:i64,n:i64): i64{
  main_loop(iters, n)
}

INFO - got notification with method textDocument/didChange
INFO - loading text data Bool { True, False }

def all_divides(n:i64,m:i64,curr:i

def all_divides(n:i64,m:i64): Bool{
  all_divides_rec(n,m,1)
}

def smallest_multiple_rec(n:i64,curr:i64):i64{
  all_divides(n,curr).case{
    True => curr,
    False => smallest_multiple_rec(n,curr + 1)
  }
}

def smallest_multiple(n:i64): i64{
  smallest_multiple_rec(n,0)
}

def main_loop(iters:i64,n:i64): i64{
  let res:i64 = smallest_multiple(n);
  if iters == 1{
    println_i64(res);
    0
  }else {
    main_loop(iters - 1,n)
  }
}

def main(iters:i64,n:i64): i64{
  main_loop(iters, n)
}

INFO - got notification with method textDocument/didChange
INFO - loading text data Bool { True, False }

def all_divides(n:i64,m:i64,curr:i64

def all_divides(n:i64,m:i64): Bool{
  all_divides_rec(n,m,1)
}

def smallest_multiple_rec(n:i64,curr:i64):i64{
  all_divides(n,curr).case{
    True => curr,
    False => smallest_multiple_rec(n,curr + 1)
  }
}

def smallest_multiple(n:i64): i64{
  smallest_multiple_rec(n,0)
}

def main_loop(iters:i64,n:i64): i64{
  let res:i64 = smallest_multiple(n);
  if iters == 1{
    println_i64(res);
    0
  }else {
    main_loop(iters - 1,n)
  }
}

def main(iters:i64,n:i64): i64{
  main_loop(iters, n)
}

INFO - got notification with method textDocument/didChange
INFO - loading text data Bool { True, False }

def all_divides(n:i64,m:i64,curr:i64):

def all_divides(n:i64,m:i64): Bool{
  all_divides_rec(n,m,1)
}

def smallest_multiple_rec(n:i64,curr:i64):i64{
  all_divides(n,curr).case{
    True => curr,
    False => smallest_multiple_rec(n,curr + 1)
  }
}

def smallest_multiple(n:i64): i64{
  smallest_multiple_rec(n,0)
}

def main_loop(iters:i64,n:i64): i64{
  let res:i64 = smallest_multiple(n);
  if iters == 1{
    println_i64(res);
    0
  }else {
    main_loop(iters - 1,n)
  }
}

def main(iters:i64,n:i64): i64{
  main_loop(iters, n)
}

INFO - got notification with method textDocument/didChange
INFO - loading text data Bool { True, False }

def all_divides(n:i64,m:i64,curr:i64): 

def all_divides(n:i64,m:i64): Bool{
  all_divides_rec(n,m,1)
}

def smallest_multiple_rec(n:i64,curr:i64):i64{
  all_divides(n,curr).case{
    True => curr,
    False => smallest_multiple_rec(n,curr + 1)
  }
}

def smallest_multiple(n:i64): i64{
  smallest_multiple_rec(n,0)
}

def main_loop(iters:i64,n:i64): i64{
  let res:i64 = smallest_multiple(n);
  if iters == 1{
    println_i64(res);
    0
  }else {
    main_loop(iters - 1,n)
  }
}

def main(iters:i64,n:i64): i64{
  main_loop(iters, n)
}

INFO - got notification with method textDocument/didChange
INFO - loading text data Bool { True, False }

def all_divides(n:i64,m:i64,curr:i64): B

def all_divides(n:i64,m:i64): Bool{
  all_divides_rec(n,m,1)
}

def smallest_multiple_rec(n:i64,curr:i64):i64{
  all_divides(n,curr).case{
    True => curr,
    False => smallest_multiple_rec(n,curr + 1)
  }
}

def smallest_multiple(n:i64): i64{
  smallest_multiple_rec(n,0)
}

def main_loop(iters:i64,n:i64): i64{
  let res:i64 = smallest_multiple(n);
  if iters == 1{
    println_i64(res);
    0
  }else {
    main_loop(iters - 1,n)
  }
}

def main(iters:i64,n:i64): i64{
  main_loop(iters, n)
}

INFO - got notification with method textDocument/didChange
INFO - loading text data Bool { True, False }

def all_divides(n:i64,m:i64,curr:i64): Bo

def all_divides(n:i64,m:i64): Bool{
  all_divides_rec(n,m,1)
}

def smallest_multiple_rec(n:i64,curr:i64):i64{
  all_divides(n,curr).case{
    True => curr,
    False => smallest_multiple_rec(n,curr + 1)
  }
}

def smallest_multiple(n:i64): i64{
  smallest_multiple_rec(n,0)
}

def main_loop(iters:i64,n:i64): i64{
  let res:i64 = smallest_multiple(n);
  if iters == 1{
    println_i64(res);
    0
  }else {
    main_loop(iters - 1,n)
  }
}

def main(iters:i64,n:i64): i64{
  main_loop(iters, n)
}

INFO - got notification with method textDocument/didChange
INFO - loading text data Bool { True, False }

def all_divides(n:i64,m:i64,curr:i64): Boo

def all_divides(n:i64,m:i64): Bool{
  all_divides_rec(n,m,1)
}

def smallest_multiple_rec(n:i64,curr:i64):i64{
  all_divides(n,curr).case{
    True => curr,
    False => smallest_multiple_rec(n,curr + 1)
  }
}

def smallest_multiple(n:i64): i64{
  smallest_multiple_rec(n,0)
}

def main_loop(iters:i64,n:i64): i64{
  let res:i64 = smallest_multiple(n);
  if iters == 1{
    println_i64(res);
    0
  }else {
    main_loop(iters - 1,n)
  }
}

def main(iters:i64,n:i64): i64{
  main_loop(iters, n)
}

INFO - got notification with method textDocument/didChange
INFO - loading text data Bool { True, False }

def all_divides(n:i64,m:i64,curr:i64): Bool

def all_divides(n:i64,m:i64): Bool{
  all_divides_rec(n,m,1)
}

def smallest_multiple_rec(n:i64,curr:i64):i64{
  all_divides(n,curr).case{
    True => curr,
    False => smallest_multiple_rec(n,curr + 1)
  }
}

def smallest_multiple(n:i64): i64{
  smallest_multiple_rec(n,0)
}

def main_loop(iters:i64,n:i64): i64{
  let res:i64 = smallest_multiple(n);
  if iters == 1{
    println_i64(res);
    0
  }else {
    main_loop(iters - 1,n)
  }
}

def main(iters:i64,n:i64): i64{
  main_loop(iters, n)
}

INFO - got notification with method textDocument/didChange
INFO - loading text data Bool { True, False }

def all_divides(n:i64,m:i64,curr:i64): Bool{

def all_divides(n:i64,m:i64): Bool{
  all_divides_rec(n,m,1)
}

def smallest_multiple_rec(n:i64,curr:i64):i64{
  all_divides(n,curr).case{
    True => curr,
    False => smallest_multiple_rec(n,curr + 1)
  }
}

def smallest_multiple(n:i64): i64{
  smallest_multiple_rec(n,0)
}

def main_loop(iters:i64,n:i64): i64{
  let res:i64 = smallest_multiple(n);
  if iters == 1{
    println_i64(res);
    0
  }else {
    main_loop(iters - 1,n)
  }
}

def main(iters:i64,n:i64): i64{
  main_loop(iters, n)
}

INFO - got notification with method textDocument/didChange
INFO - loading text data Bool { True, False }

def all_divides(n:i64,m:i64,curr:i64): Bool{


def all_divides(n:i64,m:i64): Bool{
  all_divides_rec(n,m,1)
}

def smallest_multiple_rec(n:i64,curr:i64):i64{
  all_divides(n,curr).case{
    True => curr,
    False => smallest_multiple_rec(n,curr + 1)
  }
}

def smallest_multiple(n:i64): i64{
  smallest_multiple_rec(n,0)
}

def main_loop(iters:i64,n:i64): i64{
  let res:i64 = smallest_multiple(n);
  if iters == 1{
    println_i64(res);
    0
  }else {
    main_loop(iters - 1,n)
  }
}

def main(iters:i64,n:i64): i64{
  main_loop(iters, n)
}

INFO - got notification with method textDocument/didChange
INFO - loading text data Bool { True, False }

def all_divides(n:i64,m:i64,curr:i64): Bool{
}

def all_divides(n:i64,m:i64): Bool{
  all_divides_rec(n,m,1)
}

def smallest_multiple_rec(n:i64,curr:i64):i64{
  all_divides(n,curr).case{
    True => curr,
    False => smallest_multiple_rec(n,curr + 1)
  }
}

def smallest_multiple(n:i64): i64{
  smallest_multiple_rec(n,0)
}

def main_loop(iters:i64,n:i64): i64{
  let res:i64 = smallest_multiple(n);
  if iters == 1{
    println_i64(res);
    0
  }else {
    main_loop(iters - 1,n)
  }
}

def main(iters:i64,n:i64): i64{
  main_loop(iters, n)
}

INFO - got notification with method textDocument/didChange
INFO - loading text data Bool { True, False }

def all_divides(n:i64,m:i64,curr:i64): Bool{

}

def all_divides(n:i64,m:i64): Bool{
  all_divides_rec(n,m,1)
}

def smallest_multiple_rec(n:i64,curr:i64):i64{
  all_divides(n,curr).case{
    True => curr,
    False => smallest_multiple_rec(n,curr + 1)
  }
}

def smallest_multiple(n:i64): i64{
  smallest_multiple_rec(n,0)
}

def main_loop(iters:i64,n:i64): i64{
  let res:i64 = smallest_multiple(n);
  if iters == 1{
    println_i64(res);
    0
  }else {
    main_loop(iters - 1,n)
  }
}

def main(iters:i64,n:i64): i64{
  main_loop(iters, n)
}

INFO - got notification with method textDocument/didChange
INFO - loading text data Bool { True, False }

def all_divides(n:i64,m:i64,curr:i64): Bool{
 
}

def all_divides(n:i64,m:i64): Bool{
  all_divides_rec(n,m,1)
}

def smallest_multiple_rec(n:i64,curr:i64):i64{
  all_divides(n,curr).case{
    True => curr,
    False => smallest_multiple_rec(n,curr + 1)
  }
}

def smallest_multiple(n:i64): i64{
  smallest_multiple_rec(n,0)
}

def main_loop(iters:i64,n:i64): i64{
  let res:i64 = smallest_multiple(n);
  if iters == 1{
    println_i64(res);
    0
  }else {
    main_loop(iters - 1,n)
  }
}

def main(iters:i64,n:i64): i64{
  main_loop(iters, n)
}

INFO - got notification with method textDocument/didChange
INFO - loading text data Bool { True, False }

def all_divides(n:i64,m:i64,curr:i64): Bool{
  
}

def all_divides(n:i64,m:i64): Bool{
  all_divides_rec(n,m,1)
}

def smallest_multiple_rec(n:i64,curr:i64):i64{
  all_divides(n,curr).case{
    True => curr,
    False => smallest_multiple_rec(n,curr + 1)
  }
}

def smallest_multiple(n:i64): i64{
  smallest_multiple_rec(n,0)
}

def main_loop(iters:i64,n:i64): i64{
  let res:i64 = smallest_multiple(n);
  if iters == 1{
    println_i64(res);
    0
  }else {
    main_loop(iters - 1,n)
  }
}

def main(iters:i64,n:i64): i64{
  main_loop(iters, n)
}

INFO - got notification with method textDocument/didChange
INFO - loading text data Bool { True, False }

def all_divides(n:i64,m:i64,curr:i64): Bool{
  i
}

def all_divides(n:i64,m:i64): Bool{
  all_divides_rec(n,m,1)
}

def smallest_multiple_rec(n:i64,curr:i64):i64{
  all_divides(n,curr).case{
    True => curr,
    False => smallest_multiple_rec(n,curr + 1)
  }
}

def smallest_multiple(n:i64): i64{
  smallest_multiple_rec(n,0)
}

def main_loop(iters:i64,n:i64): i64{
  let res:i64 = smallest_multiple(n);
  if iters == 1{
    println_i64(res);
    0
  }else {
    main_loop(iters - 1,n)
  }
}

def main(iters:i64,n:i64): i64{
  main_loop(iters, n)
}

INFO - got notification with method textDocument/didChange
INFO - loading text data Bool { True, False }

def all_divides(n:i64,m:i64,curr:i64): Bool{
  if 
}

def all_divides(n:i64,m:i64): Bool{
  all_divides_rec(n,m,1)
}

def smallest_multiple_rec(n:i64,curr:i64):i64{
  all_divides(n,curr).case{
    True => curr,
    False => smallest_multiple_rec(n,curr + 1)
  }
}

def smallest_multiple(n:i64): i64{
  smallest_multiple_rec(n,0)
}

def main_loop(iters:i64,n:i64): i64{
  let res:i64 = smallest_multiple(n);
  if iters == 1{
    println_i64(res);
    0
  }else {
    main_loop(iters - 1,n)
  }
}

def main(iters:i64,n:i64): i64{
  main_loop(iters, n)
}

INFO - got notification with method textDocument/didChange
INFO - loading text data Bool { True, False }

def all_divides(n:i64,m:i64,curr:i64): Bool{
  if c
}

def all_divides(n:i64,m:i64): Bool{
  all_divides_rec(n,m,1)
}

def smallest_multiple_rec(n:i64,curr:i64):i64{
  all_divides(n,curr).case{
    True => curr,
    False => smallest_multiple_rec(n,curr + 1)
  }
}

def smallest_multiple(n:i64): i64{
  smallest_multiple_rec(n,0)
}

def main_loop(iters:i64,n:i64): i64{
  let res:i64 = smallest_multiple(n);
  if iters == 1{
    println_i64(res);
    0
  }else {
    main_loop(iters - 1,n)
  }
}

def main(iters:i64,n:i64): i64{
  main_loop(iters, n)
}

INFO - got notification with method textDocument/didChange
INFO - loading text data Bool { True, False }

def all_divides(n:i64,m:i64,curr:i64): Bool{
  if cur
}

def all_divides(n:i64,m:i64): Bool{
  all_divides_rec(n,m,1)
}

def smallest_multiple_rec(n:i64,curr:i64):i64{
  all_divides(n,curr).case{
    True => curr,
    False => smallest_multiple_rec(n,curr + 1)
  }
}

def smallest_multiple(n:i64): i64{
  smallest_multiple_rec(n,0)
}

def main_loop(iters:i64,n:i64): i64{
  let res:i64 = smallest_multiple(n);
  if iters == 1{
    println_i64(res);
    0
  }else {
    main_loop(iters - 1,n)
  }
}

def main(iters:i64,n:i64): i64{
  main_loop(iters, n)
}

INFO - got notification with method textDocument/didChange
INFO - loading text data Bool { True, False }

def all_divides(n:i64,m:i64,curr:i64): Bool{
  if curr
}

def all_divides(n:i64,m:i64): Bool{
  all_divides_rec(n,m,1)
}

def smallest_multiple_rec(n:i64,curr:i64):i64{
  all_divides(n,curr).case{
    True => curr,
    False => smallest_multiple_rec(n,curr + 1)
  }
}

def smallest_multiple(n:i64): i64{
  smallest_multiple_rec(n,0)
}

def main_loop(iters:i64,n:i64): i64{
  let res:i64 = smallest_multiple(n);
  if iters == 1{
    println_i64(res);
    0
  }else {
    main_loop(iters - 1,n)
  }
}

def main(iters:i64,n:i64): i64{
  main_loop(iters, n)
}

INFO - got notification with method textDocument/didChange
INFO - loading text data Bool { True, False }

def all_divides(n:i64,m:i64,curr:i64): Bool{
  if curre
}

def all_divides(n:i64,m:i64): Bool{
  all_divides_rec(n,m,1)
}

def smallest_multiple_rec(n:i64,curr:i64):i64{
  all_divides(n,curr).case{
    True => curr,
    False => smallest_multiple_rec(n,curr + 1)
  }
}

def smallest_multiple(n:i64): i64{
  smallest_multiple_rec(n,0)
}

def main_loop(iters:i64,n:i64): i64{
  let res:i64 = smallest_multiple(n);
  if iters == 1{
    println_i64(res);
    0
  }else {
    main_loop(iters - 1,n)
  }
}

def main(iters:i64,n:i64): i64{
  main_loop(iters, n)
}

INFO - got notification with method textDocument/didChange
INFO - loading text data Bool { True, False }

def all_divides(n:i64,m:i64,curr:i64): Bool{
  if curr
}

def all_divides(n:i64,m:i64): Bool{
  all_divides_rec(n,m,1)
}

def smallest_multiple_rec(n:i64,curr:i64):i64{
  all_divides(n,curr).case{
    True => curr,
    False => smallest_multiple_rec(n,curr + 1)
  }
}

def smallest_multiple(n:i64): i64{
  smallest_multiple_rec(n,0)
}

def main_loop(iters:i64,n:i64): i64{
  let res:i64 = smallest_multiple(n);
  if iters == 1{
    println_i64(res);
    0
  }else {
    main_loop(iters - 1,n)
  }
}

def main(iters:i64,n:i64): i64{
  main_loop(iters, n)
}

INFO - got notification with method textDocument/didChange
INFO - loading text data Bool { True, False }

def all_divides(n:i64,m:i64,curr:i64): Bool{
  if curr 
}

def all_divides(n:i64,m:i64): Bool{
  all_divides_rec(n,m,1)
}

def smallest_multiple_rec(n:i64,curr:i64):i64{
  all_divides(n,curr).case{
    True => curr,
    False => smallest_multiple_rec(n,curr + 1)
  }
}

def smallest_multiple(n:i64): i64{
  smallest_multiple_rec(n,0)
}

def main_loop(iters:i64,n:i64): i64{
  let res:i64 = smallest_multiple(n);
  if iters == 1{
    println_i64(res);
    0
  }else {
    main_loop(iters - 1,n)
  }
}

def main(iters:i64,n:i64): i64{
  main_loop(iters, n)
}

INFO - got notification with method textDocument/didChange
INFO - loading text data Bool { True, False }

def all_divides(n:i64,m:i64,curr:i64): Bool{
  if curr >
}

def all_divides(n:i64,m:i64): Bool{
  all_divides_rec(n,m,1)
}

def smallest_multiple_rec(n:i64,curr:i64):i64{
  all_divides(n,curr).case{
    True => curr,
    False => smallest_multiple_rec(n,curr + 1)
  }
}

def smallest_multiple(n:i64): i64{
  smallest_multiple_rec(n,0)
}

def main_loop(iters:i64,n:i64): i64{
  let res:i64 = smallest_multiple(n);
  if iters == 1{
    println_i64(res);
    0
  }else {
    main_loop(iters - 1,n)
  }
}

def main(iters:i64,n:i64): i64{
  main_loop(iters, n)
}

INFO - got notification with method textDocument/didChange
INFO - loading text data Bool { True, False }

def all_divides(n:i64,m:i64,curr:i64): Bool{
  if curr > 
}

def all_divides(n:i64,m:i64): Bool{
  all_divides_rec(n,m,1)
}

def smallest_multiple_rec(n:i64,curr:i64):i64{
  all_divides(n,curr).case{
    True => curr,
    False => smallest_multiple_rec(n,curr + 1)
  }
}

def smallest_multiple(n:i64): i64{
  smallest_multiple_rec(n,0)
}

def main_loop(iters:i64,n:i64): i64{
  let res:i64 = smallest_multiple(n);
  if iters == 1{
    println_i64(res);
    0
  }else {
    main_loop(iters - 1,n)
  }
}

def main(iters:i64,n:i64): i64{
  main_loop(iters, n)
}

INFO - got notification with method textDocument/didChange
INFO - loading text data Bool { True, False }

def all_divides(n:i64,m:i64,curr:i64): Bool{
  if curr >
}

def all_divides(n:i64,m:i64): Bool{
  all_divides_rec(n,m,1)
}

def smallest_multiple_rec(n:i64,curr:i64):i64{
  all_divides(n,curr).case{
    True => curr,
    False => smallest_multiple_rec(n,curr + 1)
  }
}

def smallest_multiple(n:i64): i64{
  smallest_multiple_rec(n,0)
}

def main_loop(iters:i64,n:i64): i64{
  let res:i64 = smallest_multiple(n);
  if iters == 1{
    println_i64(res);
    0
  }else {
    main_loop(iters - 1,n)
  }
}

def main(iters:i64,n:i64): i64{
  main_loop(iters, n)
}

INFO - got notification with method textDocument/didChange
INFO - loading text data Bool { True, False }

def all_divides(n:i64,m:i64,curr:i64): Bool{
  if curr >=
}

def all_divides(n:i64,m:i64): Bool{
  all_divides_rec(n,m,1)
}

def smallest_multiple_rec(n:i64,curr:i64):i64{
  all_divides(n,curr).case{
    True => curr,
    False => smallest_multiple_rec(n,curr + 1)
  }
}

def smallest_multiple(n:i64): i64{
  smallest_multiple_rec(n,0)
}

def main_loop(iters:i64,n:i64): i64{
  let res:i64 = smallest_multiple(n);
  if iters == 1{
    println_i64(res);
    0
  }else {
    main_loop(iters - 1,n)
  }
}

def main(iters:i64,n:i64): i64{
  main_loop(iters, n)
}

INFO - got notification with method textDocument/didChange
INFO - loading text data Bool { True, False }

def all_divides(n:i64,m:i64,curr:i64): Bool{
  if curr >= 
}

def all_divides(n:i64,m:i64): Bool{
  all_divides_rec(n,m,1)
}

def smallest_multiple_rec(n:i64,curr:i64):i64{
  all_divides(n,curr).case{
    True => curr,
    False => smallest_multiple_rec(n,curr + 1)
  }
}

def smallest_multiple(n:i64): i64{
  smallest_multiple_rec(n,0)
}

def main_loop(iters:i64,n:i64): i64{
  let res:i64 = smallest_multiple(n);
  if iters == 1{
    println_i64(res);
    0
  }else {
    main_loop(iters - 1,n)
  }
}

def main(iters:i64,n:i64): i64{
  main_loop(iters, n)
}

INFO - got notification with method textDocument/didChange
INFO - loading text data Bool { True, False }

def all_divides(n:i64,m:i64,curr:i64): Bool{
  if curr >= n
}

def all_divides(n:i64,m:i64): Bool{
  all_divides_rec(n,m,1)
}

def smallest_multiple_rec(n:i64,curr:i64):i64{
  all_divides(n,curr).case{
    True => curr,
    False => smallest_multiple_rec(n,curr + 1)
  }
}

def smallest_multiple(n:i64): i64{
  smallest_multiple_rec(n,0)
}

def main_loop(iters:i64,n:i64): i64{
  let res:i64 = smallest_multiple(n);
  if iters == 1{
    println_i64(res);
    0
  }else {
    main_loop(iters - 1,n)
  }
}

def main(iters:i64,n:i64): i64{
  main_loop(iters, n)
}

INFO - got notification with method textDocument/didChange
INFO - loading text data Bool { True, False }

def all_divides(n:i64,m:i64,curr:i64): Bool{
  if curr >= n 
}

def all_divides(n:i64,m:i64): Bool{
  all_divides_rec(n,m,1)
}

def smallest_multiple_rec(n:i64,curr:i64):i64{
  all_divides(n,curr).case{
    True => curr,
    False => smallest_multiple_rec(n,curr + 1)
  }
}

def smallest_multiple(n:i64): i64{
  smallest_multiple_rec(n,0)
}

def main_loop(iters:i64,n:i64): i64{
  let res:i64 = smallest_multiple(n);
  if iters == 1{
    println_i64(res);
    0
  }else {
    main_loop(iters - 1,n)
  }
}

def main(iters:i64,n:i64): i64{
  main_loop(iters, n)
}

INFO - got notification with method textDocument/didChange
INFO - loading text data Bool { True, False }

def all_divides(n:i64,m:i64,curr:i64): Bool{
  if curr >= n {
}

def all_divides(n:i64,m:i64): Bool{
  all_divides_rec(n,m,1)
}

def smallest_multiple_rec(n:i64,curr:i64):i64{
  all_divides(n,curr).case{
    True => curr,
    False => smallest_multiple_rec(n,curr + 1)
  }
}

def smallest_multiple(n:i64): i64{
  smallest_multiple_rec(n,0)
}

def main_loop(iters:i64,n:i64): i64{
  let res:i64 = smallest_multiple(n);
  if iters == 1{
    println_i64(res);
    0
  }else {
    main_loop(iters - 1,n)
  }
}

def main(iters:i64,n:i64): i64{
  main_loop(iters, n)
}

INFO - got notification with method textDocument/didChange
INFO - loading text data Bool { True, False }

def all_divides(n:i64,m:i64,curr:i64): Bool{
  if curr >= n {
  
}

def all_divides(n:i64,m:i64): Bool{
  all_divides_rec(n,m,1)
}

def smallest_multiple_rec(n:i64,curr:i64):i64{
  all_divides(n,curr).case{
    True => curr,
    False => smallest_multiple_rec(n,curr + 1)
  }
}

def smallest_multiple(n:i64): i64{
  smallest_multiple_rec(n,0)
}

def main_loop(iters:i64,n:i64): i64{
  let res:i64 = smallest_multiple(n);
  if iters == 1{
    println_i64(res);
    0
  }else {
    main_loop(iters - 1,n)
  }
}

def main(iters:i64,n:i64): i64{
  main_loop(iters, n)
}

INFO - got notification with method textDocument/didChange
INFO - loading text data Bool { True, False }

def all_divides(n:i64,m:i64,curr:i64): Bool{
  if curr >= n {
   
}

def all_divides(n:i64,m:i64): Bool{
  all_divides_rec(n,m,1)
}

def smallest_multiple_rec(n:i64,curr:i64):i64{
  all_divides(n,curr).case{
    True => curr,
    False => smallest_multiple_rec(n,curr + 1)
  }
}

def smallest_multiple(n:i64): i64{
  smallest_multiple_rec(n,0)
}

def main_loop(iters:i64,n:i64): i64{
  let res:i64 = smallest_multiple(n);
  if iters == 1{
    println_i64(res);
    0
  }else {
    main_loop(iters - 1,n)
  }
}

def main(iters:i64,n:i64): i64{
  main_loop(iters, n)
}

INFO - got notification with method textDocument/didChange
INFO - loading text data Bool { True, False }

def all_divides(n:i64,m:i64,curr:i64): Bool{
  if curr >= n {
    
}

def all_divides(n:i64,m:i64): Bool{
  all_divides_rec(n,m,1)
}

def smallest_multiple_rec(n:i64,curr:i64):i64{
  all_divides(n,curr).case{
    True => curr,
    False => smallest_multiple_rec(n,curr + 1)
  }
}

def smallest_multiple(n:i64): i64{
  smallest_multiple_rec(n,0)
}

def main_loop(iters:i64,n:i64): i64{
  let res:i64 = smallest_multiple(n);
  if iters == 1{
    println_i64(res);
    0
  }else {
    main_loop(iters - 1,n)
  }
}

def main(iters:i64,n:i64): i64{
  main_loop(iters, n)
}

INFO - got notification with method textDocument/didChange
INFO - loading text data Bool { True, False }

def all_divides(n:i64,m:i64,curr:i64): Bool{
  if curr >= n {
    T
}

def all_divides(n:i64,m:i64): Bool{
  all_divides_rec(n,m,1)
}

def smallest_multiple_rec(n:i64,curr:i64):i64{
  all_divides(n,curr).case{
    True => curr,
    False => smallest_multiple_rec(n,curr + 1)
  }
}

def smallest_multiple(n:i64): i64{
  smallest_multiple_rec(n,0)
}

def main_loop(iters:i64,n:i64): i64{
  let res:i64 = smallest_multiple(n);
  if iters == 1{
    println_i64(res);
    0
  }else {
    main_loop(iters - 1,n)
  }
}

def main(iters:i64,n:i64): i64{
  main_loop(iters, n)
}

INFO - got notification with method textDocument/didChange
INFO - loading text data Bool { True, False }

def all_divides(n:i64,m:i64,curr:i64): Bool{
  if curr >= n {
    Tru
}

def all_divides(n:i64,m:i64): Bool{
  all_divides_rec(n,m,1)
}

def smallest_multiple_rec(n:i64,curr:i64):i64{
  all_divides(n,curr).case{
    True => curr,
    False => smallest_multiple_rec(n,curr + 1)
  }
}

def smallest_multiple(n:i64): i64{
  smallest_multiple_rec(n,0)
}

def main_loop(iters:i64,n:i64): i64{
  let res:i64 = smallest_multiple(n);
  if iters == 1{
    println_i64(res);
    0
  }else {
    main_loop(iters - 1,n)
  }
}

def main(iters:i64,n:i64): i64{
  main_loop(iters, n)
}

INFO - got notification with method textDocument/didChange
INFO - loading text data Bool { True, False }

def all_divides(n:i64,m:i64,curr:i64): Bool{
  if curr >= n {
    True
}

def all_divides(n:i64,m:i64): Bool{
  all_divides_rec(n,m,1)
}

def smallest_multiple_rec(n:i64,curr:i64):i64{
  all_divides(n,curr).case{
    True => curr,
    False => smallest_multiple_rec(n,curr + 1)
  }
}

def smallest_multiple(n:i64): i64{
  smallest_multiple_rec(n,0)
}

def main_loop(iters:i64,n:i64): i64{
  let res:i64 = smallest_multiple(n);
  if iters == 1{
    println_i64(res);
    0
  }else {
    main_loop(iters - 1,n)
  }
}

def main(iters:i64,n:i64): i64{
  main_loop(iters, n)
}

INFO - got notification with method textDocument/didChange
INFO - loading text data Bool { True, False }

def all_divides(n:i64,m:i64,curr:i64): Bool{
  if curr >= n {
    True
    
}

def all_divides(n:i64,m:i64): Bool{
  all_divides_rec(n,m,1)
}

def smallest_multiple_rec(n:i64,curr:i64):i64{
  all_divides(n,curr).case{
    True => curr,
    False => smallest_multiple_rec(n,curr + 1)
  }
}

def smallest_multiple(n:i64): i64{
  smallest_multiple_rec(n,0)
}

def main_loop(iters:i64,n:i64): i64{
  let res:i64 = smallest_multiple(n);
  if iters == 1{
    println_i64(res);
    0
  }else {
    main_loop(iters - 1,n)
  }
}

def main(iters:i64,n:i64): i64{
  main_loop(iters, n)
}

INFO - got notification with method textDocument/didChange
INFO - loading text data Bool { True, False }

def all_divides(n:i64,m:i64,curr:i64): Bool{
  if curr >= n {
    True
    }
}

def all_divides(n:i64,m:i64): Bool{
  all_divides_rec(n,m,1)
}

def smallest_multiple_rec(n:i64,curr:i64):i64{
  all_divides(n,curr).case{
    True => curr,
    False => smallest_multiple_rec(n,curr + 1)
  }
}

def smallest_multiple(n:i64): i64{
  smallest_multiple_rec(n,0)
}

def main_loop(iters:i64,n:i64): i64{
  let res:i64 = smallest_multiple(n);
  if iters == 1{
    println_i64(res);
    0
  }else {
    main_loop(iters - 1,n)
  }
}

def main(iters:i64,n:i64): i64{
  main_loop(iters, n)
}

INFO - got notification with method textDocument/didChange
INFO - loading text data Bool { True, False }

def all_divides(n:i64,m:i64,curr:i64): Bool{
  if curr >= n {
    True
    
}

def all_divides(n:i64,m:i64): Bool{
  all_divides_rec(n,m,1)
}

def smallest_multiple_rec(n:i64,curr:i64):i64{
  all_divides(n,curr).case{
    True => curr,
    False => smallest_multiple_rec(n,curr + 1)
  }
}

def smallest_multiple(n:i64): i64{
  smallest_multiple_rec(n,0)
}

def main_loop(iters:i64,n:i64): i64{
  let res:i64 = smallest_multiple(n);
  if iters == 1{
    println_i64(res);
    0
  }else {
    main_loop(iters - 1,n)
  }
}

def main(iters:i64,n:i64): i64{
  main_loop(iters, n)
}

INFO - got notification with method textDocument/didChange
INFO - loading text data Bool { True, False }

def all_divides(n:i64,m:i64,curr:i64): Bool{
  if curr >= n {
    True
   
}

def all_divides(n:i64,m:i64): Bool{
  all_divides_rec(n,m,1)
}

def smallest_multiple_rec(n:i64,curr:i64):i64{
  all_divides(n,curr).case{
    True => curr,
    False => smallest_multiple_rec(n,curr + 1)
  }
}

def smallest_multiple(n:i64): i64{
  smallest_multiple_rec(n,0)
}

def main_loop(iters:i64,n:i64): i64{
  let res:i64 = smallest_multiple(n);
  if iters == 1{
    println_i64(res);
    0
  }else {
    main_loop(iters - 1,n)
  }
}

def main(iters:i64,n:i64): i64{
  main_loop(iters, n)
}

INFO - got notification with method textDocument/didChange
INFO - loading text data Bool { True, False }

def all_divides(n:i64,m:i64,curr:i64): Bool{
  if curr >= n {
    True
  } 
}

def all_divides(n:i64,m:i64): Bool{
  all_divides_rec(n,m,1)
}

def smallest_multiple_rec(n:i64,curr:i64):i64{
  all_divides(n,curr).case{
    True => curr,
    False => smallest_multiple_rec(n,curr + 1)
  }
}

def smallest_multiple(n:i64): i64{
  smallest_multiple_rec(n,0)
}

def main_loop(iters:i64,n:i64): i64{
  let res:i64 = smallest_multiple(n);
  if iters == 1{
    println_i64(res);
    0
  }else {
    main_loop(iters - 1,n)
  }
}

def main(iters:i64,n:i64): i64{
  main_loop(iters, n)
}

INFO - got notification with method textDocument/didChange
INFO - loading text data Bool { True, False }

def all_divides(n:i64,m:i64,curr:i64): Bool{
  if curr >= n {
    True
  } e
}

def all_divides(n:i64,m:i64): Bool{
  all_divides_rec(n,m,1)
}

def smallest_multiple_rec(n:i64,curr:i64):i64{
  all_divides(n,curr).case{
    True => curr,
    False => smallest_multiple_rec(n,curr + 1)
  }
}

def smallest_multiple(n:i64): i64{
  smallest_multiple_rec(n,0)
}

def main_loop(iters:i64,n:i64): i64{
  let res:i64 = smallest_multiple(n);
  if iters == 1{
    println_i64(res);
    0
  }else {
    main_loop(iters - 1,n)
  }
}

def main(iters:i64,n:i64): i64{
  main_loop(iters, n)
}

INFO - got notification with method textDocument/didChange
INFO - loading text data Bool { True, False }

def all_divides(n:i64,m:i64,curr:i64): Bool{
  if curr >= n {
    True
  } els
}

def all_divides(n:i64,m:i64): Bool{
  all_divides_rec(n,m,1)
}

def smallest_multiple_rec(n:i64,curr:i64):i64{
  all_divides(n,curr).case{
    True => curr,
    False => smallest_multiple_rec(n,curr + 1)
  }
}

def smallest_multiple(n:i64): i64{
  smallest_multiple_rec(n,0)
}

def main_loop(iters:i64,n:i64): i64{
  let res:i64 = smallest_multiple(n);
  if iters == 1{
    println_i64(res);
    0
  }else {
    main_loop(iters - 1,n)
  }
}

def main(iters:i64,n:i64): i64{
  main_loop(iters, n)
}

INFO - got notification with method textDocument/didChange
INFO - loading text data Bool { True, False }

def all_divides(n:i64,m:i64,curr:i64): Bool{
  if curr >= n {
    True
  } else 
}

def all_divides(n:i64,m:i64): Bool{
  all_divides_rec(n,m,1)
}

def smallest_multiple_rec(n:i64,curr:i64):i64{
  all_divides(n,curr).case{
    True => curr,
    False => smallest_multiple_rec(n,curr + 1)
  }
}

def smallest_multiple(n:i64): i64{
  smallest_multiple_rec(n,0)
}

def main_loop(iters:i64,n:i64): i64{
  let res:i64 = smallest_multiple(n);
  if iters == 1{
    println_i64(res);
    0
  }else {
    main_loop(iters - 1,n)
  }
}

def main(iters:i64,n:i64): i64{
  main_loop(iters, n)
}

INFO - got notification with method textDocument/didChange
INFO - loading text data Bool { True, False }

def all_divides(n:i64,m:i64,curr:i64): Bool{
  if curr >= n {
    True
  } else {
}

def all_divides(n:i64,m:i64): Bool{
  all_divides_rec(n,m,1)
}

def smallest_multiple_rec(n:i64,curr:i64):i64{
  all_divides(n,curr).case{
    True => curr,
    False => smallest_multiple_rec(n,curr + 1)
  }
}

def smallest_multiple(n:i64): i64{
  smallest_multiple_rec(n,0)
}

def main_loop(iters:i64,n:i64): i64{
  let res:i64 = smallest_multiple(n);
  if iters == 1{
    println_i64(res);
    0
  }else {
    main_loop(iters - 1,n)
  }
}

def main(iters:i64,n:i64): i64{
  main_loop(iters, n)
}

INFO - got notification with method textDocument/didChange
INFO - loading text data Bool { True, False }

def all_divides(n:i64,m:i64,curr:i64): Bool{
  if curr >= n {
    True
  } else {
  
}

def all_divides(n:i64,m:i64): Bool{
  all_divides_rec(n,m,1)
}

def smallest_multiple_rec(n:i64,curr:i64):i64{
  all_divides(n,curr).case{
    True => curr,
    False => smallest_multiple_rec(n,curr + 1)
  }
}

def smallest_multiple(n:i64): i64{
  smallest_multiple_rec(n,0)
}

def main_loop(iters:i64,n:i64): i64{
  let res:i64 = smallest_multiple(n);
  if iters == 1{
    println_i64(res);
    0
  }else {
    main_loop(iters - 1,n)
  }
}

def main(iters:i64,n:i64): i64{
  main_loop(iters, n)
}

INFO - got notification with method textDocument/didChange
INFO - loading text data Bool { True, False }

def all_divides(n:i64,m:i64,curr:i64): Bool{
  if curr >= n {
    True
  } else {
  }
}

def all_divides(n:i64,m:i64): Bool{
  all_divides_rec(n,m,1)
}

def smallest_multiple_rec(n:i64,curr:i64):i64{
  all_divides(n,curr).case{
    True => curr,
    False => smallest_multiple_rec(n,curr + 1)
  }
}

def smallest_multiple(n:i64): i64{
  smallest_multiple_rec(n,0)
}

def main_loop(iters:i64,n:i64): i64{
  let res:i64 = smallest_multiple(n);
  if iters == 1{
    println_i64(res);
    0
  }else {
    main_loop(iters - 1,n)
  }
}

def main(iters:i64,n:i64): i64{
  main_loop(iters, n)
}

INFO - got notification with method textDocument/didChange
INFO - loading text data Bool { True, False }

def all_divides(n:i64,m:i64,curr:i64): Bool{
  if curr >= n {
    True
  } else {
  
  }
}

def all_divides(n:i64,m:i64): Bool{
  all_divides_rec(n,m,1)
}

def smallest_multiple_rec(n:i64,curr:i64):i64{
  all_divides(n,curr).case{
    True => curr,
    False => smallest_multiple_rec(n,curr + 1)
  }
}

def smallest_multiple(n:i64): i64{
  smallest_multiple_rec(n,0)
}

def main_loop(iters:i64,n:i64): i64{
  let res:i64 = smallest_multiple(n);
  if iters == 1{
    println_i64(res);
    0
  }else {
    main_loop(iters - 1,n)
  }
}

def main(iters:i64,n:i64): i64{
  main_loop(iters, n)
}

INFO - got notification with method textDocument/didChange
INFO - loading text data Bool { True, False }

def all_divides(n:i64,m:i64,curr:i64): Bool{
  if curr >= n {
    True
  } else {
   
  }
}

def all_divides(n:i64,m:i64): Bool{
  all_divides_rec(n,m,1)
}

def smallest_multiple_rec(n:i64,curr:i64):i64{
  all_divides(n,curr).case{
    True => curr,
    False => smallest_multiple_rec(n,curr + 1)
  }
}

def smallest_multiple(n:i64): i64{
  smallest_multiple_rec(n,0)
}

def main_loop(iters:i64,n:i64): i64{
  let res:i64 = smallest_multiple(n);
  if iters == 1{
    println_i64(res);
    0
  }else {
    main_loop(iters - 1,n)
  }
}

def main(iters:i64,n:i64): i64{
  main_loop(iters, n)
}

INFO - got notification with method textDocument/didChange
INFO - loading text data Bool { True, False }

def all_divides(n:i64,m:i64,curr:i64): Bool{
  if curr >= n {
    True
  } else {
    
  }
}

def all_divides(n:i64,m:i64): Bool{
  all_divides_rec(n,m,1)
}

def smallest_multiple_rec(n:i64,curr:i64):i64{
  all_divides(n,curr).case{
    True => curr,
    False => smallest_multiple_rec(n,curr + 1)
  }
}

def smallest_multiple(n:i64): i64{
  smallest_multiple_rec(n,0)
}

def main_loop(iters:i64,n:i64): i64{
  let res:i64 = smallest_multiple(n);
  if iters == 1{
    println_i64(res);
    0
  }else {
    main_loop(iters - 1,n)
  }
}

def main(iters:i64,n:i64): i64{
  main_loop(iters, n)
}

INFO - got notification with method textDocument/didChange
INFO - loading text data Bool { True, False }

def all_divides(n:i64,m:i64,curr:i64): Bool{
  if curr >= n {
    True
  } else {
    i
  }
}

def all_divides(n:i64,m:i64): Bool{
  all_divides_rec(n,m,1)
}

def smallest_multiple_rec(n:i64,curr:i64):i64{
  all_divides(n,curr).case{
    True => curr,
    False => smallest_multiple_rec(n,curr + 1)
  }
}

def smallest_multiple(n:i64): i64{
  smallest_multiple_rec(n,0)
}

def main_loop(iters:i64,n:i64): i64{
  let res:i64 = smallest_multiple(n);
  if iters == 1{
    println_i64(res);
    0
  }else {
    main_loop(iters - 1,n)
  }
}

def main(iters:i64,n:i64): i64{
  main_loop(iters, n)
}

INFO - got notification with method textDocument/didChange
INFO - loading text data Bool { True, False }

def all_divides(n:i64,m:i64,curr:i64): Bool{
  if curr >= n {
    True
  } else {
    if 
  }
}

def all_divides(n:i64,m:i64): Bool{
  all_divides_rec(n,m,1)
}

def smallest_multiple_rec(n:i64,curr:i64):i64{
  all_divides(n,curr).case{
    True => curr,
    False => smallest_multiple_rec(n,curr + 1)
  }
}

def smallest_multiple(n:i64): i64{
  smallest_multiple_rec(n,0)
}

def main_loop(iters:i64,n:i64): i64{
  let res:i64 = smallest_multiple(n);
  if iters == 1{
    println_i64(res);
    0
  }else {
    main_loop(iters - 1,n)
  }
}

def main(iters:i64,n:i64): i64{
  main_loop(iters, n)
}

INFO - got notification with method textDocument/didChange
INFO - loading text data Bool { True, False }

def all_divides(n:i64,m:i64,curr:i64): Bool{
  if curr >= n {
    True
  } else {
    if c
  }
}

def all_divides(n:i64,m:i64): Bool{
  all_divides_rec(n,m,1)
}

def smallest_multiple_rec(n:i64,curr:i64):i64{
  all_divides(n,curr).case{
    True => curr,
    False => smallest_multiple_rec(n,curr + 1)
  }
}

def smallest_multiple(n:i64): i64{
  smallest_multiple_rec(n,0)
}

def main_loop(iters:i64,n:i64): i64{
  let res:i64 = smallest_multiple(n);
  if iters == 1{
    println_i64(res);
    0
  }else {
    main_loop(iters - 1,n)
  }
}

def main(iters:i64,n:i64): i64{
  main_loop(iters, n)
}

INFO - got notification with method textDocument/didChange
INFO - loading text data Bool { True, False }

def all_divides(n:i64,m:i64,curr:i64): Bool{
  if curr >= n {
    True
  } else {
    if cu
  }
}

def all_divides(n:i64,m:i64): Bool{
  all_divides_rec(n,m,1)
}

def smallest_multiple_rec(n:i64,curr:i64):i64{
  all_divides(n,curr).case{
    True => curr,
    False => smallest_multiple_rec(n,curr + 1)
  }
}

def smallest_multiple(n:i64): i64{
  smallest_multiple_rec(n,0)
}

def main_loop(iters:i64,n:i64): i64{
  let res:i64 = smallest_multiple(n);
  if iters == 1{
    println_i64(res);
    0
  }else {
    main_loop(iters - 1,n)
  }
}

def main(iters:i64,n:i64): i64{
  main_loop(iters, n)
}

INFO - got notification with method textDocument/didChange
INFO - loading text data Bool { True, False }

def all_divides(n:i64,m:i64,curr:i64): Bool{
  if curr >= n {
    True
  } else {
    if cur
  }
}

def all_divides(n:i64,m:i64): Bool{
  all_divides_rec(n,m,1)
}

def smallest_multiple_rec(n:i64,curr:i64):i64{
  all_divides(n,curr).case{
    True => curr,
    False => smallest_multiple_rec(n,curr + 1)
  }
}

def smallest_multiple(n:i64): i64{
  smallest_multiple_rec(n,0)
}

def main_loop(iters:i64,n:i64): i64{
  let res:i64 = smallest_multiple(n);
  if iters == 1{
    println_i64(res);
    0
  }else {
    main_loop(iters - 1,n)
  }
}

def main(iters:i64,n:i64): i64{
  main_loop(iters, n)
}

INFO - got notification with method textDocument/didChange
INFO - loading text data Bool { True, False }

def all_divides(n:i64,m:i64,curr:i64): Bool{
  if curr >= n {
    True
  } else {
    if curr
  }
}

def all_divides(n:i64,m:i64): Bool{
  all_divides_rec(n,m,1)
}

def smallest_multiple_rec(n:i64,curr:i64):i64{
  all_divides(n,curr).case{
    True => curr,
    False => smallest_multiple_rec(n,curr + 1)
  }
}

def smallest_multiple(n:i64): i64{
  smallest_multiple_rec(n,0)
}

def main_loop(iters:i64,n:i64): i64{
  let res:i64 = smallest_multiple(n);
  if iters == 1{
    println_i64(res);
    0
  }else {
    main_loop(iters - 1,n)
  }
}

def main(iters:i64,n:i64): i64{
  main_loop(iters, n)
}

INFO - got notification with method textDocument/didChange
INFO - loading text data Bool { True, False }

def all_divides(n:i64,m:i64,curr:i64): Bool{
  if curr >= n {
    True
  } else {
    if curr 
  }
}

def all_divides(n:i64,m:i64): Bool{
  all_divides_rec(n,m,1)
}

def smallest_multiple_rec(n:i64,curr:i64):i64{
  all_divides(n,curr).case{
    True => curr,
    False => smallest_multiple_rec(n,curr + 1)
  }
}

def smallest_multiple(n:i64): i64{
  smallest_multiple_rec(n,0)
}

def main_loop(iters:i64,n:i64): i64{
  let res:i64 = smallest_multiple(n);
  if iters == 1{
    println_i64(res);
    0
  }else {
    main_loop(iters - 1,n)
  }
}

def main(iters:i64,n:i64): i64{
  main_loop(iters, n)
}

INFO - got notification with method textDocument/didChange
INFO - loading text data Bool { True, False }

def all_divides(n:i64,m:i64,curr:i64): Bool{
  if curr >= n {
    True
  } else {
    if curr %
  }
}

def all_divides(n:i64,m:i64): Bool{
  all_divides_rec(n,m,1)
}

def smallest_multiple_rec(n:i64,curr:i64):i64{
  all_divides(n,curr).case{
    True => curr,
    False => smallest_multiple_rec(n,curr + 1)
  }
}

def smallest_multiple(n:i64): i64{
  smallest_multiple_rec(n,0)
}

def main_loop(iters:i64,n:i64): i64{
  let res:i64 = smallest_multiple(n);
  if iters == 1{
    println_i64(res);
    0
  }else {
    main_loop(iters - 1,n)
  }
}

def main(iters:i64,n:i64): i64{
  main_loop(iters, n)
}

INFO - got notification with method textDocument/didChange
INFO - loading text data Bool { True, False }

def all_divides(n:i64,m:i64,curr:i64): Bool{
  if curr >= n {
    True
  } else {
    if curr % 
  }
}

def all_divides(n:i64,m:i64): Bool{
  all_divides_rec(n,m,1)
}

def smallest_multiple_rec(n:i64,curr:i64):i64{
  all_divides(n,curr).case{
    True => curr,
    False => smallest_multiple_rec(n,curr + 1)
  }
}

def smallest_multiple(n:i64): i64{
  smallest_multiple_rec(n,0)
}

def main_loop(iters:i64,n:i64): i64{
  let res:i64 = smallest_multiple(n);
  if iters == 1{
    println_i64(res);
    0
  }else {
    main_loop(iters - 1,n)
  }
}

def main(iters:i64,n:i64): i64{
  main_loop(iters, n)
}

INFO - got notification with method textDocument/didChange
INFO - loading text data Bool { True, False }

def all_divides(n:i64,m:i64,curr:i64): Bool{
  if curr >= n {
    True
  } else {
    if curr % m 
  }
}

def all_divides(n:i64,m:i64): Bool{
  all_divides_rec(n,m,1)
}

def smallest_multiple_rec(n:i64,curr:i64):i64{
  all_divides(n,curr).case{
    True => curr,
    False => smallest_multiple_rec(n,curr + 1)
  }
}

def smallest_multiple(n:i64): i64{
  smallest_multiple_rec(n,0)
}

def main_loop(iters:i64,n:i64): i64{
  let res:i64 = smallest_multiple(n);
  if iters == 1{
    println_i64(res);
    0
  }else {
    main_loop(iters - 1,n)
  }
}

def main(iters:i64,n:i64): i64{
  main_loop(iters, n)
}

INFO - got notification with method textDocument/didChange
INFO - loading text data Bool { True, False }

def all_divides(n:i64,m:i64,curr:i64): Bool{
  if curr >= n {
    True
  } else {
    if curr % m =
  }
}

def all_divides(n:i64,m:i64): Bool{
  all_divides_rec(n,m,1)
}

def smallest_multiple_rec(n:i64,curr:i64):i64{
  all_divides(n,curr).case{
    True => curr,
    False => smallest_multiple_rec(n,curr + 1)
  }
}

def smallest_multiple(n:i64): i64{
  smallest_multiple_rec(n,0)
}

def main_loop(iters:i64,n:i64): i64{
  let res:i64 = smallest_multiple(n);
  if iters == 1{
    println_i64(res);
    0
  }else {
    main_loop(iters - 1,n)
  }
}

def main(iters:i64,n:i64): i64{
  main_loop(iters, n)
}

INFO - got notification with method textDocument/didChange
INFO - loading text data Bool { True, False }

def all_divides(n:i64,m:i64,curr:i64): Bool{
  if curr >= n {
    True
  } else {
    if curr % m ==
  }
}

def all_divides(n:i64,m:i64): Bool{
  all_divides_rec(n,m,1)
}

def smallest_multiple_rec(n:i64,curr:i64):i64{
  all_divides(n,curr).case{
    True => curr,
    False => smallest_multiple_rec(n,curr + 1)
  }
}

def smallest_multiple(n:i64): i64{
  smallest_multiple_rec(n,0)
}

def main_loop(iters:i64,n:i64): i64{
  let res:i64 = smallest_multiple(n);
  if iters == 1{
    println_i64(res);
    0
  }else {
    main_loop(iters - 1,n)
  }
}

def main(iters:i64,n:i64): i64{
  main_loop(iters, n)
}

INFO - got notification with method textDocument/didChange
INFO - loading text data Bool { True, False }

def all_divides(n:i64,m:i64,curr:i64): Bool{
  if curr >= n {
    True
  } else {
    if curr % m == 0
  }
}

def all_divides(n:i64,m:i64): Bool{
  all_divides_rec(n,m,1)
}

def smallest_multiple_rec(n:i64,curr:i64):i64{
  all_divides(n,curr).case{
    True => curr,
    False => smallest_multiple_rec(n,curr + 1)
  }
}

def smallest_multiple(n:i64): i64{
  smallest_multiple_rec(n,0)
}

def main_loop(iters:i64,n:i64): i64{
  let res:i64 = smallest_multiple(n);
  if iters == 1{
    println_i64(res);
    0
  }else {
    main_loop(iters - 1,n)
  }
}

def main(iters:i64,n:i64): i64{
  main_loop(iters, n)
}

INFO - got notification with method textDocument/didChange
INFO - loading text data Bool { True, False }

def all_divides(n:i64,m:i64,curr:i64): Bool{
  if curr >= n {
    True
  } else {
    if curr % m == 0 
  }
}

def all_divides(n:i64,m:i64): Bool{
  all_divides_rec(n,m,1)
}

def smallest_multiple_rec(n:i64,curr:i64):i64{
  all_divides(n,curr).case{
    True => curr,
    False => smallest_multiple_rec(n,curr + 1)
  }
}

def smallest_multiple(n:i64): i64{
  smallest_multiple_rec(n,0)
}

def main_loop(iters:i64,n:i64): i64{
  let res:i64 = smallest_multiple(n);
  if iters == 1{
    println_i64(res);
    0
  }else {
    main_loop(iters - 1,n)
  }
}

def main(iters:i64,n:i64): i64{
  main_loop(iters, n)
}

INFO - got notification with method textDocument/didChange
INFO - loading text data Bool { True, False }

def all_divides(n:i64,m:i64,curr:i64): Bool{
  if curr >= n {
    True
  } else {
    if curr % m == 0 {
  }
}

def all_divides(n:i64,m:i64): Bool{
  all_divides_rec(n,m,1)
}

def smallest_multiple_rec(n:i64,curr:i64):i64{
  all_divides(n,curr).case{
    True => curr,
    False => smallest_multiple_rec(n,curr + 1)
  }
}

def smallest_multiple(n:i64): i64{
  smallest_multiple_rec(n,0)
}

def main_loop(iters:i64,n:i64): i64{
  let res:i64 = smallest_multiple(n);
  if iters == 1{
    println_i64(res);
    0
  }else {
    main_loop(iters - 1,n)
  }
}

def main(iters:i64,n:i64): i64{
  main_loop(iters, n)
}

INFO - got notification with method textDocument/didChange
INFO - loading text data Bool { True, False }

def all_divides(n:i64,m:i64,curr:i64): Bool{
  if curr >= n {
    True
  } else {
    if curr % m == 0 {
    
  }
}

def all_divides(n:i64,m:i64): Bool{
  all_divides_rec(n,m,1)
}

def smallest_multiple_rec(n:i64,curr:i64):i64{
  all_divides(n,curr).case{
    True => curr,
    False => smallest_multiple_rec(n,curr + 1)
  }
}

def smallest_multiple(n:i64): i64{
  smallest_multiple_rec(n,0)
}

def main_loop(iters:i64,n:i64): i64{
  let res:i64 = smallest_multiple(n);
  if iters == 1{
    println_i64(res);
    0
  }else {
    main_loop(iters - 1,n)
  }
}

def main(iters:i64,n:i64): i64{
  main_loop(iters, n)
}

INFO - got notification with method textDocument/didChange
INFO - loading text data Bool { True, False }

def all_divides(n:i64,m:i64,curr:i64): Bool{
  if curr >= n {
    True
  } else {
    if curr % m == 0 {
    }
  }
}

def all_divides(n:i64,m:i64): Bool{
  all_divides_rec(n,m,1)
}

def smallest_multiple_rec(n:i64,curr:i64):i64{
  all_divides(n,curr).case{
    True => curr,
    False => smallest_multiple_rec(n,curr + 1)
  }
}

def smallest_multiple(n:i64): i64{
  smallest_multiple_rec(n,0)
}

def main_loop(iters:i64,n:i64): i64{
  let res:i64 = smallest_multiple(n);
  if iters == 1{
    println_i64(res);
    0
  }else {
    main_loop(iters - 1,n)
  }
}

def main(iters:i64,n:i64): i64{
  main_loop(iters, n)
}

INFO - got notification with method textDocument/didChange
INFO - loading text data Bool { True, False }

def all_divides(n:i64,m:i64,curr:i64): Bool{
  if curr >= n {
    True
  } else {
    if curr % m == 0 {
    
    }
  }
}

def all_divides(n:i64,m:i64): Bool{
  all_divides_rec(n,m,1)
}

def smallest_multiple_rec(n:i64,curr:i64):i64{
  all_divides(n,curr).case{
    True => curr,
    False => smallest_multiple_rec(n,curr + 1)
  }
}

def smallest_multiple(n:i64): i64{
  smallest_multiple_rec(n,0)
}

def main_loop(iters:i64,n:i64): i64{
  let res:i64 = smallest_multiple(n);
  if iters == 1{
    println_i64(res);
    0
  }else {
    main_loop(iters - 1,n)
  }
}

def main(iters:i64,n:i64): i64{
  main_loop(iters, n)
}

INFO - got notification with method textDocument/didChange
INFO - loading text data Bool { True, False }

def all_divides(n:i64,m:i64,curr:i64): Bool{
  if curr >= n {
    True
  } else {
    if curr % m == 0 {
     
    }
  }
}

def all_divides(n:i64,m:i64): Bool{
  all_divides_rec(n,m,1)
}

def smallest_multiple_rec(n:i64,curr:i64):i64{
  all_divides(n,curr).case{
    True => curr,
    False => smallest_multiple_rec(n,curr + 1)
  }
}

def smallest_multiple(n:i64): i64{
  smallest_multiple_rec(n,0)
}

def main_loop(iters:i64,n:i64): i64{
  let res:i64 = smallest_multiple(n);
  if iters == 1{
    println_i64(res);
    0
  }else {
    main_loop(iters - 1,n)
  }
}

def main(iters:i64,n:i64): i64{
  main_loop(iters, n)
}

INFO - got notification with method textDocument/didChange
INFO - loading text data Bool { True, False }

def all_divides(n:i64,m:i64,curr:i64): Bool{
  if curr >= n {
    True
  } else {
    if curr % m == 0 {
      
    }
  }
}

def all_divides(n:i64,m:i64): Bool{
  all_divides_rec(n,m,1)
}

def smallest_multiple_rec(n:i64,curr:i64):i64{
  all_divides(n,curr).case{
    True => curr,
    False => smallest_multiple_rec(n,curr + 1)
  }
}

def smallest_multiple(n:i64): i64{
  smallest_multiple_rec(n,0)
}

def main_loop(iters:i64,n:i64): i64{
  let res:i64 = smallest_multiple(n);
  if iters == 1{
    println_i64(res);
    0
  }else {
    main_loop(iters - 1,n)
  }
}

def main(iters:i64,n:i64): i64{
  main_loop(iters, n)
}

INFO - got notification with method textDocument/didChange
INFO - loading text data Bool { True, False }

def all_divides(n:i64,m:i64,curr:i64): Bool{
  if curr >= n {
    True
  } else {
    if curr % m == 0 {
      a
    }
  }
}

def all_divides(n:i64,m:i64): Bool{
  all_divides_rec(n,m,1)
}

def smallest_multiple_rec(n:i64,curr:i64):i64{
  all_divides(n,curr).case{
    True => curr,
    False => smallest_multiple_rec(n,curr + 1)
  }
}

def smallest_multiple(n:i64): i64{
  smallest_multiple_rec(n,0)
}

def main_loop(iters:i64,n:i64): i64{
  let res:i64 = smallest_multiple(n);
  if iters == 1{
    println_i64(res);
    0
  }else {
    main_loop(iters - 1,n)
  }
}

def main(iters:i64,n:i64): i64{
  main_loop(iters, n)
}

INFO - got notification with method textDocument/didChange
INFO - loading text data Bool { True, False }

def all_divides(n:i64,m:i64,curr:i64): Bool{
  if curr >= n {
    True
  } else {
    if curr % m == 0 {
      al
    }
  }
}

def all_divides(n:i64,m:i64): Bool{
  all_divides_rec(n,m,1)
}

def smallest_multiple_rec(n:i64,curr:i64):i64{
  all_divides(n,curr).case{
    True => curr,
    False => smallest_multiple_rec(n,curr + 1)
  }
}

def smallest_multiple(n:i64): i64{
  smallest_multiple_rec(n,0)
}

def main_loop(iters:i64,n:i64): i64{
  let res:i64 = smallest_multiple(n);
  if iters == 1{
    println_i64(res);
    0
  }else {
    main_loop(iters - 1,n)
  }
}

def main(iters:i64,n:i64): i64{
  main_loop(iters, n)
}

INFO - got notification with method textDocument/didChange
INFO - loading text data Bool { True, False }

def all_divides(n:i64,m:i64,curr:i64): Bool{
  if curr >= n {
    True
  } else {
    if curr % m == 0 {
      all
    }
  }
}

def all_divides(n:i64,m:i64): Bool{
  all_divides_rec(n,m,1)
}

def smallest_multiple_rec(n:i64,curr:i64):i64{
  all_divides(n,curr).case{
    True => curr,
    False => smallest_multiple_rec(n,curr + 1)
  }
}

def smallest_multiple(n:i64): i64{
  smallest_multiple_rec(n,0)
}

def main_loop(iters:i64,n:i64): i64{
  let res:i64 = smallest_multiple(n);
  if iters == 1{
    println_i64(res);
    0
  }else {
    main_loop(iters - 1,n)
  }
}

def main(iters:i64,n:i64): i64{
  main_loop(iters, n)
}

INFO - got notification with method textDocument/didChange
INFO - loading text data Bool { True, False }

def all_divides(n:i64,m:i64,curr:i64): Bool{
  if curr >= n {
    True
  } else {
    if curr % m == 0 {
      all_
    }
  }
}

def all_divides(n:i64,m:i64): Bool{
  all_divides_rec(n,m,1)
}

def smallest_multiple_rec(n:i64,curr:i64):i64{
  all_divides(n,curr).case{
    True => curr,
    False => smallest_multiple_rec(n,curr + 1)
  }
}

def smallest_multiple(n:i64): i64{
  smallest_multiple_rec(n,0)
}

def main_loop(iters:i64,n:i64): i64{
  let res:i64 = smallest_multiple(n);
  if iters == 1{
    println_i64(res);
    0
  }else {
    main_loop(iters - 1,n)
  }
}

def main(iters:i64,n:i64): i64{
  main_loop(iters, n)
}

INFO - got notification with method textDocument/didChange
INFO - loading text data Bool { True, False }

def all_divides(n:i64,m:i64,curr:i64): Bool{
  if curr >= n {
    True
  } else {
    if curr % m == 0 {
      all_d
    }
  }
}

def all_divides(n:i64,m:i64): Bool{
  all_divides_rec(n,m,1)
}

def smallest_multiple_rec(n:i64,curr:i64):i64{
  all_divides(n,curr).case{
    True => curr,
    False => smallest_multiple_rec(n,curr + 1)
  }
}

def smallest_multiple(n:i64): i64{
  smallest_multiple_rec(n,0)
}

def main_loop(iters:i64,n:i64): i64{
  let res:i64 = smallest_multiple(n);
  if iters == 1{
    println_i64(res);
    0
  }else {
    main_loop(iters - 1,n)
  }
}

def main(iters:i64,n:i64): i64{
  main_loop(iters, n)
}

INFO - got notification with method textDocument/didChange
INFO - loading text data Bool { True, False }

def all_divides(n:i64,m:i64,curr:i64): Bool{
  if curr >= n {
    True
  } else {
    if curr % m == 0 {
      all_div
    }
  }
}

def all_divides(n:i64,m:i64): Bool{
  all_divides_rec(n,m,1)
}

def smallest_multiple_rec(n:i64,curr:i64):i64{
  all_divides(n,curr).case{
    True => curr,
    False => smallest_multiple_rec(n,curr + 1)
  }
}

def smallest_multiple(n:i64): i64{
  smallest_multiple_rec(n,0)
}

def main_loop(iters:i64,n:i64): i64{
  let res:i64 = smallest_multiple(n);
  if iters == 1{
    println_i64(res);
    0
  }else {
    main_loop(iters - 1,n)
  }
}

def main(iters:i64,n:i64): i64{
  main_loop(iters, n)
}

INFO - got notification with method textDocument/didChange
INFO - loading text data Bool { True, False }

def all_divides(n:i64,m:i64,curr:i64): Bool{
  if curr >= n {
    True
  } else {
    if curr % m == 0 {
      all_divi
    }
  }
}

def all_divides(n:i64,m:i64): Bool{
  all_divides_rec(n,m,1)
}

def smallest_multiple_rec(n:i64,curr:i64):i64{
  all_divides(n,curr).case{
    True => curr,
    False => smallest_multiple_rec(n,curr + 1)
  }
}

def smallest_multiple(n:i64): i64{
  smallest_multiple_rec(n,0)
}

def main_loop(iters:i64,n:i64): i64{
  let res:i64 = smallest_multiple(n);
  if iters == 1{
    println_i64(res);
    0
  }else {
    main_loop(iters - 1,n)
  }
}

def main(iters:i64,n:i64): i64{
  main_loop(iters, n)
}

INFO - got notification with method textDocument/didChange
INFO - loading text data Bool { True, False }

def all_divides(n:i64,m:i64,curr:i64): Bool{
  if curr >= n {
    True
  } else {
    if curr % m == 0 {
      all_divid
    }
  }
}

def all_divides(n:i64,m:i64): Bool{
  all_divides_rec(n,m,1)
}

def smallest_multiple_rec(n:i64,curr:i64):i64{
  all_divides(n,curr).case{
    True => curr,
    False => smallest_multiple_rec(n,curr + 1)
  }
}

def smallest_multiple(n:i64): i64{
  smallest_multiple_rec(n,0)
}

def main_loop(iters:i64,n:i64): i64{
  let res:i64 = smallest_multiple(n);
  if iters == 1{
    println_i64(res);
    0
  }else {
    main_loop(iters - 1,n)
  }
}

def main(iters:i64,n:i64): i64{
  main_loop(iters, n)
}

INFO - got notification with method textDocument/didChange
INFO - loading text data Bool { True, False }

def all_divides(n:i64,m:i64,curr:i64): Bool{
  if curr >= n {
    True
  } else {
    if curr % m == 0 {
      all_dividse
    }
  }
}

def all_divides(n:i64,m:i64): Bool{
  all_divides_rec(n,m,1)
}

def smallest_multiple_rec(n:i64,curr:i64):i64{
  all_divides(n,curr).case{
    True => curr,
    False => smallest_multiple_rec(n,curr + 1)
  }
}

def smallest_multiple(n:i64): i64{
  smallest_multiple_rec(n,0)
}

def main_loop(iters:i64,n:i64): i64{
  let res:i64 = smallest_multiple(n);
  if iters == 1{
    println_i64(res);
    0
  }else {
    main_loop(iters - 1,n)
  }
}

def main(iters:i64,n:i64): i64{
  main_loop(iters, n)
}

INFO - got notification with method textDocument/didChange
INFO - loading text data Bool { True, False }

def all_divides(n:i64,m:i64,curr:i64): Bool{
  if curr >= n {
    True
  } else {
    if curr % m == 0 {
      all_divids
    }
  }
}

def all_divides(n:i64,m:i64): Bool{
  all_divides_rec(n,m,1)
}

def smallest_multiple_rec(n:i64,curr:i64):i64{
  all_divides(n,curr).case{
    True => curr,
    False => smallest_multiple_rec(n,curr + 1)
  }
}

def smallest_multiple(n:i64): i64{
  smallest_multiple_rec(n,0)
}

def main_loop(iters:i64,n:i64): i64{
  let res:i64 = smallest_multiple(n);
  if iters == 1{
    println_i64(res);
    0
  }else {
    main_loop(iters - 1,n)
  }
}

def main(iters:i64,n:i64): i64{
  main_loop(iters, n)
}

INFO - got notification with method textDocument/didChange
INFO - loading text data Bool { True, False }

def all_divides(n:i64,m:i64,curr:i64): Bool{
  if curr >= n {
    True
  } else {
    if curr % m == 0 {
      all_divid
    }
  }
}

def all_divides(n:i64,m:i64): Bool{
  all_divides_rec(n,m,1)
}

def smallest_multiple_rec(n:i64,curr:i64):i64{
  all_divides(n,curr).case{
    True => curr,
    False => smallest_multiple_rec(n,curr + 1)
  }
}

def smallest_multiple(n:i64): i64{
  smallest_multiple_rec(n,0)
}

def main_loop(iters:i64,n:i64): i64{
  let res:i64 = smallest_multiple(n);
  if iters == 1{
    println_i64(res);
    0
  }else {
    main_loop(iters - 1,n)
  }
}

def main(iters:i64,n:i64): i64{
  main_loop(iters, n)
}

INFO - got notification with method textDocument/didChange
INFO - loading text data Bool { True, False }

def all_divides(n:i64,m:i64,curr:i64): Bool{
  if curr >= n {
    True
  } else {
    if curr % m == 0 {
      all_divides
    }
  }
}

def all_divides(n:i64,m:i64): Bool{
  all_divides_rec(n,m,1)
}

def smallest_multiple_rec(n:i64,curr:i64):i64{
  all_divides(n,curr).case{
    True => curr,
    False => smallest_multiple_rec(n,curr + 1)
  }
}

def smallest_multiple(n:i64): i64{
  smallest_multiple_rec(n,0)
}

def main_loop(iters:i64,n:i64): i64{
  let res:i64 = smallest_multiple(n);
  if iters == 1{
    println_i64(res);
    0
  }else {
    main_loop(iters - 1,n)
  }
}

def main(iters:i64,n:i64): i64{
  main_loop(iters, n)
}

INFO - got notification with method textDocument/didChange
INFO - loading text data Bool { True, False }

def all_divides(n:i64,m:i64,curr:i64): Bool{
  if curr >= n {
    True
  } else {
    if curr % m == 0 {
      all_divides_
    }
  }
}

def all_divides(n:i64,m:i64): Bool{
  all_divides_rec(n,m,1)
}

def smallest_multiple_rec(n:i64,curr:i64):i64{
  all_divides(n,curr).case{
    True => curr,
    False => smallest_multiple_rec(n,curr + 1)
  }
}

def smallest_multiple(n:i64): i64{
  smallest_multiple_rec(n,0)
}

def main_loop(iters:i64,n:i64): i64{
  let res:i64 = smallest_multiple(n);
  if iters == 1{
    println_i64(res);
    0
  }else {
    main_loop(iters - 1,n)
  }
}

def main(iters:i64,n:i64): i64{
  main_loop(iters, n)
}

INFO - got notification with method textDocument/didChange
INFO - loading text data Bool { True, False }

def all_divides_(n:i64,m:i64,curr:i64): Bool{
  if curr >= n {
    True
  } else {
    if curr % m == 0 {
      all_divides_
    }
  }
}

def all_divides(n:i64,m:i64): Bool{
  all_divides_rec(n,m,1)
}

def smallest_multiple_rec(n:i64,curr:i64):i64{
  all_divides(n,curr).case{
    True => curr,
    False => smallest_multiple_rec(n,curr + 1)
  }
}

def smallest_multiple(n:i64): i64{
  smallest_multiple_rec(n,0)
}

def main_loop(iters:i64,n:i64): i64{
  let res:i64 = smallest_multiple(n);
  if iters == 1{
    println_i64(res);
    0
  }else {
    main_loop(iters - 1,n)
  }
}

def main(iters:i64,n:i64): i64{
  main_loop(iters, n)
}

INFO - got notification with method textDocument/didChange
INFO - loading text data Bool { True, False }

def all_divides_r(n:i64,m:i64,curr:i64): Bool{
  if curr >= n {
    True
  } else {
    if curr % m == 0 {
      all_divides_
    }
  }
}

def all_divides(n:i64,m:i64): Bool{
  all_divides_rec(n,m,1)
}

def smallest_multiple_rec(n:i64,curr:i64):i64{
  all_divides(n,curr).case{
    True => curr,
    False => smallest_multiple_rec(n,curr + 1)
  }
}

def smallest_multiple(n:i64): i64{
  smallest_multiple_rec(n,0)
}

def main_loop(iters:i64,n:i64): i64{
  let res:i64 = smallest_multiple(n);
  if iters == 1{
    println_i64(res);
    0
  }else {
    main_loop(iters - 1,n)
  }
}

def main(iters:i64,n:i64): i64{
  main_loop(iters, n)
}

INFO - got notification with method textDocument/didChange
INFO - loading text data Bool { True, False }

def all_divides_rec(n:i64,m:i64,curr:i64): Bool{
  if curr >= n {
    True
  } else {
    if curr % m == 0 {
      all_divides_
    }
  }
}

def all_divides(n:i64,m:i64): Bool{
  all_divides_rec(n,m,1)
}

def smallest_multiple_rec(n:i64,curr:i64):i64{
  all_divides(n,curr).case{
    True => curr,
    False => smallest_multiple_rec(n,curr + 1)
  }
}

def smallest_multiple(n:i64): i64{
  smallest_multiple_rec(n,0)
}

def main_loop(iters:i64,n:i64): i64{
  let res:i64 = smallest_multiple(n);
  if iters == 1{
    println_i64(res);
    0
  }else {
    main_loop(iters - 1,n)
  }
}

def main(iters:i64,n:i64): i64{
  main_loop(iters, n)
}

INFO - got notification with method textDocument/didChange
INFO - loading text data Bool { True, False }

def all_divides_rec(n:i64,m:i64,curr:i64): Bool{
  if curr >= n {
    True
  } else {
    if curr % m == 0 {
      all_divides_r
    }
  }
}

def all_divides(n:i64,m:i64): Bool{
  all_divides_rec(n,m,1)
}

def smallest_multiple_rec(n:i64,curr:i64):i64{
  all_divides(n,curr).case{
    True => curr,
    False => smallest_multiple_rec(n,curr + 1)
  }
}

def smallest_multiple(n:i64): i64{
  smallest_multiple_rec(n,0)
}

def main_loop(iters:i64,n:i64): i64{
  let res:i64 = smallest_multiple(n);
  if iters == 1{
    println_i64(res);
    0
  }else {
    main_loop(iters - 1,n)
  }
}

def main(iters:i64,n:i64): i64{
  main_loop(iters, n)
}

INFO - got notification with method textDocument/didChange
INFO - loading text data Bool { True, False }

def all_divides_rec(n:i64,m:i64,curr:i64): Bool{
  if curr >= n {
    True
  } else {
    if curr % m == 0 {
      all_divides_re
    }
  }
}

def all_divides(n:i64,m:i64): Bool{
  all_divides_rec(n,m,1)
}

def smallest_multiple_rec(n:i64,curr:i64):i64{
  all_divides(n,curr).case{
    True => curr,
    False => smallest_multiple_rec(n,curr + 1)
  }
}

def smallest_multiple(n:i64): i64{
  smallest_multiple_rec(n,0)
}

def main_loop(iters:i64,n:i64): i64{
  let res:i64 = smallest_multiple(n);
  if iters == 1{
    println_i64(res);
    0
  }else {
    main_loop(iters - 1,n)
  }
}

def main(iters:i64,n:i64): i64{
  main_loop(iters, n)
}

INFO - got notification with method textDocument/didChange
INFO - loading text data Bool { True, False }

def all_divides_rec(n:i64,m:i64,curr:i64): Bool{
  if curr >= n {
    True
  } else {
    if curr % m == 0 {
      all_divides_rec
    }
  }
}

def all_divides(n:i64,m:i64): Bool{
  all_divides_rec(n,m,1)
}

def smallest_multiple_rec(n:i64,curr:i64):i64{
  all_divides(n,curr).case{
    True => curr,
    False => smallest_multiple_rec(n,curr + 1)
  }
}

def smallest_multiple(n:i64): i64{
  smallest_multiple_rec(n,0)
}

def main_loop(iters:i64,n:i64): i64{
  let res:i64 = smallest_multiple(n);
  if iters == 1{
    println_i64(res);
    0
  }else {
    main_loop(iters - 1,n)
  }
}

def main(iters:i64,n:i64): i64{
  main_loop(iters, n)
}

INFO - got notification with method textDocument/didChange
INFO - loading text data Bool { True, False }

def all_divides_rec(n:i64,m:i64,curr:i64): Bool{
  if curr >= n {
    True
  } else {
    if curr % m == 0 {
      all_divides_rec(
    }
  }
}

def all_divides(n:i64,m:i64): Bool{
  all_divides_rec(n,m,1)
}

def smallest_multiple_rec(n:i64,curr:i64):i64{
  all_divides(n,curr).case{
    True => curr,
    False => smallest_multiple_rec(n,curr + 1)
  }
}

def smallest_multiple(n:i64): i64{
  smallest_multiple_rec(n,0)
}

def main_loop(iters:i64,n:i64): i64{
  let res:i64 = smallest_multiple(n);
  if iters == 1{
    println_i64(res);
    0
  }else {
    main_loop(iters - 1,n)
  }
}

def main(iters:i64,n:i64): i64{
  main_loop(iters, n)
}

INFO - got notification with method textDocument/didChange
INFO - loading text data Bool { True, False }

def all_divides_rec(n:i64,m:i64,curr:i64): Bool{
  if curr >= n {
    True
  } else {
    if curr % m == 0 {
      all_divides_rec(n
    }
  }
}

def all_divides(n:i64,m:i64): Bool{
  all_divides_rec(n,m,1)
}

def smallest_multiple_rec(n:i64,curr:i64):i64{
  all_divides(n,curr).case{
    True => curr,
    False => smallest_multiple_rec(n,curr + 1)
  }
}

def smallest_multiple(n:i64): i64{
  smallest_multiple_rec(n,0)
}

def main_loop(iters:i64,n:i64): i64{
  let res:i64 = smallest_multiple(n);
  if iters == 1{
    println_i64(res);
    0
  }else {
    main_loop(iters - 1,n)
  }
}

def main(iters:i64,n:i64): i64{
  main_loop(iters, n)
}

INFO - got notification with method textDocument/didChange
INFO - loading text data Bool { True, False }

def all_divides_rec(n:i64,m:i64,curr:i64): Bool{
  if curr >= n {
    True
  } else {
    if curr % m == 0 {
      all_divides_rec(n,
    }
  }
}

def all_divides(n:i64,m:i64): Bool{
  all_divides_rec(n,m,1)
}

def smallest_multiple_rec(n:i64,curr:i64):i64{
  all_divides(n,curr).case{
    True => curr,
    False => smallest_multiple_rec(n,curr + 1)
  }
}

def smallest_multiple(n:i64): i64{
  smallest_multiple_rec(n,0)
}

def main_loop(iters:i64,n:i64): i64{
  let res:i64 = smallest_multiple(n);
  if iters == 1{
    println_i64(res);
    0
  }else {
    main_loop(iters - 1,n)
  }
}

def main(iters:i64,n:i64): i64{
  main_loop(iters, n)
}

INFO - got notification with method textDocument/didChange
INFO - loading text data Bool { True, False }

def all_divides_rec(n:i64,m:i64,curr:i64): Bool{
  if curr >= n {
    True
  } else {
    if curr % m == 0 {
      all_divides_rec(n,n
    }
  }
}

def all_divides(n:i64,m:i64): Bool{
  all_divides_rec(n,m,1)
}

def smallest_multiple_rec(n:i64,curr:i64):i64{
  all_divides(n,curr).case{
    True => curr,
    False => smallest_multiple_rec(n,curr + 1)
  }
}

def smallest_multiple(n:i64): i64{
  smallest_multiple_rec(n,0)
}

def main_loop(iters:i64,n:i64): i64{
  let res:i64 = smallest_multiple(n);
  if iters == 1{
    println_i64(res);
    0
  }else {
    main_loop(iters - 1,n)
  }
}

def main(iters:i64,n:i64): i64{
  main_loop(iters, n)
}

INFO - got notification with method textDocument/didChange
INFO - loading text data Bool { True, False }

def all_divides_rec(n:i64,m:i64,curr:i64): Bool{
  if curr >= n {
    True
  } else {
    if curr % m == 0 {
      all_divides_rec(n,
    }
  }
}

def all_divides(n:i64,m:i64): Bool{
  all_divides_rec(n,m,1)
}

def smallest_multiple_rec(n:i64,curr:i64):i64{
  all_divides(n,curr).case{
    True => curr,
    False => smallest_multiple_rec(n,curr + 1)
  }
}

def smallest_multiple(n:i64): i64{
  smallest_multiple_rec(n,0)
}

def main_loop(iters:i64,n:i64): i64{
  let res:i64 = smallest_multiple(n);
  if iters == 1{
    println_i64(res);
    0
  }else {
    main_loop(iters - 1,n)
  }
}

def main(iters:i64,n:i64): i64{
  main_loop(iters, n)
}

INFO - got notification with method textDocument/didChange
INFO - loading text data Bool { True, False }

def all_divides_rec(n:i64,m:i64,curr:i64): Bool{
  if curr >= n {
    True
  } else {
    if curr % m == 0 {
      all_divides_rec(n,m
    }
  }
}

def all_divides(n:i64,m:i64): Bool{
  all_divides_rec(n,m,1)
}

def smallest_multiple_rec(n:i64,curr:i64):i64{
  all_divides(n,curr).case{
    True => curr,
    False => smallest_multiple_rec(n,curr + 1)
  }
}

def smallest_multiple(n:i64): i64{
  smallest_multiple_rec(n,0)
}

def main_loop(iters:i64,n:i64): i64{
  let res:i64 = smallest_multiple(n);
  if iters == 1{
    println_i64(res);
    0
  }else {
    main_loop(iters - 1,n)
  }
}

def main(iters:i64,n:i64): i64{
  main_loop(iters, n)
}

INFO - got notification with method textDocument/didChange
INFO - loading text data Bool { True, False }

def all_divides_rec(n:i64,m:i64,curr:i64): Bool{
  if curr >= n {
    True
  } else {
    if curr % m == 0 {
      all_divides_rec(n,m,
    }
  }
}

def all_divides(n:i64,m:i64): Bool{
  all_divides_rec(n,m,1)
}

def smallest_multiple_rec(n:i64,curr:i64):i64{
  all_divides(n,curr).case{
    True => curr,
    False => smallest_multiple_rec(n,curr + 1)
  }
}

def smallest_multiple(n:i64): i64{
  smallest_multiple_rec(n,0)
}

def main_loop(iters:i64,n:i64): i64{
  let res:i64 = smallest_multiple(n);
  if iters == 1{
    println_i64(res);
    0
  }else {
    main_loop(iters - 1,n)
  }
}

def main(iters:i64,n:i64): i64{
  main_loop(iters, n)
}

INFO - got notification with method textDocument/didChange
INFO - loading text data Bool { True, False }

def all_divides_rec(n:i64,m:i64,curr:i64): Bool{
  if curr >= n {
    True
  } else {
    if curr % m == 0 {
      all_divides_rec(n,m,c
    }
  }
}

def all_divides(n:i64,m:i64): Bool{
  all_divides_rec(n,m,1)
}

def smallest_multiple_rec(n:i64,curr:i64):i64{
  all_divides(n,curr).case{
    True => curr,
    False => smallest_multiple_rec(n,curr + 1)
  }
}

def smallest_multiple(n:i64): i64{
  smallest_multiple_rec(n,0)
}

def main_loop(iters:i64,n:i64): i64{
  let res:i64 = smallest_multiple(n);
  if iters == 1{
    println_i64(res);
    0
  }else {
    main_loop(iters - 1,n)
  }
}

def main(iters:i64,n:i64): i64{
  main_loop(iters, n)
}

INFO - got notification with method textDocument/didChange
INFO - loading text data Bool { True, False }

def all_divides_rec(n:i64,m:i64,curr:i64): Bool{
  if curr >= n {
    True
  } else {
    if curr % m == 0 {
      all_divides_rec(n,m,cu
    }
  }
}

def all_divides(n:i64,m:i64): Bool{
  all_divides_rec(n,m,1)
}

def smallest_multiple_rec(n:i64,curr:i64):i64{
  all_divides(n,curr).case{
    True => curr,
    False => smallest_multiple_rec(n,curr + 1)
  }
}

def smallest_multiple(n:i64): i64{
  smallest_multiple_rec(n,0)
}

def main_loop(iters:i64,n:i64): i64{
  let res:i64 = smallest_multiple(n);
  if iters == 1{
    println_i64(res);
    0
  }else {
    main_loop(iters - 1,n)
  }
}

def main(iters:i64,n:i64): i64{
  main_loop(iters, n)
}

INFO - got notification with method textDocument/didChange
INFO - loading text data Bool { True, False }

def all_divides_rec(n:i64,m:i64,curr:i64): Bool{
  if curr >= n {
    True
  } else {
    if curr % m == 0 {
      all_divides_rec(n,m,curr
    }
  }
}

def all_divides(n:i64,m:i64): Bool{
  all_divides_rec(n,m,1)
}

def smallest_multiple_rec(n:i64,curr:i64):i64{
  all_divides(n,curr).case{
    True => curr,
    False => smallest_multiple_rec(n,curr + 1)
  }
}

def smallest_multiple(n:i64): i64{
  smallest_multiple_rec(n,0)
}

def main_loop(iters:i64,n:i64): i64{
  let res:i64 = smallest_multiple(n);
  if iters == 1{
    println_i64(res);
    0
  }else {
    main_loop(iters - 1,n)
  }
}

def main(iters:i64,n:i64): i64{
  main_loop(iters, n)
}

INFO - got notification with method textDocument/didChange
INFO - loading text data Bool { True, False }

def all_divides_rec(n:i64,m:i64,curr:i64): Bool{
  if curr >= n {
    True
  } else {
    if curr % m == 0 {
      all_divides_rec(n,m,curr 
    }
  }
}

def all_divides(n:i64,m:i64): Bool{
  all_divides_rec(n,m,1)
}

def smallest_multiple_rec(n:i64,curr:i64):i64{
  all_divides(n,curr).case{
    True => curr,
    False => smallest_multiple_rec(n,curr + 1)
  }
}

def smallest_multiple(n:i64): i64{
  smallest_multiple_rec(n,0)
}

def main_loop(iters:i64,n:i64): i64{
  let res:i64 = smallest_multiple(n);
  if iters == 1{
    println_i64(res);
    0
  }else {
    main_loop(iters - 1,n)
  }
}

def main(iters:i64,n:i64): i64{
  main_loop(iters, n)
}

INFO - got notification with method textDocument/didChange
INFO - loading text data Bool { True, False }

def all_divides_rec(n:i64,m:i64,curr:i64): Bool{
  if curr >= n {
    True
  } else {
    if curr % m == 0 {
      all_divides_rec(n,m,curr +
    }
  }
}

def all_divides(n:i64,m:i64): Bool{
  all_divides_rec(n,m,1)
}

def smallest_multiple_rec(n:i64,curr:i64):i64{
  all_divides(n,curr).case{
    True => curr,
    False => smallest_multiple_rec(n,curr + 1)
  }
}

def smallest_multiple(n:i64): i64{
  smallest_multiple_rec(n,0)
}

def main_loop(iters:i64,n:i64): i64{
  let res:i64 = smallest_multiple(n);
  if iters == 1{
    println_i64(res);
    0
  }else {
    main_loop(iters - 1,n)
  }
}

def main(iters:i64,n:i64): i64{
  main_loop(iters, n)
}

INFO - got notification with method textDocument/didChange
INFO - loading text data Bool { True, False }

def all_divides_rec(n:i64,m:i64,curr:i64): Bool{
  if curr >= n {
    True
  } else {
    if curr % m == 0 {
      all_divides_rec(n,m,curr + 
    }
  }
}

def all_divides(n:i64,m:i64): Bool{
  all_divides_rec(n,m,1)
}

def smallest_multiple_rec(n:i64,curr:i64):i64{
  all_divides(n,curr).case{
    True => curr,
    False => smallest_multiple_rec(n,curr + 1)
  }
}

def smallest_multiple(n:i64): i64{
  smallest_multiple_rec(n,0)
}

def main_loop(iters:i64,n:i64): i64{
  let res:i64 = smallest_multiple(n);
  if iters == 1{
    println_i64(res);
    0
  }else {
    main_loop(iters - 1,n)
  }
}

def main(iters:i64,n:i64): i64{
  main_loop(iters, n)
}

INFO - got notification with method textDocument/didChange
INFO - loading text data Bool { True, False }

def all_divides_rec(n:i64,m:i64,curr:i64): Bool{
  if curr >= n {
    True
  } else {
    if curr % m == 0 {
      all_divides_rec(n,m,curr + 1
    }
  }
}

def all_divides(n:i64,m:i64): Bool{
  all_divides_rec(n,m,1)
}

def smallest_multiple_rec(n:i64,curr:i64):i64{
  all_divides(n,curr).case{
    True => curr,
    False => smallest_multiple_rec(n,curr + 1)
  }
}

def smallest_multiple(n:i64): i64{
  smallest_multiple_rec(n,0)
}

def main_loop(iters:i64,n:i64): i64{
  let res:i64 = smallest_multiple(n);
  if iters == 1{
    println_i64(res);
    0
  }else {
    main_loop(iters - 1,n)
  }
}

def main(iters:i64,n:i64): i64{
  main_loop(iters, n)
}

INFO - got notification with method textDocument/didChange
INFO - loading text data Bool { True, False }

def all_divides_rec(n:i64,m:i64,curr:i64): Bool{
  if curr >= n {
    True
  } else {
    if curr % m == 0 {
      all_divides_rec(n,m,curr + 1)
    }
  }
}

def all_divides(n:i64,m:i64): Bool{
  all_divides_rec(n,m,1)
}

def smallest_multiple_rec(n:i64,curr:i64):i64{
  all_divides(n,curr).case{
    True => curr,
    False => smallest_multiple_rec(n,curr + 1)
  }
}

def smallest_multiple(n:i64): i64{
  smallest_multiple_rec(n,0)
}

def main_loop(iters:i64,n:i64): i64{
  let res:i64 = smallest_multiple(n);
  if iters == 1{
    println_i64(res);
    0
  }else {
    main_loop(iters - 1,n)
  }
}

def main(iters:i64,n:i64): i64{
  main_loop(iters, n)
}

INFO - got notification with method textDocument/didChange
INFO - loading text data Bool { True, False }

def all_divides_rec(n:i64,m:i64,curr:i64): Bool{
  if curr >= n {
    True
  } else {
    if curr % m == 0 {
      all_divides_rec(n,m,curr + 1)
    }e
  }
}

def all_divides(n:i64,m:i64): Bool{
  all_divides_rec(n,m,1)
}

def smallest_multiple_rec(n:i64,curr:i64):i64{
  all_divides(n,curr).case{
    True => curr,
    False => smallest_multiple_rec(n,curr + 1)
  }
}

def smallest_multiple(n:i64): i64{
  smallest_multiple_rec(n,0)
}

def main_loop(iters:i64,n:i64): i64{
  let res:i64 = smallest_multiple(n);
  if iters == 1{
    println_i64(res);
    0
  }else {
    main_loop(iters - 1,n)
  }
}

def main(iters:i64,n:i64): i64{
  main_loop(iters, n)
}

INFO - got notification with method textDocument/didChange
INFO - loading text data Bool { True, False }

def all_divides_rec(n:i64,m:i64,curr:i64): Bool{
  if curr >= n {
    True
  } else {
    if curr % m == 0 {
      all_divides_rec(n,m,curr + 1)
    }el
  }
}

def all_divides(n:i64,m:i64): Bool{
  all_divides_rec(n,m,1)
}

def smallest_multiple_rec(n:i64,curr:i64):i64{
  all_divides(n,curr).case{
    True => curr,
    False => smallest_multiple_rec(n,curr + 1)
  }
}

def smallest_multiple(n:i64): i64{
  smallest_multiple_rec(n,0)
}

def main_loop(iters:i64,n:i64): i64{
  let res:i64 = smallest_multiple(n);
  if iters == 1{
    println_i64(res);
    0
  }else {
    main_loop(iters - 1,n)
  }
}

def main(iters:i64,n:i64): i64{
  main_loop(iters, n)
}

INFO - got notification with method textDocument/didChange
INFO - loading text data Bool { True, False }

def all_divides_rec(n:i64,m:i64,curr:i64): Bool{
  if curr >= n {
    True
  } else {
    if curr % m == 0 {
      all_divides_rec(n,m,curr + 1)
    }e
  }
}

def all_divides(n:i64,m:i64): Bool{
  all_divides_rec(n,m,1)
}

def smallest_multiple_rec(n:i64,curr:i64):i64{
  all_divides(n,curr).case{
    True => curr,
    False => smallest_multiple_rec(n,curr + 1)
  }
}

def smallest_multiple(n:i64): i64{
  smallest_multiple_rec(n,0)
}

def main_loop(iters:i64,n:i64): i64{
  let res:i64 = smallest_multiple(n);
  if iters == 1{
    println_i64(res);
    0
  }else {
    main_loop(iters - 1,n)
  }
}

def main(iters:i64,n:i64): i64{
  main_loop(iters, n)
}

INFO - got notification with method textDocument/didChange
INFO - loading text data Bool { True, False }

def all_divides_rec(n:i64,m:i64,curr:i64): Bool{
  if curr >= n {
    True
  } else {
    if curr % m == 0 {
      all_divides_rec(n,m,curr + 1)
    }
  }
}

def all_divides(n:i64,m:i64): Bool{
  all_divides_rec(n,m,1)
}

def smallest_multiple_rec(n:i64,curr:i64):i64{
  all_divides(n,curr).case{
    True => curr,
    False => smallest_multiple_rec(n,curr + 1)
  }
}

def smallest_multiple(n:i64): i64{
  smallest_multiple_rec(n,0)
}

def main_loop(iters:i64,n:i64): i64{
  let res:i64 = smallest_multiple(n);
  if iters == 1{
    println_i64(res);
    0
  }else {
    main_loop(iters - 1,n)
  }
}

def main(iters:i64,n:i64): i64{
  main_loop(iters, n)
}

INFO - got notification with method textDocument/didChange
INFO - loading text data Bool { True, False }

def all_divides_rec(n:i64,m:i64,curr:i64): Bool{
  if curr >= n {
    True
  } else {
    if curr % m == 0 {
      all_divides_rec(n,m,curr + 1)
    }e
  }
}

def all_divides(n:i64,m:i64): Bool{
  all_divides_rec(n,m,1)
}

def smallest_multiple_rec(n:i64,curr:i64):i64{
  all_divides(n,curr).case{
    True => curr,
    False => smallest_multiple_rec(n,curr + 1)
  }
}

def smallest_multiple(n:i64): i64{
  smallest_multiple_rec(n,0)
}

def main_loop(iters:i64,n:i64): i64{
  let res:i64 = smallest_multiple(n);
  if iters == 1{
    println_i64(res);
    0
  }else {
    main_loop(iters - 1,n)
  }
}

def main(iters:i64,n:i64): i64{
  main_loop(iters, n)
}

INFO - got notification with method textDocument/didChange
INFO - loading text data Bool { True, False }

def all_divides_rec(n:i64,m:i64,curr:i64): Bool{
  if curr >= n {
    True
  } else {
    if curr % m == 0 {
      all_divides_rec(n,m,curr + 1)
    }else
  }
}

def all_divides(n:i64,m:i64): Bool{
  all_divides_rec(n,m,1)
}

def smallest_multiple_rec(n:i64,curr:i64):i64{
  all_divides(n,curr).case{
    True => curr,
    False => smallest_multiple_rec(n,curr + 1)
  }
}

def smallest_multiple(n:i64): i64{
  smallest_multiple_rec(n,0)
}

def main_loop(iters:i64,n:i64): i64{
  let res:i64 = smallest_multiple(n);
  if iters == 1{
    println_i64(res);
    0
  }else {
    main_loop(iters - 1,n)
  }
}

def main(iters:i64,n:i64): i64{
  main_loop(iters, n)
}

INFO - got notification with method textDocument/didChange
INFO - loading text data Bool { True, False }

def all_divides_rec(n:i64,m:i64,curr:i64): Bool{
  if curr >= n {
    True
  } else {
    if curr % m == 0 {
      all_divides_rec(n,m,curr + 1)
    }else{
  }
}

def all_divides(n:i64,m:i64): Bool{
  all_divides_rec(n,m,1)
}

def smallest_multiple_rec(n:i64,curr:i64):i64{
  all_divides(n,curr).case{
    True => curr,
    False => smallest_multiple_rec(n,curr + 1)
  }
}

def smallest_multiple(n:i64): i64{
  smallest_multiple_rec(n,0)
}

def main_loop(iters:i64,n:i64): i64{
  let res:i64 = smallest_multiple(n);
  if iters == 1{
    println_i64(res);
    0
  }else {
    main_loop(iters - 1,n)
  }
}

def main(iters:i64,n:i64): i64{
  main_loop(iters, n)
}

INFO - got notification with method textDocument/didChange
INFO - loading text data Bool { True, False }

def all_divides_rec(n:i64,m:i64,curr:i64): Bool{
  if curr >= n {
    True
  } else {
    if curr % m == 0 {
      all_divides_rec(n,m,curr + 1)
    }else{
    
  }
}

def all_divides(n:i64,m:i64): Bool{
  all_divides_rec(n,m,1)
}

def smallest_multiple_rec(n:i64,curr:i64):i64{
  all_divides(n,curr).case{
    True => curr,
    False => smallest_multiple_rec(n,curr + 1)
  }
}

def smallest_multiple(n:i64): i64{
  smallest_multiple_rec(n,0)
}

def main_loop(iters:i64,n:i64): i64{
  let res:i64 = smallest_multiple(n);
  if iters == 1{
    println_i64(res);
    0
  }else {
    main_loop(iters - 1,n)
  }
}

def main(iters:i64,n:i64): i64{
  main_loop(iters, n)
}

INFO - got notification with method textDocument/didChange
INFO - loading text data Bool { True, False }

def all_divides_rec(n:i64,m:i64,curr:i64): Bool{
  if curr >= n {
    True
  } else {
    if curr % m == 0 {
      all_divides_rec(n,m,curr + 1)
    }else{
     
  }
}

def all_divides(n:i64,m:i64): Bool{
  all_divides_rec(n,m,1)
}

def smallest_multiple_rec(n:i64,curr:i64):i64{
  all_divides(n,curr).case{
    True => curr,
    False => smallest_multiple_rec(n,curr + 1)
  }
}

def smallest_multiple(n:i64): i64{
  smallest_multiple_rec(n,0)
}

def main_loop(iters:i64,n:i64): i64{
  let res:i64 = smallest_multiple(n);
  if iters == 1{
    println_i64(res);
    0
  }else {
    main_loop(iters - 1,n)
  }
}

def main(iters:i64,n:i64): i64{
  main_loop(iters, n)
}

INFO - got notification with method textDocument/didChange
INFO - loading text data Bool { True, False }

def all_divides_rec(n:i64,m:i64,curr:i64): Bool{
  if curr >= n {
    True
  } else {
    if curr % m == 0 {
      all_divides_rec(n,m,curr + 1)
    }else{
      
  }
}

def all_divides(n:i64,m:i64): Bool{
  all_divides_rec(n,m,1)
}

def smallest_multiple_rec(n:i64,curr:i64):i64{
  all_divides(n,curr).case{
    True => curr,
    False => smallest_multiple_rec(n,curr + 1)
  }
}

def smallest_multiple(n:i64): i64{
  smallest_multiple_rec(n,0)
}

def main_loop(iters:i64,n:i64): i64{
  let res:i64 = smallest_multiple(n);
  if iters == 1{
    println_i64(res);
    0
  }else {
    main_loop(iters - 1,n)
  }
}

def main(iters:i64,n:i64): i64{
  main_loop(iters, n)
}

INFO - got notification with method textDocument/didChange
INFO - loading text data Bool { True, False }

def all_divides_rec(n:i64,m:i64,curr:i64): Bool{
  if curr >= n {
    True
  } else {
    if curr % m == 0 {
      all_divides_rec(n,m,curr + 1)
    }else{
      F
  }
}

def all_divides(n:i64,m:i64): Bool{
  all_divides_rec(n,m,1)
}

def smallest_multiple_rec(n:i64,curr:i64):i64{
  all_divides(n,curr).case{
    True => curr,
    False => smallest_multiple_rec(n,curr + 1)
  }
}

def smallest_multiple(n:i64): i64{
  smallest_multiple_rec(n,0)
}

def main_loop(iters:i64,n:i64): i64{
  let res:i64 = smallest_multiple(n);
  if iters == 1{
    println_i64(res);
    0
  }else {
    main_loop(iters - 1,n)
  }
}

def main(iters:i64,n:i64): i64{
  main_loop(iters, n)
}

INFO - got notification with method textDocument/didChange
INFO - loading text data Bool { True, False }

def all_divides_rec(n:i64,m:i64,curr:i64): Bool{
  if curr >= n {
    True
  } else {
    if curr % m == 0 {
      all_divides_rec(n,m,curr + 1)
    }else{
      Fa
  }
}

def all_divides(n:i64,m:i64): Bool{
  all_divides_rec(n,m,1)
}

def smallest_multiple_rec(n:i64,curr:i64):i64{
  all_divides(n,curr).case{
    True => curr,
    False => smallest_multiple_rec(n,curr + 1)
  }
}

def smallest_multiple(n:i64): i64{
  smallest_multiple_rec(n,0)
}

def main_loop(iters:i64,n:i64): i64{
  let res:i64 = smallest_multiple(n);
  if iters == 1{
    println_i64(res);
    0
  }else {
    main_loop(iters - 1,n)
  }
}

def main(iters:i64,n:i64): i64{
  main_loop(iters, n)
}

INFO - got notification with method textDocument/didChange
INFO - loading text data Bool { True, False }

def all_divides_rec(n:i64,m:i64,curr:i64): Bool{
  if curr >= n {
    True
  } else {
    if curr % m == 0 {
      all_divides_rec(n,m,curr + 1)
    }else{
      Fals
  }
}

def all_divides(n:i64,m:i64): Bool{
  all_divides_rec(n,m,1)
}

def smallest_multiple_rec(n:i64,curr:i64):i64{
  all_divides(n,curr).case{
    True => curr,
    False => smallest_multiple_rec(n,curr + 1)
  }
}

def smallest_multiple(n:i64): i64{
  smallest_multiple_rec(n,0)
}

def main_loop(iters:i64,n:i64): i64{
  let res:i64 = smallest_multiple(n);
  if iters == 1{
    println_i64(res);
    0
  }else {
    main_loop(iters - 1,n)
  }
}

def main(iters:i64,n:i64): i64{
  main_loop(iters, n)
}

INFO - got notification with method textDocument/didChange
INFO - loading text data Bool { True, False }

def all_divides_rec(n:i64,m:i64,curr:i64): Bool{
  if curr >= n {
    True
  } else {
    if curr % m == 0 {
      all_divides_rec(n,m,curr + 1)
    }else{
      False
      
  }
}

def all_divides(n:i64,m:i64): Bool{
  all_divides_rec(n,m,1)
}

def smallest_multiple_rec(n:i64,curr:i64):i64{
  all_divides(n,curr).case{
    True => curr,
    False => smallest_multiple_rec(n,curr + 1)
  }
}

def smallest_multiple(n:i64): i64{
  smallest_multiple_rec(n,0)
}

def main_loop(iters:i64,n:i64): i64{
  let res:i64 = smallest_multiple(n);
  if iters == 1{
    println_i64(res);
    0
  }else {
    main_loop(iters - 1,n)
  }
}

def main(iters:i64,n:i64): i64{
  main_loop(iters, n)
}

INFO - got notification with method textDocument/didChange
INFO - loading text data Bool { True, False }

def all_divides_rec(n:i64,m:i64,curr:i64): Bool{
  if curr >= n {
    True
  } else {
    if curr % m == 0 {
      all_divides_rec(n,m,curr + 1)
    }else{
      False
      
  }
}

def all_divides(n:i64,m:i64): Bool{
  all_divides_rec(n,m,1)
}

def smallest_multiple_rec(n:i64,curr:i64):i64{
  all_divides(n,curr).case{
    True => curr,
    False => smallest_multiple_rec(n,curr + 1)
  }
}

def smallest_multiple(n:i64): i64{
  smallest_multiple_rec(n,0)
}

def main_loop(iters:i64,n:i64): i64{
  let res:i64 = smallest_multiple(n);
  if iters == 1{
    println_i64(res);
    0
  }else {
    main_loop(iters - 1,n)
  }
}

def main(iters:i64,n:i64): i64{
  main_loop(iters, n)
}

INFO - got notification with method textDocument/didChange
INFO - loading text data Bool { True, False }

def all_divides_rec(n:i64,m:i64,curr:i64): Bool{
  if curr >= n {
    True
  } else {
    if curr % m == 0 {
      all_divides_rec(n,m,curr + 1)
    }else{
      False
     
  }
}

def all_divides(n:i64,m:i64): Bool{
  all_divides_rec(n,m,1)
}

def smallest_multiple_rec(n:i64,curr:i64):i64{
  all_divides(n,curr).case{
    True => curr,
    False => smallest_multiple_rec(n,curr + 1)
  }
}

def smallest_multiple(n:i64): i64{
  smallest_multiple_rec(n,0)
}

def main_loop(iters:i64,n:i64): i64{
  let res:i64 = smallest_multiple(n);
  if iters == 1{
    println_i64(res);
    0
  }else {
    main_loop(iters - 1,n)
  }
}

def main(iters:i64,n:i64): i64{
  main_loop(iters, n)
}

INFO - got notification with method textDocument/didChange
INFO - loading text data Bool { True, False }

def all_divides_rec(n:i64,m:i64,curr:i64): Bool{
  if curr >= n {
    True
  } else {
    if curr % m == 0 {
      all_divides_rec(n,m,curr + 1)
    }else{
      False
    
  }
}

def all_divides(n:i64,m:i64): Bool{
  all_divides_rec(n,m,1)
}

def smallest_multiple_rec(n:i64,curr:i64):i64{
  all_divides(n,curr).case{
    True => curr,
    False => smallest_multiple_rec(n,curr + 1)
  }
}

def smallest_multiple(n:i64): i64{
  smallest_multiple_rec(n,0)
}

def main_loop(iters:i64,n:i64): i64{
  let res:i64 = smallest_multiple(n);
  if iters == 1{
    println_i64(res);
    0
  }else {
    main_loop(iters - 1,n)
  }
}

def main(iters:i64,n:i64): i64{
  main_loop(iters, n)
}

INFO - got notification with method textDocument/didChange
INFO - loading text data Bool { True, False }

def all_divides_rec(n:i64,m:i64,curr:i64): Bool{
  if curr >= n {
    True
  } else {
    if curr % m == 0 {
      all_divides_rec(n,m,curr + 1)
    }else{
      False
    }
  }
}

def all_divides(n:i64,m:i64): Bool{
  all_divides_rec(n,m,1)
}

def smallest_multiple_rec(n:i64,curr:i64):i64{
  all_divides(n,curr).case{
    True => curr,
    False => smallest_multiple_rec(n,curr + 1)
  }
}

def smallest_multiple(n:i64): i64{
  smallest_multiple_rec(n,0)
}

def main_loop(iters:i64,n:i64): i64{
  let res:i64 = smallest_multiple(n);
  if iters == 1{
    println_i64(res);
    0
  }else {
    main_loop(iters - 1,n)
  }
}

def main(iters:i64,n:i64): i64{
  main_loop(iters, n)
}

INFO - got notification with method textDocument/didChange
INFO - loading text data Bool { True, False }


  if curr >= n {
    True
  } else {
    if curr % m == 0 {
      all_divides_rec(n,m,curr + 1)
    }else{
      False
    }
  }
}

def all_divides(n:i64,m:i64): Bool{
  all_divides_rec(n,m,1)
}

def smallest_multiple_rec(n:i64,curr:i64):i64{
  all_divides(n,curr).case{
    True => curr,
    False => smallest_multiple_rec(n,curr + 1)
  }
}

def smallest_multiple(n:i64): i64{
  smallest_multiple_rec(n,0)
}

def main_loop(iters:i64,n:i64): i64{
  let res:i64 = smallest_multiple(n);
  if iters == 1{
    println_i64(res);
    0
  }else {
    main_loop(iters - 1,n)
  }
}

def main(iters:i64,n:i64): i64{
  main_loop(iters, n)
}

INFO - got notification with method textDocument/didChange
INFO - loading text data Bool { True, False }



def main_loop(iters:i64,n:i64): i64{
  let res:i64 = smallest_multiple(n);
  if iters == 1{
    println_i64(res);
    0
  }else {
    main_loop(iters - 1,n)
  }
}

def main(iters:i64,n:i64): i64{
  main_loop(iters, n)
}

INFO - got notification with method textDocument/didChange
INFO - loading text data Bool { True, False }

d

def main_loop(iters:i64,n:i64): i64{
  let res:i64 = smallest_multiple(n);
  if iters == 1{
    println_i64(res);
    0
  }else {
    main_loop(iters - 1,n)
  }
}

def main(iters:i64,n:i64): i64{
  main_loop(iters, n)
}

INFO - got notification with method textDocument/didChange
INFO - loading text data Bool { True, False }

de

def main_loop(iters:i64,n:i64): i64{
  let res:i64 = smallest_multiple(n);
  if iters == 1{
    println_i64(res);
    0
  }else {
    main_loop(iters - 1,n)
  }
}

def main(iters:i64,n:i64): i64{
  main_loop(iters, n)
}

INFO - got notification with method textDocument/didChange
INFO - loading text data Bool { True, False }

def 

def main_loop(iters:i64,n:i64): i64{
  let res:i64 = smallest_multiple(n);
  if iters == 1{
    println_i64(res);
    0
  }else {
    main_loop(iters - 1,n)
  }
}

def main(iters:i64,n:i64): i64{
  main_loop(iters, n)
}

INFO - got notification with method textDocument/didChange
INFO - loading text data Bool { True, False }

def a

def main_loop(iters:i64,n:i64): i64{
  let res:i64 = smallest_multiple(n);
  if iters == 1{
    println_i64(res);
    0
  }else {
    main_loop(iters - 1,n)
  }
}

def main(iters:i64,n:i64): i64{
  main_loop(iters, n)
}

INFO - got notification with method textDocument/didChange
INFO - loading text data Bool { True, False }

def am

def main_loop(iters:i64,n:i64): i64{
  let res:i64 = smallest_multiple(n);
  if iters == 1{
    println_i64(res);
    0
  }else {
    main_loop(iters - 1,n)
  }
}

def main(iters:i64,n:i64): i64{
  main_loop(iters, n)
}

INFO - got notification with method textDocument/didChange
INFO - loading text data Bool { True, False }

def a

def main_loop(iters:i64,n:i64): i64{
  let res:i64 = smallest_multiple(n);
  if iters == 1{
    println_i64(res);
    0
  }else {
    main_loop(iters - 1,n)
  }
}

def main(iters:i64,n:i64): i64{
  main_loop(iters, n)
}

INFO - got notification with method textDocument/didChange
INFO - loading text data Bool { True, False }

def 

def main_loop(iters:i64,n:i64): i64{
  let res:i64 = smallest_multiple(n);
  if iters == 1{
    println_i64(res);
    0
  }else {
    main_loop(iters - 1,n)
  }
}

def main(iters:i64,n:i64): i64{
  main_loop(iters, n)
}

INFO - got notification with method textDocument/didChange
INFO - loading text data Bool { True, False }

def s

def main_loop(iters:i64,n:i64): i64{
  let res:i64 = smallest_multiple(n);
  if iters == 1{
    println_i64(res);
    0
  }else {
    main_loop(iters - 1,n)
  }
}

def main(iters:i64,n:i64): i64{
  main_loop(iters, n)
}

INFO - got notification with method textDocument/didChange
INFO - loading text data Bool { True, False }

def sma

def main_loop(iters:i64,n:i64): i64{
  let res:i64 = smallest_multiple(n);
  if iters == 1{
    println_i64(res);
    0
  }else {
    main_loop(iters - 1,n)
  }
}

def main(iters:i64,n:i64): i64{
  main_loop(iters, n)
}

INFO - got notification with method textDocument/didChange
INFO - loading text data Bool { True, False }

def smal

def main_loop(iters:i64,n:i64): i64{
  let res:i64 = smallest_multiple(n);
  if iters == 1{
    println_i64(res);
    0
  }else {
    main_loop(iters - 1,n)
  }
}

def main(iters:i64,n:i64): i64{
  main_loop(iters, n)
}

INFO - got notification with method textDocument/didChange
INFO - loading text data Bool { True, False }

def small

def main_loop(iters:i64,n:i64): i64{
  let res:i64 = smallest_multiple(n);
  if iters == 1{
    println_i64(res);
    0
  }else {
    main_loop(iters - 1,n)
  }
}

def main(iters:i64,n:i64): i64{
  main_loop(iters, n)
}

INFO - got notification with method textDocument/didChange
INFO - loading text data Bool { True, False }

def smalle

def main_loop(iters:i64,n:i64): i64{
  let res:i64 = smallest_multiple(n);
  if iters == 1{
    println_i64(res);
    0
  }else {
    main_loop(iters - 1,n)
  }
}

def main(iters:i64,n:i64): i64{
  main_loop(iters, n)
}

INFO - got notification with method textDocument/didChange
INFO - loading text data Bool { True, False }

def smalles

def main_loop(iters:i64,n:i64): i64{
  let res:i64 = smallest_multiple(n);
  if iters == 1{
    println_i64(res);
    0
  }else {
    main_loop(iters - 1,n)
  }
}

def main(iters:i64,n:i64): i64{
  main_loop(iters, n)
}

INFO - got notification with method textDocument/didChange
INFO - loading text data Bool { True, False }

def smallest_

def main_loop(iters:i64,n:i64): i64{
  let res:i64 = smallest_multiple(n);
  if iters == 1{
    println_i64(res);
    0
  }else {
    main_loop(iters - 1,n)
  }
}

def main(iters:i64,n:i64): i64{
  main_loop(iters, n)
}

INFO - got notification with method textDocument/didChange
INFO - loading text data Bool { True, False }

def smallest_m

def main_loop(iters:i64,n:i64): i64{
  let res:i64 = smallest_multiple(n);
  if iters == 1{
    println_i64(res);
    0
  }else {
    main_loop(iters - 1,n)
  }
}

def main(iters:i64,n:i64): i64{
  main_loop(iters, n)
}

INFO - got notification with method textDocument/didChange
INFO - loading text data Bool { True, False }

def smallest_mu

def main_loop(iters:i64,n:i64): i64{
  let res:i64 = smallest_multiple(n);
  if iters == 1{
    println_i64(res);
    0
  }else {
    main_loop(iters - 1,n)
  }
}

def main(iters:i64,n:i64): i64{
  main_loop(iters, n)
}

INFO - got notification with method textDocument/didChange
INFO - loading text data Bool { True, False }

def smallest_mul

def main_loop(iters:i64,n:i64): i64{
  let res:i64 = smallest_multiple(n);
  if iters == 1{
    println_i64(res);
    0
  }else {
    main_loop(iters - 1,n)
  }
}

def main(iters:i64,n:i64): i64{
  main_loop(iters, n)
}

INFO - got notification with method textDocument/didChange
INFO - loading text data Bool { True, False }

def smallest_multi

def main_loop(iters:i64,n:i64): i64{
  let res:i64 = smallest_multiple(n);
  if iters == 1{
    println_i64(res);
    0
  }else {
    main_loop(iters - 1,n)
  }
}

def main(iters:i64,n:i64): i64{
  main_loop(iters, n)
}

INFO - got notification with method textDocument/didChange
INFO - loading text data Bool { True, False }

def smallest_multip

def main_loop(iters:i64,n:i64): i64{
  let res:i64 = smallest_multiple(n);
  if iters == 1{
    println_i64(res);
    0
  }else {
    main_loop(iters - 1,n)
  }
}

def main(iters:i64,n:i64): i64{
  main_loop(iters, n)
}

INFO - got notification with method textDocument/didChange
INFO - loading text data Bool { True, False }

def smallest_multiple

def main_loop(iters:i64,n:i64): i64{
  let res:i64 = smallest_multiple(n);
  if iters == 1{
    println_i64(res);
    0
  }else {
    main_loop(iters - 1,n)
  }
}

def main(iters:i64,n:i64): i64{
  main_loop(iters, n)
}

INFO - got notification with method textDocument/didChange
INFO - loading text data Bool { True, False }

def smallest_multiple(

def main_loop(iters:i64,n:i64): i64{
  let res:i64 = smallest_multiple(n);
  if iters == 1{
    println_i64(res);
    0
  }else {
    main_loop(iters - 1,n)
  }
}

def main(iters:i64,n:i64): i64{
  main_loop(iters, n)
}

INFO - got notification with method textDocument/didChange
INFO - loading text data Bool { True, False }

def smallest_multiple(n

def main_loop(iters:i64,n:i64): i64{
  let res:i64 = smallest_multiple(n);
  if iters == 1{
    println_i64(res);
    0
  }else {
    main_loop(iters - 1,n)
  }
}

def main(iters:i64,n:i64): i64{
  main_loop(iters, n)
}

INFO - got notification with method textDocument/didChange
INFO - loading text data Bool { True, False }

def smallest_multiple(n:

def main_loop(iters:i64,n:i64): i64{
  let res:i64 = smallest_multiple(n);
  if iters == 1{
    println_i64(res);
    0
  }else {
    main_loop(iters - 1,n)
  }
}

def main(iters:i64,n:i64): i64{
  main_loop(iters, n)
}

INFO - got notification with method textDocument/didChange
INFO - loading text data Bool { True, False }

def smallest_multiple(n:i

def main_loop(iters:i64,n:i64): i64{
  let res:i64 = smallest_multiple(n);
  if iters == 1{
    println_i64(res);
    0
  }else {
    main_loop(iters - 1,n)
  }
}

def main(iters:i64,n:i64): i64{
  main_loop(iters, n)
}

INFO - got notification with method textDocument/didChange
INFO - loading text data Bool { True, False }

def smallest_multiple(n:i6

def main_loop(iters:i64,n:i64): i64{
  let res:i64 = smallest_multiple(n);
  if iters == 1{
    println_i64(res);
    0
  }else {
    main_loop(iters - 1,n)
  }
}

def main(iters:i64,n:i64): i64{
  main_loop(iters, n)
}

INFO - got notification with method textDocument/didChange
INFO - loading text data Bool { True, False }

def smallest_multiple(n:i64

def main_loop(iters:i64,n:i64): i64{
  let res:i64 = smallest_multiple(n);
  if iters == 1{
    println_i64(res);
    0
  }else {
    main_loop(iters - 1,n)
  }
}

def main(iters:i64,n:i64): i64{
  main_loop(iters, n)
}

INFO - got notification with method textDocument/didChange
INFO - loading text data Bool { True, False }

def smallest_multiple(n:i64) 

def main_loop(iters:i64,n:i64): i64{
  let res:i64 = smallest_multiple(n);
  if iters == 1{
    println_i64(res);
    0
  }else {
    main_loop(iters - 1,n)
  }
}

def main(iters:i64,n:i64): i64{
  main_loop(iters, n)
}

INFO - got notification with method textDocument/didChange
INFO - loading text data Bool { True, False }

def smallest_multiple(n:i64) :

def main_loop(iters:i64,n:i64): i64{
  let res:i64 = smallest_multiple(n);
  if iters == 1{
    println_i64(res);
    0
  }else {
    main_loop(iters - 1,n)
  }
}

def main(iters:i64,n:i64): i64{
  main_loop(iters, n)
}

INFO - got notification with method textDocument/didChange
INFO - loading text data Bool { True, False }

def smallest_multiple(n:i64) : 

def main_loop(iters:i64,n:i64): i64{
  let res:i64 = smallest_multiple(n);
  if iters == 1{
    println_i64(res);
    0
  }else {
    main_loop(iters - 1,n)
  }
}

def main(iters:i64,n:i64): i64{
  main_loop(iters, n)
}

INFO - got notification with method textDocument/didChange
INFO - loading text data Bool { True, False }

def smallest_multiple(n:i64) :

def main_loop(iters:i64,n:i64): i64{
  let res:i64 = smallest_multiple(n);
  if iters == 1{
    println_i64(res);
    0
  }else {
    main_loop(iters - 1,n)
  }
}

def main(iters:i64,n:i64): i64{
  main_loop(iters, n)
}

INFO - got notification with method textDocument/didChange
INFO - loading text data Bool { True, False }

def smallest_multiple(n:i64) 

def main_loop(iters:i64,n:i64): i64{
  let res:i64 = smallest_multiple(n);
  if iters == 1{
    println_i64(res);
    0
  }else {
    main_loop(iters - 1,n)
  }
}

def main(iters:i64,n:i64): i64{
  main_loop(iters, n)
}

INFO - got notification with method textDocument/didChange
INFO - loading text data Bool { True, False }

def smallest_multiple(n:i64)

def main_loop(iters:i64,n:i64): i64{
  let res:i64 = smallest_multiple(n);
  if iters == 1{
    println_i64(res);
    0
  }else {
    main_loop(iters - 1,n)
  }
}

def main(iters:i64,n:i64): i64{
  main_loop(iters, n)
}

INFO - got notification with method textDocument/didChange
INFO - loading text data Bool { True, False }

def smallest_multiple(n:i64)" :

def main_loop(iters:i64,n:i64): i64{
  let res:i64 = smallest_multiple(n);
  if iters == 1{
    println_i64(res);
    0
  }else {
    main_loop(iters - 1,n)
  }
}

def main(iters:i64,n:i64): i64{
  main_loop(iters, n)
}

INFO - got notification with method textDocument/didChange
INFO - loading text data Bool { True, False }

def smallest_multiple(n:i64)" 

def main_loop(iters:i64,n:i64): i64{
  let res:i64 = smallest_multiple(n);
  if iters == 1{
    println_i64(res);
    0
  }else {
    main_loop(iters - 1,n)
  }
}

def main(iters:i64,n:i64): i64{
  main_loop(iters, n)
}

INFO - got notification with method textDocument/didChange
INFO - loading text data Bool { True, False }

def smallest_multiple(n:i64)"

def main_loop(iters:i64,n:i64): i64{
  let res:i64 = smallest_multiple(n);
  if iters == 1{
    println_i64(res);
    0
  }else {
    main_loop(iters - 1,n)
  }
}

def main(iters:i64,n:i64): i64{
  main_loop(iters, n)
}

INFO - got notification with method textDocument/didChange
INFO - loading text data Bool { True, False }

def smallest_multiple(n:i64)

def main_loop(iters:i64,n:i64): i64{
  let res:i64 = smallest_multiple(n);
  if iters == 1{
    println_i64(res);
    0
  }else {
    main_loop(iters - 1,n)
  }
}

def main(iters:i64,n:i64): i64{
  main_loop(iters, n)
}

INFO - got notification with method textDocument/didChange
INFO - loading text data Bool { True, False }

def smallest_multiple(n:i64): 

def main_loop(iters:i64,n:i64): i64{
  let res:i64 = smallest_multiple(n);
  if iters == 1{
    println_i64(res);
    0
  }else {
    main_loop(iters - 1,n)
  }
}

def main(iters:i64,n:i64): i64{
  main_loop(iters, n)
}

INFO - got notification with method textDocument/didChange
INFO - loading text data Bool { True, False }

def smallest_multiple(n:i64): i

def main_loop(iters:i64,n:i64): i64{
  let res:i64 = smallest_multiple(n);
  if iters == 1{
    println_i64(res);
    0
  }else {
    main_loop(iters - 1,n)
  }
}

def main(iters:i64,n:i64): i64{
  main_loop(iters, n)
}

INFO - got notification with method textDocument/didChange
INFO - loading text data Bool { True, False }

def smallest_multiple(n:i64): i6t4

def main_loop(iters:i64,n:i64): i64{
  let res:i64 = smallest_multiple(n);
  if iters == 1{
    println_i64(res);
    0
  }else {
    main_loop(iters - 1,n)
  }
}

def main(iters:i64,n:i64): i64{
  main_loop(iters, n)
}

INFO - got notification with method textDocument/didChange
INFO - loading text data Bool { True, False }

def smallest_multiple(n:i64): i6t4{

def main_loop(iters:i64,n:i64): i64{
  let res:i64 = smallest_multiple(n);
  if iters == 1{
    println_i64(res);
    0
  }else {
    main_loop(iters - 1,n)
  }
}

def main(iters:i64,n:i64): i64{
  main_loop(iters, n)
}

INFO - got notification with method textDocument/didChange
INFO - loading text data Bool { True, False }

def smallest_multiple(n:i64): i6t4{


def main_loop(iters:i64,n:i64): i64{
  let res:i64 = smallest_multiple(n);
  if iters == 1{
    println_i64(res);
    0
  }else {
    main_loop(iters - 1,n)
  }
}

def main(iters:i64,n:i64): i64{
  main_loop(iters, n)
}

INFO - got notification with method textDocument/didChange
INFO - loading text data Bool { True, False }

def smallest_multiple(n:i64): i6t4{
}

def main_loop(iters:i64,n:i64): i64{
  let res:i64 = smallest_multiple(n);
  if iters == 1{
    println_i64(res);
    0
  }else {
    main_loop(iters - 1,n)
  }
}

def main(iters:i64,n:i64): i64{
  main_loop(iters, n)
}

INFO - got notification with method textDocument/didChange
INFO - loading text data Bool { True, False }

def smallest_multiple(n:i64): i64{
}

def main_loop(iters:i64,n:i64): i64{
  let res:i64 = smallest_multiple(n);
  if iters == 1{
    println_i64(res);
    0
  }else {
    main_loop(iters - 1,n)
  }
}

def main(iters:i64,n:i64): i64{
  main_loop(iters, n)
}

INFO - got notification with method textDocument/didChange
INFO - loading text data Bool { True, False }


def smallest_multiple(n:i64): i64{
}

def main_loop(iters:i64,n:i64): i64{
  let res:i64 = smallest_multiple(n);
  if iters == 1{
    println_i64(res);
    0
  }else {
    main_loop(iters - 1,n)
  }
}

def main(iters:i64,n:i64): i64{
  main_loop(iters, n)
}

INFO - got notification with method textDocument/didChange
INFO - loading text data Bool { True, False }



def smallest_multiple(n:i64): i64{
}

def main_loop(iters:i64,n:i64): i64{
  let res:i64 = smallest_multiple(n);
  if iters == 1{
    println_i64(res);
    0
  }else {
    main_loop(iters - 1,n)
  }
}

def main(iters:i64,n:i64): i64{
  main_loop(iters, n)
}

INFO - got notification with method textDocument/didChange
INFO - loading text data Bool { True, False }

d

def smallest_multiple(n:i64): i64{
}

def main_loop(iters:i64,n:i64): i64{
  let res:i64 = smallest_multiple(n);
  if iters == 1{
    println_i64(res);
    0
  }else {
    main_loop(iters - 1,n)
  }
}

def main(iters:i64,n:i64): i64{
  main_loop(iters, n)
}

INFO - got notification with method textDocument/didChange
INFO - loading text data Bool { True, False }

de

def smallest_multiple(n:i64): i64{
}

def main_loop(iters:i64,n:i64): i64{
  let res:i64 = smallest_multiple(n);
  if iters == 1{
    println_i64(res);
    0
  }else {
    main_loop(iters - 1,n)
  }
}

def main(iters:i64,n:i64): i64{
  main_loop(iters, n)
}

INFO - got notification with method textDocument/didChange
INFO - loading text data Bool { True, False }

de 

def smallest_multiple(n:i64): i64{
}

def main_loop(iters:i64,n:i64): i64{
  let res:i64 = smallest_multiple(n);
  if iters == 1{
    println_i64(res);
    0
  }else {
    main_loop(iters - 1,n)
  }
}

def main(iters:i64,n:i64): i64{
  main_loop(iters, n)
}

INFO - got notification with method textDocument/didChange
INFO - loading text data Bool { True, False }

de d

def smallest_multiple(n:i64): i64{
}

def main_loop(iters:i64,n:i64): i64{
  let res:i64 = smallest_multiple(n);
  if iters == 1{
    println_i64(res);
    0
  }else {
    main_loop(iters - 1,n)
  }
}

def main(iters:i64,n:i64): i64{
  main_loop(iters, n)
}

INFO - got notification with method textDocument/didChange
INFO - loading text data Bool { True, False }

de 

def smallest_multiple(n:i64): i64{
}

def main_loop(iters:i64,n:i64): i64{
  let res:i64 = smallest_multiple(n);
  if iters == 1{
    println_i64(res);
    0
  }else {
    main_loop(iters - 1,n)
  }
}

def main(iters:i64,n:i64): i64{
  main_loop(iters, n)
}

INFO - got notification with method textDocument/didChange
INFO - loading text data Bool { True, False }

de

def smallest_multiple(n:i64): i64{
}

def main_loop(iters:i64,n:i64): i64{
  let res:i64 = smallest_multiple(n);
  if iters == 1{
    println_i64(res);
    0
  }else {
    main_loop(iters - 1,n)
  }
}

def main(iters:i64,n:i64): i64{
  main_loop(iters, n)
}

INFO - got notification with method textDocument/didChange
INFO - loading text data Bool { True, False }

def

def smallest_multiple(n:i64): i64{
}

def main_loop(iters:i64,n:i64): i64{
  let res:i64 = smallest_multiple(n);
  if iters == 1{
    println_i64(res);
    0
  }else {
    main_loop(iters - 1,n)
  }
}

def main(iters:i64,n:i64): i64{
  main_loop(iters, n)
}

INFO - got notification with method textDocument/didChange
INFO - loading text data Bool { True, False }

def 

def smallest_multiple(n:i64): i64{
}

def main_loop(iters:i64,n:i64): i64{
  let res:i64 = smallest_multiple(n);
  if iters == 1{
    println_i64(res);
    0
  }else {
    main_loop(iters - 1,n)
  }
}

def main(iters:i64,n:i64): i64{
  main_loop(iters, n)
}

INFO - got notification with method textDocument/didChange
INFO - loading text data Bool { True, False }

def d

def smallest_multiple(n:i64): i64{
}

def main_loop(iters:i64,n:i64): i64{
  let res:i64 = smallest_multiple(n);
  if iters == 1{
    println_i64(res);
    0
  }else {
    main_loop(iters - 1,n)
  }
}

def main(iters:i64,n:i64): i64{
  main_loop(iters, n)
}

INFO - got notification with method textDocument/didChange
INFO - loading text data Bool { True, False }

def div

def smallest_multiple(n:i64): i64{
}

def main_loop(iters:i64,n:i64): i64{
  let res:i64 = smallest_multiple(n);
  if iters == 1{
    println_i64(res);
    0
  }else {
    main_loop(iters - 1,n)
  }
}

def main(iters:i64,n:i64): i64{
  main_loop(iters, n)
}

INFO - got notification with method textDocument/didChange
INFO - loading text data Bool { True, False }

def divi

def smallest_multiple(n:i64): i64{
}

def main_loop(iters:i64,n:i64): i64{
  let res:i64 = smallest_multiple(n);
  if iters == 1{
    println_i64(res);
    0
  }else {
    main_loop(iters - 1,n)
  }
}

def main(iters:i64,n:i64): i64{
  main_loop(iters, n)
}

INFO - got notification with method textDocument/didChange
INFO - loading text data Bool { True, False }

def divis

def smallest_multiple(n:i64): i64{
}

def main_loop(iters:i64,n:i64): i64{
  let res:i64 = smallest_multiple(n);
  if iters == 1{
    println_i64(res);
    0
  }else {
    main_loop(iters - 1,n)
  }
}

def main(iters:i64,n:i64): i64{
  main_loop(iters, n)
}

INFO - got notification with method textDocument/didChange
INFO - loading text data Bool { True, False }

def divi

def smallest_multiple(n:i64): i64{
}

def main_loop(iters:i64,n:i64): i64{
  let res:i64 = smallest_multiple(n);
  if iters == 1{
    println_i64(res);
    0
  }else {
    main_loop(iters - 1,n)
  }
}

def main(iters:i64,n:i64): i64{
  main_loop(iters, n)
}

INFO - got notification with method textDocument/didChange
INFO - loading text data Bool { True, False }

def divide

def smallest_multiple(n:i64): i64{
}

def main_loop(iters:i64,n:i64): i64{
  let res:i64 = smallest_multiple(n);
  if iters == 1{
    println_i64(res);
    0
  }else {
    main_loop(iters - 1,n)
  }
}

def main(iters:i64,n:i64): i64{
  main_loop(iters, n)
}

INFO - got notification with method textDocument/didChange
INFO - loading text data Bool { True, False }

def divides

def smallest_multiple(n:i64): i64{
}

def main_loop(iters:i64,n:i64): i64{
  let res:i64 = smallest_multiple(n);
  if iters == 1{
    println_i64(res);
    0
  }else {
    main_loop(iters - 1,n)
  }
}

def main(iters:i64,n:i64): i64{
  main_loop(iters, n)
}

INFO - got notification with method textDocument/didChange
INFO - loading text data Bool { True, False }

def divides_

def smallest_multiple(n:i64): i64{
}

def main_loop(iters:i64,n:i64): i64{
  let res:i64 = smallest_multiple(n);
  if iters == 1{
    println_i64(res);
    0
  }else {
    main_loop(iters - 1,n)
  }
}

def main(iters:i64,n:i64): i64{
  main_loop(iters, n)
}

INFO - got notification with method textDocument/didChange
INFO - loading text data Bool { True, False }

def divides_l

def smallest_multiple(n:i64): i64{
}

def main_loop(iters:i64,n:i64): i64{
  let res:i64 = smallest_multiple(n);
  if iters == 1{
    println_i64(res);
    0
  }else {
    main_loop(iters - 1,n)
  }
}

def main(iters:i64,n:i64): i64{
  main_loop(iters, n)
}

INFO - got notification with method textDocument/didChange
INFO - loading text data Bool { True, False }

def divides_lo

def smallest_multiple(n:i64): i64{
}

def main_loop(iters:i64,n:i64): i64{
  let res:i64 = smallest_multiple(n);
  if iters == 1{
    println_i64(res);
    0
  }else {
    main_loop(iters - 1,n)
  }
}

def main(iters:i64,n:i64): i64{
  main_loop(iters, n)
}

INFO - got notification with method textDocument/didChange
INFO - loading text data Bool { True, False }

def divides_loo

def smallest_multiple(n:i64): i64{
}

def main_loop(iters:i64,n:i64): i64{
  let res:i64 = smallest_multiple(n);
  if iters == 1{
    println_i64(res);
    0
  }else {
    main_loop(iters - 1,n)
  }
}

def main(iters:i64,n:i64): i64{
  main_loop(iters, n)
}

INFO - got notification with method textDocument/didChange
INFO - loading text data Bool { True, False }

def divides_loop

def smallest_multiple(n:i64): i64{
}

def main_loop(iters:i64,n:i64): i64{
  let res:i64 = smallest_multiple(n);
  if iters == 1{
    println_i64(res);
    0
  }else {
    main_loop(iters - 1,n)
  }
}

def main(iters:i64,n:i64): i64{
  main_loop(iters, n)
}

INFO - got notification with method textDocument/didChange
INFO - loading text data Bool { True, False }

def divides_loop(

def smallest_multiple(n:i64): i64{
}

def main_loop(iters:i64,n:i64): i64{
  let res:i64 = smallest_multiple(n);
  if iters == 1{
    println_i64(res);
    0
  }else {
    main_loop(iters - 1,n)
  }
}

def main(iters:i64,n:i64): i64{
  main_loop(iters, n)
}

INFO - got notification with method textDocument/didChange
INFO - loading text data Bool { True, False }

def divides_loop(<S-F9>

def smallest_multiple(n:i64): i64{
}

def main_loop(iters:i64,n:i64): i64{
  let res:i64 = smallest_multiple(n);
  if iters == 1{
    println_i64(res);
    0
  }else {
    main_loop(iters - 1,n)
  }
}

def main(iters:i64,n:i64): i64{
  main_loop(iters, n)
}

INFO - got notification with method textDocument/didChange
INFO - loading text data Bool { True, False }

def divides_loop(<S-F9

def smallest_multiple(n:i64): i64{
}

def main_loop(iters:i64,n:i64): i64{
  let res:i64 = smallest_multiple(n);
  if iters == 1{
    println_i64(res);
    0
  }else {
    main_loop(iters - 1,n)
  }
}

def main(iters:i64,n:i64): i64{
  main_loop(iters, n)
}

INFO - got notification with method textDocument/didChange
INFO - loading text data Bool { True, False }

def divides_loop(<S-F

def smallest_multiple(n:i64): i64{
}

def main_loop(iters:i64,n:i64): i64{
  let res:i64 = smallest_multiple(n);
  if iters == 1{
    println_i64(res);
    0
  }else {
    main_loop(iters - 1,n)
  }
}

def main(iters:i64,n:i64): i64{
  main_loop(iters, n)
}

INFO - got notification with method textDocument/didChange
INFO - loading text data Bool { True, False }

def divides_loop(<S

def smallest_multiple(n:i64): i64{
}

def main_loop(iters:i64,n:i64): i64{
  let res:i64 = smallest_multiple(n);
  if iters == 1{
    println_i64(res);
    0
  }else {
    main_loop(iters - 1,n)
  }
}

def main(iters:i64,n:i64): i64{
  main_loop(iters, n)
}

INFO - got notification with method textDocument/didChange
INFO - loading text data Bool { True, False }

def divides_loop(<

def smallest_multiple(n:i64): i64{
}

def main_loop(iters:i64,n:i64): i64{
  let res:i64 = smallest_multiple(n);
  if iters == 1{
    println_i64(res);
    0
  }else {
    main_loop(iters - 1,n)
  }
}

def main(iters:i64,n:i64): i64{
  main_loop(iters, n)
}

INFO - got notification with method textDocument/didChange
INFO - loading text data Bool { True, False }

def divides_loop(

def smallest_multiple(n:i64): i64{
}

def main_loop(iters:i64,n:i64): i64{
  let res:i64 = smallest_multiple(n);
  if iters == 1{
    println_i64(res);
    0
  }else {
    main_loop(iters - 1,n)
  }
}

def main(iters:i64,n:i64): i64{
  main_loop(iters, n)
}

INFO - got notification with method textDocument/didChange
INFO - loading text data Bool { True, False }

def divides_loop()

def smallest_multiple(n:i64): i64{
}

def main_loop(iters:i64,n:i64): i64{
  let res:i64 = smallest_multiple(n);
  if iters == 1{
    println_i64(res);
    0
  }else {
    main_loop(iters - 1,n)
  }
}

def main(iters:i64,n:i64): i64{
  main_loop(iters, n)
}

INFO - got notification with method textDocument/didChange
INFO - loading text data Bool { True, False }

def divides_loop(){

def smallest_multiple(n:i64): i64{
}

def main_loop(iters:i64,n:i64): i64{
  let res:i64 = smallest_multiple(n);
  if iters == 1{
    println_i64(res);
    0
  }else {
    main_loop(iters - 1,n)
  }
}

def main(iters:i64,n:i64): i64{
  main_loop(iters, n)
}

INFO - got notification with method textDocument/didChange
INFO - loading text data Bool { True, False }

def divides_loop(){


def smallest_multiple(n:i64): i64{
}

def main_loop(iters:i64,n:i64): i64{
  let res:i64 = smallest_multiple(n);
  if iters == 1{
    println_i64(res);
    0
  }else {
    main_loop(iters - 1,n)
  }
}

def main(iters:i64,n:i64): i64{
  main_loop(iters, n)
}

INFO - got notification with method textDocument/didChange
INFO - loading text data Bool { True, False }

def divides_loop(){
}

def smallest_multiple(n:i64): i64{
}

def main_loop(iters:i64,n:i64): i64{
  let res:i64 = smallest_multiple(n);
  if iters == 1{
    println_i64(res);
    0
  }else {
    main_loop(iters - 1,n)
  }
}

def main(iters:i64,n:i64): i64{
  main_loop(iters, n)
}

INFO - got notification with method textDocument/didChange
INFO - loading text data Bool { True, False }

def divides_loop():{
}

def smallest_multiple(n:i64): i64{
}

def main_loop(iters:i64,n:i64): i64{
  let res:i64 = smallest_multiple(n);
  if iters == 1{
    println_i64(res);
    0
  }else {
    main_loop(iters - 1,n)
  }
}

def main(iters:i64,n:i64): i64{
  main_loop(iters, n)
}

INFO - got notification with method textDocument/didChange
INFO - loading text data Bool { True, False }

def divides_loop(): {
}

def smallest_multiple(n:i64): i64{
}

def main_loop(iters:i64,n:i64): i64{
  let res:i64 = smallest_multiple(n);
  if iters == 1{
    println_i64(res);
    0
  }else {
    main_loop(iters - 1,n)
  }
}

def main(iters:i64,n:i64): i64{
  main_loop(iters, n)
}

INFO - got notification with method textDocument/didChange
INFO - loading text data Bool { True, False }

def divides_loop(): i{
}

def smallest_multiple(n:i64): i64{
}

def main_loop(iters:i64,n:i64): i64{
  let res:i64 = smallest_multiple(n);
  if iters == 1{
    println_i64(res);
    0
  }else {
    main_loop(iters - 1,n)
  }
}

def main(iters:i64,n:i64): i64{
  main_loop(iters, n)
}

INFO - got notification with method textDocument/didChange
INFO - loading text data Bool { True, False }

def divides_loop(): i64{
}

def smallest_multiple(n:i64): i64{
}

def main_loop(iters:i64,n:i64): i64{
  let res:i64 = smallest_multiple(n);
  if iters == 1{
    println_i64(res);
    0
  }else {
    main_loop(iters - 1,n)
  }
}

def main(iters:i64,n:i64): i64{
  main_loop(iters, n)
}

INFO - got notification with method textDocument/didChange
INFO - loading text data Bool { True, False }

def divides_loop(m): i64{
}

def smallest_multiple(n:i64): i64{
}

def main_loop(iters:i64,n:i64): i64{
  let res:i64 = smallest_multiple(n);
  if iters == 1{
    println_i64(res);
    0
  }else {
    main_loop(iters - 1,n)
  }
}

def main(iters:i64,n:i64): i64{
  main_loop(iters, n)
}

INFO - got notification with method textDocument/didChange
INFO - loading text data Bool { True, False }

def divides_loop(ma): i64{
}

def smallest_multiple(n:i64): i64{
}

def main_loop(iters:i64,n:i64): i64{
  let res:i64 = smallest_multiple(n);
  if iters == 1{
    println_i64(res);
    0
  }else {
    main_loop(iters - 1,n)
  }
}

def main(iters:i64,n:i64): i64{
  main_loop(iters, n)
}

INFO - got notification with method textDocument/didChange
INFO - loading text data Bool { True, False }

def divides_loop(max): i64{
}

def smallest_multiple(n:i64): i64{
}

def main_loop(iters:i64,n:i64): i64{
  let res:i64 = smallest_multiple(n);
  if iters == 1{
    println_i64(res);
    0
  }else {
    main_loop(iters - 1,n)
  }
}

def main(iters:i64,n:i64): i64{
  main_loop(iters, n)
}

INFO - got notification with method textDocument/didChange
INFO - loading text data Bool { True, False }

def divides_loop(max:): i64{
}

def smallest_multiple(n:i64): i64{
}

def main_loop(iters:i64,n:i64): i64{
  let res:i64 = smallest_multiple(n);
  if iters == 1{
    println_i64(res);
    0
  }else {
    main_loop(iters - 1,n)
  }
}

def main(iters:i64,n:i64): i64{
  main_loop(iters, n)
}

INFO - got notification with method textDocument/didChange
INFO - loading text data Bool { True, False }

def divides_loop(max:i): i64{
}

def smallest_multiple(n:i64): i64{
}

def main_loop(iters:i64,n:i64): i64{
  let res:i64 = smallest_multiple(n);
  if iters == 1{
    println_i64(res);
    0
  }else {
    main_loop(iters - 1,n)
  }
}

def main(iters:i64,n:i64): i64{
  main_loop(iters, n)
}

INFO - got notification with method textDocument/didChange
INFO - loading text data Bool { True, False }

def divides_loop(max:i64): i64{
}

def smallest_multiple(n:i64): i64{
}

def main_loop(iters:i64,n:i64): i64{
  let res:i64 = smallest_multiple(n);
  if iters == 1{
    println_i64(res);
    0
  }else {
    main_loop(iters - 1,n)
  }
}

def main(iters:i64,n:i64): i64{
  main_loop(iters, n)
}

INFO - got notification with method textDocument/didChange
INFO - loading text data Bool { True, False }

def divides_loop(max:i64,): i64{
}

def smallest_multiple(n:i64): i64{
}

def main_loop(iters:i64,n:i64): i64{
  let res:i64 = smallest_multiple(n);
  if iters == 1{
    println_i64(res);
    0
  }else {
    main_loop(iters - 1,n)
  }
}

def main(iters:i64,n:i64): i64{
  main_loop(iters, n)
}

INFO - got notification with method textDocument/didChange
INFO - loading text data Bool { True, False }

def divides_loop(max:i64, ): i64{
}

def smallest_multiple(n:i64): i64{
}

def main_loop(iters:i64,n:i64): i64{
  let res:i64 = smallest_multiple(n);
  if iters == 1{
    println_i64(res);
    0
  }else {
    main_loop(iters - 1,n)
  }
}

def main(iters:i64,n:i64): i64{
  main_loop(iters, n)
}

INFO - got notification with method textDocument/didChange
INFO - loading text data Bool { True, False }

def divides_loop(max:i64, c): i64{
}

def smallest_multiple(n:i64): i64{
}

def main_loop(iters:i64,n:i64): i64{
  let res:i64 = smallest_multiple(n);
  if iters == 1{
    println_i64(res);
    0
  }else {
    main_loop(iters - 1,n)
  }
}

def main(iters:i64,n:i64): i64{
  main_loop(iters, n)
}

INFO - got notification with method textDocument/didChange
INFO - loading text data Bool { True, False }

def divides_loop(max:i64, cur): i64{
}

def smallest_multiple(n:i64): i64{
}

def main_loop(iters:i64,n:i64): i64{
  let res:i64 = smallest_multiple(n);
  if iters == 1{
    println_i64(res);
    0
  }else {
    main_loop(iters - 1,n)
  }
}

def main(iters:i64,n:i64): i64{
  main_loop(iters, n)
}

INFO - got notification with method textDocument/didChange
INFO - loading text data Bool { True, False }

def divides_loop(max:i64, curr): i64{
}

def smallest_multiple(n:i64): i64{
}

def main_loop(iters:i64,n:i64): i64{
  let res:i64 = smallest_multiple(n);
  if iters == 1{
    println_i64(res);
    0
  }else {
    main_loop(iters - 1,n)
  }
}

def main(iters:i64,n:i64): i64{
  main_loop(iters, n)
}

INFO - got notification with method textDocument/didChange
INFO - loading text data Bool { True, False }

def divides_loop(max:i64, curre): i64{
}

def smallest_multiple(n:i64): i64{
}

def main_loop(iters:i64,n:i64): i64{
  let res:i64 = smallest_multiple(n);
  if iters == 1{
    println_i64(res);
    0
  }else {
    main_loop(iters - 1,n)
  }
}

def main(iters:i64,n:i64): i64{
  main_loop(iters, n)
}

INFO - got notification with method textDocument/didChange
INFO - loading text data Bool { True, False }

def divides_loop(max:i64, curre:): i64{
}

def smallest_multiple(n:i64): i64{
}

def main_loop(iters:i64,n:i64): i64{
  let res:i64 = smallest_multiple(n);
  if iters == 1{
    println_i64(res);
    0
  }else {
    main_loop(iters - 1,n)
  }
}

def main(iters:i64,n:i64): i64{
  main_loop(iters, n)
}

INFO - got notification with method textDocument/didChange
INFO - loading text data Bool { True, False }

def divides_loop(max:i64, curre): i64{
}

def smallest_multiple(n:i64): i64{
}

def main_loop(iters:i64,n:i64): i64{
  let res:i64 = smallest_multiple(n);
  if iters == 1{
    println_i64(res);
    0
  }else {
    main_loop(iters - 1,n)
  }
}

def main(iters:i64,n:i64): i64{
  main_loop(iters, n)
}

INFO - got notification with method textDocument/didChange
INFO - loading text data Bool { True, False }

def divides_loop(max:i64, curr): i64{
}

def smallest_multiple(n:i64): i64{
}

def main_loop(iters:i64,n:i64): i64{
  let res:i64 = smallest_multiple(n);
  if iters == 1{
    println_i64(res);
    0
  }else {
    main_loop(iters - 1,n)
  }
}

def main(iters:i64,n:i64): i64{
  main_loop(iters, n)
}

INFO - got notification with method textDocument/didChange
INFO - loading text data Bool { True, False }

def divides_loop(max:i64, curr:): i64{
}

def smallest_multiple(n:i64): i64{
}

def main_loop(iters:i64,n:i64): i64{
  let res:i64 = smallest_multiple(n);
  if iters == 1{
    println_i64(res);
    0
  }else {
    main_loop(iters - 1,n)
  }
}

def main(iters:i64,n:i64): i64{
  main_loop(iters, n)
}

INFO - got notification with method textDocument/didChange
INFO - loading text data Bool { True, False }

def divides_loop(max:i64, curr:i): i64{
}

def smallest_multiple(n:i64): i64{
}

def main_loop(iters:i64,n:i64): i64{
  let res:i64 = smallest_multiple(n);
  if iters == 1{
    println_i64(res);
    0
  }else {
    main_loop(iters - 1,n)
  }
}

def main(iters:i64,n:i64): i64{
  main_loop(iters, n)
}

INFO - got notification with method textDocument/didChange
INFO - loading text data Bool { True, False }

def divides_loop(max:i64, curr:i64): i64{
}

def smallest_multiple(n:i64): i64{
}

def main_loop(iters:i64,n:i64): i64{
  let res:i64 = smallest_multiple(n);
  if iters == 1{
    println_i64(res);
    0
  }else {
    main_loop(iters - 1,n)
  }
}

def main(iters:i64,n:i64): i64{
  main_loop(iters, n)
}

INFO - got notification with method textDocument/didChange
INFO - loading text data Bool { True, False }

def divides_loop(max:i64, curr:i64,): i64{
}

def smallest_multiple(n:i64): i64{
}

def main_loop(iters:i64,n:i64): i64{
  let res:i64 = smallest_multiple(n);
  if iters == 1{
    println_i64(res);
    0
  }else {
    main_loop(iters - 1,n)
  }
}

def main(iters:i64,n:i64): i64{
  main_loop(iters, n)
}

INFO - got notification with method textDocument/didChange
INFO - loading text data Bool { True, False }

def divides_loop(max:i64, curr:i64, ): i64{
}

def smallest_multiple(n:i64): i64{
}

def main_loop(iters:i64,n:i64): i64{
  let res:i64 = smallest_multiple(n);
  if iters == 1{
    println_i64(res);
    0
  }else {
    main_loop(iters - 1,n)
  }
}

def main(iters:i64,n:i64): i64{
  main_loop(iters, n)
}

INFO - got notification with method textDocument/didChange
INFO - loading text data Bool { True, False }

def divides_loop(max:i64, curr:i64,): i64{
}

def smallest_multiple(n:i64): i64{
}

def main_loop(iters:i64,n:i64): i64{
  let res:i64 = smallest_multiple(n);
  if iters == 1{
    println_i64(res);
    0
  }else {
    main_loop(iters - 1,n)
  }
}

def main(iters:i64,n:i64): i64{
  main_loop(iters, n)
}

INFO - got notification with method textDocument/didChange
INFO - loading text data Bool { True, False }

def divides_loop(max:i64, curr:i64): i64{
}

def smallest_multiple(n:i64): i64{
}

def main_loop(iters:i64,n:i64): i64{
  let res:i64 = smallest_multiple(n);
  if iters == 1{
    println_i64(res);
    0
  }else {
    main_loop(iters - 1,n)
  }
}

def main(iters:i64,n:i64): i64{
  main_loop(iters, n)
}

INFO - got notification with method textDocument/didChange
INFO - loading text data Bool { True, False }

def divides_loop(dmax:i64, curr:i64): i64{
}

def smallest_multiple(n:i64): i64{
}

def main_loop(iters:i64,n:i64): i64{
  let res:i64 = smallest_multiple(n);
  if iters == 1{
    println_i64(res);
    0
  }else {
    main_loop(iters - 1,n)
  }
}

def main(iters:i64,n:i64): i64{
  main_loop(iters, n)
}

INFO - got notification with method textDocument/didChange
INFO - loading text data Bool { True, False }

def divides_loop(dimax:i64, curr:i64): i64{
}

def smallest_multiple(n:i64): i64{
}

def main_loop(iters:i64,n:i64): i64{
  let res:i64 = smallest_multiple(n);
  if iters == 1{
    println_i64(res);
    0
  }else {
    main_loop(iters - 1,n)
  }
}

def main(iters:i64,n:i64): i64{
  main_loop(iters, n)
}

INFO - got notification with method textDocument/didChange
INFO - loading text data Bool { True, False }

def divides_loop(divimax:i64, curr:i64): i64{
}

def smallest_multiple(n:i64): i64{
}

def main_loop(iters:i64,n:i64): i64{
  let res:i64 = smallest_multiple(n);
  if iters == 1{
    println_i64(res);
    0
  }else {
    main_loop(iters - 1,n)
  }
}

def main(iters:i64,n:i64): i64{
  main_loop(iters, n)
}

INFO - got notification with method textDocument/didChange
INFO - loading text data Bool { True, False }

def divides_loop(diviomax:i64, curr:i64): i64{
}

def smallest_multiple(n:i64): i64{
}

def main_loop(iters:i64,n:i64): i64{
  let res:i64 = smallest_multiple(n);
  if iters == 1{
    println_i64(res);
    0
  }else {
    main_loop(iters - 1,n)
  }
}

def main(iters:i64,n:i64): i64{
  main_loop(iters, n)
}

INFO - got notification with method textDocument/didChange
INFO - loading text data Bool { True, False }

def divides_loop(divioermax:i64, curr:i64): i64{
}

def smallest_multiple(n:i64): i64{
}

def main_loop(iters:i64,n:i64): i64{
  let res:i64 = smallest_multiple(n);
  if iters == 1{
    println_i64(res);
    0
  }else {
    main_loop(iters - 1,n)
  }
}

def main(iters:i64,n:i64): i64{
  main_loop(iters, n)
}

INFO - got notification with method textDocument/didChange
INFO - loading text data Bool { True, False }

def divides_loop(divioemax:i64, curr:i64): i64{
}

def smallest_multiple(n:i64): i64{
}

def main_loop(iters:i64,n:i64): i64{
  let res:i64 = smallest_multiple(n);
  if iters == 1{
    println_i64(res);
    0
  }else {
    main_loop(iters - 1,n)
  }
}

def main(iters:i64,n:i64): i64{
  main_loop(iters, n)
}

INFO - got notification with method textDocument/didChange
INFO - loading text data Bool { True, False }

def divides_loop(diviomax:i64, curr:i64): i64{
}

def smallest_multiple(n:i64): i64{
}

def main_loop(iters:i64,n:i64): i64{
  let res:i64 = smallest_multiple(n);
  if iters == 1{
    println_i64(res);
    0
  }else {
    main_loop(iters - 1,n)
  }
}

def main(iters:i64,n:i64): i64{
  main_loop(iters, n)
}

INFO - got notification with method textDocument/didChange
INFO - loading text data Bool { True, False }

def divides_loop(divimax:i64, curr:i64): i64{
}

def smallest_multiple(n:i64): i64{
}

def main_loop(iters:i64,n:i64): i64{
  let res:i64 = smallest_multiple(n);
  if iters == 1{
    println_i64(res);
    0
  }else {
    main_loop(iters - 1,n)
  }
}

def main(iters:i64,n:i64): i64{
  main_loop(iters, n)
}

INFO - got notification with method textDocument/didChange
INFO - loading text data Bool { True, False }

def divides_loop(divismax:i64, curr:i64): i64{
}

def smallest_multiple(n:i64): i64{
}

def main_loop(iters:i64,n:i64): i64{
  let res:i64 = smallest_multiple(n);
  if iters == 1{
    println_i64(res);
    0
  }else {
    main_loop(iters - 1,n)
  }
}

def main(iters:i64,n:i64): i64{
  main_loop(iters, n)
}

INFO - got notification with method textDocument/didChange
INFO - loading text data Bool { True, False }

def divides_loop(divisormax:i64, curr:i64): i64{
}

def smallest_multiple(n:i64): i64{
}

def main_loop(iters:i64,n:i64): i64{
  let res:i64 = smallest_multiple(n);
  if iters == 1{
    println_i64(res);
    0
  }else {
    main_loop(iters - 1,n)
  }
}

def main(iters:i64,n:i64): i64{
  main_loop(iters, n)
}

INFO - got notification with method textDocument/didChange
INFO - loading text data Bool { True, False }

def divides_loop(divisor:max:i64, curr:i64): i64{
}

def smallest_multiple(n:i64): i64{
}

def main_loop(iters:i64,n:i64): i64{
  let res:i64 = smallest_multiple(n);
  if iters == 1{
    println_i64(res);
    0
  }else {
    main_loop(iters - 1,n)
  }
}

def main(iters:i64,n:i64): i64{
  main_loop(iters, n)
}

INFO - got notification with method textDocument/didChange
INFO - loading text data Bool { True, False }

def divides_loop(divisor:imax:i64, curr:i64): i64{
}

def smallest_multiple(n:i64): i64{
}

def main_loop(iters:i64,n:i64): i64{
  let res:i64 = smallest_multiple(n);
  if iters == 1{
    println_i64(res);
    0
  }else {
    main_loop(iters - 1,n)
  }
}

def main(iters:i64,n:i64): i64{
  main_loop(iters, n)
}

INFO - got notification with method textDocument/didChange
INFO - loading text data Bool { True, False }

def divides_loop(divisor:i64max:i64, curr:i64): i64{
}

def smallest_multiple(n:i64): i64{
}

def main_loop(iters:i64,n:i64): i64{
  let res:i64 = smallest_multiple(n);
  if iters == 1{
    println_i64(res);
    0
  }else {
    main_loop(iters - 1,n)
  }
}

def main(iters:i64,n:i64): i64{
  main_loop(iters, n)
}

INFO - got notification with method textDocument/didChange
INFO - loading text data Bool { True, False }

def divides_loop(divisor:i64,max:i64, curr:i64): i64{
}

def smallest_multiple(n:i64): i64{
}

def main_loop(iters:i64,n:i64): i64{
  let res:i64 = smallest_multiple(n);
  if iters == 1{
    println_i64(res);
    0
  }else {
    main_loop(iters - 1,n)
  }
}

def main(iters:i64,n:i64): i64{
  main_loop(iters, n)
}

INFO - got notification with method textDocument/didChange
INFO - loading text data Bool { True, False }

def divides_loop(divisor:i64, max:i64, curr:i64): i64{
}

def smallest_multiple(n:i64): i64{
}

def main_loop(iters:i64,n:i64): i64{
  let res:i64 = smallest_multiple(n);
  if iters == 1{
    println_i64(res);
    0
  }else {
    main_loop(iters - 1,n)
  }
}

def main(iters:i64,n:i64): i64{
  main_loop(iters, n)
}

INFO - got notification with method textDocument/didChange
INFO - loading text data Bool { True, False }

def divides_loop(divisor:i64, max:i64, curr:i64): i64{

}

def smallest_multiple(n:i64): i64{
}

def main_loop(iters:i64,n:i64): i64{
  let res:i64 = smallest_multiple(n);
  if iters == 1{
    println_i64(res);
    0
  }else {
    main_loop(iters - 1,n)
  }
}

def main(iters:i64,n:i64): i64{
  main_loop(iters, n)
}

INFO - got notification with method textDocument/didChange
INFO - loading text data Bool { True, False }

def divides_loop(divisor:i64, max:i64, curr:i64): i64{
 
}

def smallest_multiple(n:i64): i64{
}

def main_loop(iters:i64,n:i64): i64{
  let res:i64 = smallest_multiple(n);
  if iters == 1{
    println_i64(res);
    0
  }else {
    main_loop(iters - 1,n)
  }
}

def main(iters:i64,n:i64): i64{
  main_loop(iters, n)
}

INFO - got notification with method textDocument/didChange
INFO - loading text data Bool { True, False }

def divides_loop(divisor:i64, max:i64, curr:i64): i64{
  
}

def smallest_multiple(n:i64): i64{
}

def main_loop(iters:i64,n:i64): i64{
  let res:i64 = smallest_multiple(n);
  if iters == 1{
    println_i64(res);
    0
  }else {
    main_loop(iters - 1,n)
  }
}

def main(iters:i64,n:i64): i64{
  main_loop(iters, n)
}

INFO - got notification with method textDocument/didChange
INFO - loading text data Bool { True, False }

def divides_loop(divisor:i64, max:i64, curr:i64): i64{
   
}

def smallest_multiple(n:i64): i64{
}

def main_loop(iters:i64,n:i64): i64{
  let res:i64 = smallest_multiple(n);
  if iters == 1{
    println_i64(res);
    0
  }else {
    main_loop(iters - 1,n)
  }
}

def main(iters:i64,n:i64): i64{
  main_loop(iters, n)
}

INFO - got notification with method textDocument/didChange
INFO - loading text data Bool { True, False }

def divides_loop(divisor:i64, max:i64, curr:i64): i64{
    
}

def smallest_multiple(n:i64): i64{
}

def main_loop(iters:i64,n:i64): i64{
  let res:i64 = smallest_multiple(n);
  if iters == 1{
    println_i64(res);
    0
  }else {
    main_loop(iters - 1,n)
  }
}

def main(iters:i64,n:i64): i64{
  main_loop(iters, n)
}

INFO - got notification with method textDocument/didChange
INFO - loading text data Bool { True, False }

def divides_loop(divisor:i64, max:i64, curr:i64): i64{
    i
}

def smallest_multiple(n:i64): i64{
}

def main_loop(iters:i64,n:i64): i64{
  let res:i64 = smallest_multiple(n);
  if iters == 1{
    println_i64(res);
    0
  }else {
    main_loop(iters - 1,n)
  }
}

def main(iters:i64,n:i64): i64{
  main_loop(iters, n)
}

INFO - got notification with method textDocument/didChange
INFO - loading text data Bool { True, False }

def divides_loop(divisor:i64, max:i64, curr:i64): i64{
    if 
}

def smallest_multiple(n:i64): i64{
}

def main_loop(iters:i64,n:i64): i64{
  let res:i64 = smallest_multiple(n);
  if iters == 1{
    println_i64(res);
    0
  }else {
    main_loop(iters - 1,n)
  }
}

def main(iters:i64,n:i64): i64{
  main_loop(iters, n)
}

INFO - got notification with method textDocument/didChange
INFO - loading text data Bool { True, False }

def divides_loop(divisor:i64, max:i64, curr:i64): i64{
    if d
}

def smallest_multiple(n:i64): i64{
}

def main_loop(iters:i64,n:i64): i64{
  let res:i64 = smallest_multiple(n);
  if iters == 1{
    println_i64(res);
    0
  }else {
    main_loop(iters - 1,n)
  }
}

def main(iters:i64,n:i64): i64{
  main_loop(iters, n)
}

INFO - got notification with method textDocument/didChange
INFO - loading text data Bool { True, False }

def divides_loop(divisor:i64, max:i64, curr:i64): i64{
    if di
}

def smallest_multiple(n:i64): i64{
}

def main_loop(iters:i64,n:i64): i64{
  let res:i64 = smallest_multiple(n);
  if iters == 1{
    println_i64(res);
    0
  }else {
    main_loop(iters - 1,n)
  }
}

def main(iters:i64,n:i64): i64{
  main_loop(iters, n)
}

INFO - got notification with method textDocument/didChange
INFO - loading text data Bool { True, False }

def divides_loop(divisor:i64, max:i64, curr:i64): i64{
    if divi
}

def smallest_multiple(n:i64): i64{
}

def main_loop(iters:i64,n:i64): i64{
  let res:i64 = smallest_multiple(n);
  if iters == 1{
    println_i64(res);
    0
  }else {
    main_loop(iters - 1,n)
  }
}

def main(iters:i64,n:i64): i64{
  main_loop(iters, n)
}

INFO - got notification with method textDocument/didChange
INFO - loading text data Bool { True, False }

def divides_loop(divisor:i64, max:i64, curr:i64): i64{
    if divis
}

def smallest_multiple(n:i64): i64{
}

def main_loop(iters:i64,n:i64): i64{
  let res:i64 = smallest_multiple(n);
  if iters == 1{
    println_i64(res);
    0
  }else {
    main_loop(iters - 1,n)
  }
}

def main(iters:i64,n:i64): i64{
  main_loop(iters, n)
}

INFO - got notification with method textDocument/didChange
INFO - loading text data Bool { True, False }

def divides_loop(divisor:i64, max:i64, curr:i64): i64{
    if divisod
}

def smallest_multiple(n:i64): i64{
}

def main_loop(iters:i64,n:i64): i64{
  let res:i64 = smallest_multiple(n);
  if iters == 1{
    println_i64(res);
    0
  }else {
    main_loop(iters - 1,n)
  }
}

def main(iters:i64,n:i64): i64{
  main_loop(iters, n)
}

INFO - got notification with method textDocument/didChange
INFO - loading text data Bool { True, False }

def divides_loop(divisor:i64, max:i64, curr:i64): i64{
    if diviso
}

def smallest_multiple(n:i64): i64{
}

def main_loop(iters:i64,n:i64): i64{
  let res:i64 = smallest_multiple(n);
  if iters == 1{
    println_i64(res);
    0
  }else {
    main_loop(iters - 1,n)
  }
}

def main(iters:i64,n:i64): i64{
  main_loop(iters, n)
}

INFO - got notification with method textDocument/didChange
INFO - loading text data Bool { True, False }

def divides_loop(divisor:i64, max:i64, curr:i64): i64{
    if divisor 
}

def smallest_multiple(n:i64): i64{
}

def main_loop(iters:i64,n:i64): i64{
  let res:i64 = smallest_multiple(n);
  if iters == 1{
    println_i64(res);
    0
  }else {
    main_loop(iters - 1,n)
  }
}

def main(iters:i64,n:i64): i64{
  main_loop(iters, n)
}

INFO - got notification with method textDocument/didChange
INFO - loading text data Bool { True, False }

def divides_loop(divisor:i64, max:i64, curr:i64): i64{
    if divisor %
}

def smallest_multiple(n:i64): i64{
}

def main_loop(iters:i64,n:i64): i64{
  let res:i64 = smallest_multiple(n);
  if iters == 1{
    println_i64(res);
    0
  }else {
    main_loop(iters - 1,n)
  }
}

def main(iters:i64,n:i64): i64{
  main_loop(iters, n)
}

INFO - got notification with method textDocument/didChange
INFO - loading text data Bool { True, False }

def divides_loop(divisor:i64, max:i64, curr:i64): i64{
    if divisor % 
}

def smallest_multiple(n:i64): i64{
}

def main_loop(iters:i64,n:i64): i64{
  let res:i64 = smallest_multiple(n);
  if iters == 1{
    println_i64(res);
    0
  }else {
    main_loop(iters - 1,n)
  }
}

def main(iters:i64,n:i64): i64{
  main_loop(iters, n)
}

INFO - got notification with method textDocument/didChange
INFO - loading text data Bool { True, False }

def divides_loop(divisor:i64, max:i64, curr:i64): i64{
    if divisor %
}

def smallest_multiple(n:i64): i64{
}

def main_loop(iters:i64,n:i64): i64{
  let res:i64 = smallest_multiple(n);
  if iters == 1{
    println_i64(res);
    0
  }else {
    main_loop(iters - 1,n)
  }
}

def main(iters:i64,n:i64): i64{
  main_loop(iters, n)
}

INFO - got notification with method textDocument/didChange
INFO - loading text data Bool { True, False }

def divides_loop(divisor:i64, max:i64, curr:i64): i64{
    if 
}

def smallest_multiple(n:i64): i64{
}

def main_loop(iters:i64,n:i64): i64{
  let res:i64 = smallest_multiple(n);
  if iters == 1{
    println_i64(res);
    0
  }else {
    main_loop(iters - 1,n)
  }
}

def main(iters:i64,n:i64): i64{
  main_loop(iters, n)
}

INFO - got notification with method textDocument/didChange
INFO - loading text data Bool { True, False }

def divides_loop(divisor:i64, max:i64, curr:i64): i64{
    
}

def smallest_multiple(n:i64): i64{
}

def main_loop(iters:i64,n:i64): i64{
  let res:i64 = smallest_multiple(n);
  if iters == 1{
    println_i64(res);
    0
  }else {
    main_loop(iters - 1,n)
  }
}

def main(iters:i64,n:i64): i64{
  main_loop(iters, n)
}

INFO - got notification with method textDocument/didChange
INFO - loading text data Bool { True, False }

def divides_loop(divisor:i64, max:i64, curr:i64): i64{
    i
}

def smallest_multiple(n:i64): i64{
}

def main_loop(iters:i64,n:i64): i64{
  let res:i64 = smallest_multiple(n);
  if iters == 1{
    println_i64(res);
    0
  }else {
    main_loop(iters - 1,n)
  }
}

def main(iters:i64,n:i64): i64{
  main_loop(iters, n)
}

INFO - got notification with method textDocument/didChange
INFO - loading text data Bool { True, False }

def divides_loop(divisor:i64, max:i64, curr:i64): i64{
    if 
}

def smallest_multiple(n:i64): i64{
}

def main_loop(iters:i64,n:i64): i64{
  let res:i64 = smallest_multiple(n);
  if iters == 1{
    println_i64(res);
    0
  }else {
    main_loop(iters - 1,n)
  }
}

def main(iters:i64,n:i64): i64{
  main_loop(iters, n)
}

INFO - got notification with method textDocument/didChange
INFO - loading text data Bool { True, False }

def divides_loop(divisor:i64, max:i64, curr:i64): i64{
    if c
}

def smallest_multiple(n:i64): i64{
}

def main_loop(iters:i64,n:i64): i64{
  let res:i64 = smallest_multiple(n);
  if iters == 1{
    println_i64(res);
    0
  }else {
    main_loop(iters - 1,n)
  }
}

def main(iters:i64,n:i64): i64{
  main_loop(iters, n)
}

INFO - got notification with method textDocument/didChange
INFO - loading text data Bool { True, False }

def divides_loop(divisor:i64, max:i64, curr:i64): i64{
    if cur
}

def smallest_multiple(n:i64): i64{
}

def main_loop(iters:i64,n:i64): i64{
  let res:i64 = smallest_multiple(n);
  if iters == 1{
    println_i64(res);
    0
  }else {
    main_loop(iters - 1,n)
  }
}

def main(iters:i64,n:i64): i64{
  main_loop(iters, n)
}

INFO - got notification with method textDocument/didChange
INFO - loading text data Bool { True, False }

def divides_loop(divisor:i64, max:i64, curr:i64): i64{
    if curr
}

def smallest_multiple(n:i64): i64{
}

def main_loop(iters:i64,n:i64): i64{
  let res:i64 = smallest_multiple(n);
  if iters == 1{
    println_i64(res);
    0
  }else {
    main_loop(iters - 1,n)
  }
}

def main(iters:i64,n:i64): i64{
  main_loop(iters, n)
}

INFO - got notification with method textDocument/didChange
INFO - loading text data Bool { True, False }

def divides_loop(divisor:i64, max:i64, curr:i64): i64{
    if curr 
}

def smallest_multiple(n:i64): i64{
}

def main_loop(iters:i64,n:i64): i64{
  let res:i64 = smallest_multiple(n);
  if iters == 1{
    println_i64(res);
    0
  }else {
    main_loop(iters - 1,n)
  }
}

def main(iters:i64,n:i64): i64{
  main_loop(iters, n)
}

INFO - got notification with method textDocument/didChange
INFO - loading text data Bool { True, False }

def divides_loop(divisor:i64, max:i64, curr:i64): i64{
    if curr >
}

def smallest_multiple(n:i64): i64{
}

def main_loop(iters:i64,n:i64): i64{
  let res:i64 = smallest_multiple(n);
  if iters == 1{
    println_i64(res);
    0
  }else {
    main_loop(iters - 1,n)
  }
}

def main(iters:i64,n:i64): i64{
  main_loop(iters, n)
}

INFO - got notification with method textDocument/didChange
INFO - loading text data Bool { True, False }

def divides_loop(divisor:i64, max:i64, curr:i64): i64{
    if curr >-
}

def smallest_multiple(n:i64): i64{
}

def main_loop(iters:i64,n:i64): i64{
  let res:i64 = smallest_multiple(n);
  if iters == 1{
    println_i64(res);
    0
  }else {
    main_loop(iters - 1,n)
  }
}

def main(iters:i64,n:i64): i64{
  main_loop(iters, n)
}

INFO - got notification with method textDocument/didChange
INFO - loading text data Bool { True, False }

def divides_loop(divisor:i64, max:i64, curr:i64): i64{
    if curr >- 
}

def smallest_multiple(n:i64): i64{
}

def main_loop(iters:i64,n:i64): i64{
  let res:i64 = smallest_multiple(n);
  if iters == 1{
    println_i64(res);
    0
  }else {
    main_loop(iters - 1,n)
  }
}

def main(iters:i64,n:i64): i64{
  main_loop(iters, n)
}

INFO - got notification with method textDocument/didChange
INFO - loading text data Bool { True, False }

def divides_loop(divisor:i64, max:i64, curr:i64): i64{
    if curr >-
}

def smallest_multiple(n:i64): i64{
}

def main_loop(iters:i64,n:i64): i64{
  let res:i64 = smallest_multiple(n);
  if iters == 1{
    println_i64(res);
    0
  }else {
    main_loop(iters - 1,n)
  }
}

def main(iters:i64,n:i64): i64{
  main_loop(iters, n)
}

INFO - got notification with method textDocument/didChange
INFO - loading text data Bool { True, False }

def divides_loop(divisor:i64, max:i64, curr:i64): i64{
    if curr >
}

def smallest_multiple(n:i64): i64{
}

def main_loop(iters:i64,n:i64): i64{
  let res:i64 = smallest_multiple(n);
  if iters == 1{
    println_i64(res);
    0
  }else {
    main_loop(iters - 1,n)
  }
}

def main(iters:i64,n:i64): i64{
  main_loop(iters, n)
}

INFO - got notification with method textDocument/didChange
INFO - loading text data Bool { True, False }

def divides_loop(divisor:i64, max:i64, curr:i64): i64{
    if curr >= 
}

def smallest_multiple(n:i64): i64{
}

def main_loop(iters:i64,n:i64): i64{
  let res:i64 = smallest_multiple(n);
  if iters == 1{
    println_i64(res);
    0
  }else {
    main_loop(iters - 1,n)
  }
}

def main(iters:i64,n:i64): i64{
  main_loop(iters, n)
}

INFO - got notification with method textDocument/didChange
INFO - loading text data Bool { True, False }

def divides_loop(divisor:i64, max:i64, curr:i64): i64{
    if curr >= m
}

def smallest_multiple(n:i64): i64{
}

def main_loop(iters:i64,n:i64): i64{
  let res:i64 = smallest_multiple(n);
  if iters == 1{
    println_i64(res);
    0
  }else {
    main_loop(iters - 1,n)
  }
}

def main(iters:i64,n:i64): i64{
  main_loop(iters, n)
}

INFO - got notification with method textDocument/didChange
INFO - loading text data Bool { True, False }

def divides_loop(divisor:i64, max:i64, curr:i64): i64{
    if curr >= max
}

def smallest_multiple(n:i64): i64{
}

def main_loop(iters:i64,n:i64): i64{
  let res:i64 = smallest_multiple(n);
  if iters == 1{
    println_i64(res);
    0
  }else {
    main_loop(iters - 1,n)
  }
}

def main(iters:i64,n:i64): i64{
  main_loop(iters, n)
}

INFO - got notification with method textDocument/didChange
INFO - loading text data Bool { True, False }

def divides_loop(divisor:i64, max:i64, curr:i64): i64{
    if curr >= max 
}

def smallest_multiple(n:i64): i64{
}

def main_loop(iters:i64,n:i64): i64{
  let res:i64 = smallest_multiple(n);
  if iters == 1{
    println_i64(res);
    0
  }else {
    main_loop(iters - 1,n)
  }
}

def main(iters:i64,n:i64): i64{
  main_loop(iters, n)
}

INFO - got notification with method textDocument/didChange
INFO - loading text data Bool { True, False }

def divides_loop(divisor:i64, max:i64, curr:i64): i64{
    if curr >= max {
}

def smallest_multiple(n:i64): i64{
}

def main_loop(iters:i64,n:i64): i64{
  let res:i64 = smallest_multiple(n);
  if iters == 1{
    println_i64(res);
    0
  }else {
    main_loop(iters - 1,n)
  }
}

def main(iters:i64,n:i64): i64{
  main_loop(iters, n)
}

INFO - got notification with method textDocument/didChange
INFO - loading text data Bool { True, False }

def divides_loop(divisor:i64, max:i64, curr:i64): i64{
    if curr >= max {
    
}

def smallest_multiple(n:i64): i64{
}

def main_loop(iters:i64,n:i64): i64{
  let res:i64 = smallest_multiple(n);
  if iters == 1{
    println_i64(res);
    0
  }else {
    main_loop(iters - 1,n)
  }
}

def main(iters:i64,n:i64): i64{
  main_loop(iters, n)
}

INFO - got notification with method textDocument/didChange
INFO - loading text data Bool { True, False }

def divides_loop(divisor:i64, max:i64, curr:i64): i64{
    if curr >= max {
     
}

def smallest_multiple(n:i64): i64{
}

def main_loop(iters:i64,n:i64): i64{
  let res:i64 = smallest_multiple(n);
  if iters == 1{
    println_i64(res);
    0
  }else {
    main_loop(iters - 1,n)
  }
}

def main(iters:i64,n:i64): i64{
  main_loop(iters, n)
}

INFO - got notification with method textDocument/didChange
INFO - loading text data Bool { True, False }

def divides_loop(divisor:i64, max:i64, curr:i64): i64{
    if curr >= max {
      
}

def smallest_multiple(n:i64): i64{
}

def main_loop(iters:i64,n:i64): i64{
  let res:i64 = smallest_multiple(n);
  if iters == 1{
    println_i64(res);
    0
  }else {
    main_loop(iters - 1,n)
  }
}

def main(iters:i64,n:i64): i64{
  main_loop(iters, n)
}

INFO - got notification with method textDocument/didChange
INFO - loading text data Bool { True, False }

def divides_loop(divisor:i64, max:i64, curr:i64): i64{
    if curr >= max {
      T
}

def smallest_multiple(n:i64): i64{
}

def main_loop(iters:i64,n:i64): i64{
  let res:i64 = smallest_multiple(n);
  if iters == 1{
    println_i64(res);
    0
  }else {
    main_loop(iters - 1,n)
  }
}

def main(iters:i64,n:i64): i64{
  main_loop(iters, n)
}

INFO - got notification with method textDocument/didChange
INFO - loading text data Bool { True, False }

def divides_loop(divisor:i64, max:i64, curr:i64): i64{
    if curr >= max {
      Tru
}

def smallest_multiple(n:i64): i64{
}

def main_loop(iters:i64,n:i64): i64{
  let res:i64 = smallest_multiple(n);
  if iters == 1{
    println_i64(res);
    0
  }else {
    main_loop(iters - 1,n)
  }
}

def main(iters:i64,n:i64): i64{
  main_loop(iters, n)
}

INFO - got notification with method textDocument/didChange
INFO - loading text data Bool { True, False }

def divides_loop(divisor:i64, max:i64, curr:i64): i64{
    if curr >= max {
      True
}

def smallest_multiple(n:i64): i64{
}

def main_loop(iters:i64,n:i64): i64{
  let res:i64 = smallest_multiple(n);
  if iters == 1{
    println_i64(res);
    0
  }else {
    main_loop(iters - 1,n)
  }
}

def main(iters:i64,n:i64): i64{
  main_loop(iters, n)
}

INFO - got notification with method textDocument/didChange
INFO - loading text data Bool { True, False }

def divides_loop(divisor:i64, max:i64, curr:i64): i64{
    if curr >= max {
      True
      
}

def smallest_multiple(n:i64): i64{
}

def main_loop(iters:i64,n:i64): i64{
  let res:i64 = smallest_multiple(n);
  if iters == 1{
    println_i64(res);
    0
  }else {
    main_loop(iters - 1,n)
  }
}

def main(iters:i64,n:i64): i64{
  main_loop(iters, n)
}

INFO - got notification with method textDocument/didChange
INFO - loading text data Bool { True, False }

def divides_loop(divisor:i64, max:i64, curr:i64): i64{
    if curr >= max {
      True
     
}

def smallest_multiple(n:i64): i64{
}

def main_loop(iters:i64,n:i64): i64{
  let res:i64 = smallest_multiple(n);
  if iters == 1{
    println_i64(res);
    0
  }else {
    main_loop(iters - 1,n)
  }
}

def main(iters:i64,n:i64): i64{
  main_loop(iters, n)
}

INFO - got notification with method textDocument/didChange
INFO - loading text data Bool { True, False }

def divides_loop(divisor:i64, max:i64, curr:i64): i64{
    if curr >= max {
      True
    
}

def smallest_multiple(n:i64): i64{
}

def main_loop(iters:i64,n:i64): i64{
  let res:i64 = smallest_multiple(n);
  if iters == 1{
    println_i64(res);
    0
  }else {
    main_loop(iters - 1,n)
  }
}

def main(iters:i64,n:i64): i64{
  main_loop(iters, n)
}

INFO - got notification with method textDocument/didChange
INFO - loading text data Bool { True, False }

def divides_loop(divisor:i64, max:i64, curr:i64): i64{
    if curr >= max {
      True
    }e
}

def smallest_multiple(n:i64): i64{
}

def main_loop(iters:i64,n:i64): i64{
  let res:i64 = smallest_multiple(n);
  if iters == 1{
    println_i64(res);
    0
  }else {
    main_loop(iters - 1,n)
  }
}

def main(iters:i64,n:i64): i64{
  main_loop(iters, n)
}

INFO - got notification with method textDocument/didChange
INFO - loading text data Bool { True, False }

def divides_loop(divisor:i64, max:i64, curr:i64): i64{
    if curr >= max {
      True
    }el
}

def smallest_multiple(n:i64): i64{
}

def main_loop(iters:i64,n:i64): i64{
  let res:i64 = smallest_multiple(n);
  if iters == 1{
    println_i64(res);
    0
  }else {
    main_loop(iters - 1,n)
  }
}

def main(iters:i64,n:i64): i64{
  main_loop(iters, n)
}

INFO - got notification with method textDocument/didChange
INFO - loading text data Bool { True, False }

def divides_loop(divisor:i64, max:i64, curr:i64): i64{
    if curr >= max {
      True
    }else
}

def smallest_multiple(n:i64): i64{
}

def main_loop(iters:i64,n:i64): i64{
  let res:i64 = smallest_multiple(n);
  if iters == 1{
    println_i64(res);
    0
  }else {
    main_loop(iters - 1,n)
  }
}

def main(iters:i64,n:i64): i64{
  main_loop(iters, n)
}

INFO - got notification with method textDocument/didChange
INFO - loading text data Bool { True, False }

def divides_loop(divisor:i64, max:i64, curr:i64): i64{
    if curr >= max {
      True
    }else{
}

def smallest_multiple(n:i64): i64{
}

def main_loop(iters:i64,n:i64): i64{
  let res:i64 = smallest_multiple(n);
  if iters == 1{
    println_i64(res);
    0
  }else {
    main_loop(iters - 1,n)
  }
}

def main(iters:i64,n:i64): i64{
  main_loop(iters, n)
}

INFO - got notification with method textDocument/didChange
INFO - loading text data Bool { True, False }

def divides_loop(divisor:i64, max:i64, curr:i64): i64{
    if curr >= max {
      True
    }else{
    
}

def smallest_multiple(n:i64): i64{
}

def main_loop(iters:i64,n:i64): i64{
  let res:i64 = smallest_multiple(n);
  if iters == 1{
    println_i64(res);
    0
  }else {
    main_loop(iters - 1,n)
  }
}

def main(iters:i64,n:i64): i64{
  main_loop(iters, n)
}

INFO - got notification with method textDocument/didChange
INFO - loading text data Bool { True, False }

def divides_loop(divisor:i64, max:i64, curr:i64): i64{
    if curr >= max {
      True
    }else{
    }
}

def smallest_multiple(n:i64): i64{
}

def main_loop(iters:i64,n:i64): i64{
  let res:i64 = smallest_multiple(n);
  if iters == 1{
    println_i64(res);
    0
  }else {
    main_loop(iters - 1,n)
  }
}

def main(iters:i64,n:i64): i64{
  main_loop(iters, n)
}

INFO - got notification with method textDocument/didChange
INFO - loading text data Bool { True, False }

def divides_loop(divisor:i64, max:i64, curr:i64): i64{
    if curr >= max {
      True
    }else{
    
    }
}

def smallest_multiple(n:i64): i64{
}

def main_loop(iters:i64,n:i64): i64{
  let res:i64 = smallest_multiple(n);
  if iters == 1{
    println_i64(res);
    0
  }else {
    main_loop(iters - 1,n)
  }
}

def main(iters:i64,n:i64): i64{
  main_loop(iters, n)
}

INFO - got notification with method textDocument/didChange
INFO - loading text data Bool { True, False }

def divides_loop(divisor:i64, max:i64, curr:i64): i64{
    if curr >= max {
      True
    }else{
     
    }
}

def smallest_multiple(n:i64): i64{
}

def main_loop(iters:i64,n:i64): i64{
  let res:i64 = smallest_multiple(n);
  if iters == 1{
    println_i64(res);
    0
  }else {
    main_loop(iters - 1,n)
  }
}

def main(iters:i64,n:i64): i64{
  main_loop(iters, n)
}

INFO - got notification with method textDocument/didChange
INFO - loading text data Bool { True, False }

def divides_loop(divisor:i64, max:i64, curr:i64): i64{
    if curr >= max {
      True
    }else{
      
    }
}

def smallest_multiple(n:i64): i64{
}

def main_loop(iters:i64,n:i64): i64{
  let res:i64 = smallest_multiple(n);
  if iters == 1{
    println_i64(res);
    0
  }else {
    main_loop(iters - 1,n)
  }
}

def main(iters:i64,n:i64): i64{
  main_loop(iters, n)
}

INFO - got notification with method textDocument/didChange
INFO - loading text data Bool { True, False }

def divides_loop(divisor:i64, max:i64, curr:i64): i64{
    if curr >= max {
      True
    }else{
      i
    }
}

def smallest_multiple(n:i64): i64{
}

def main_loop(iters:i64,n:i64): i64{
  let res:i64 = smallest_multiple(n);
  if iters == 1{
    println_i64(res);
    0
  }else {
    main_loop(iters - 1,n)
  }
}

def main(iters:i64,n:i64): i64{
  main_loop(iters, n)
}

INFO - got notification with method textDocument/didChange
INFO - loading text data Bool { True, False }

def divides_loop(divisor:i64, max:i64, curr:i64): i64{
    if curr >= max {
      True
    }else{
      if 
    }
}

def smallest_multiple(n:i64): i64{
}

def main_loop(iters:i64,n:i64): i64{
  let res:i64 = smallest_multiple(n);
  if iters == 1{
    println_i64(res);
    0
  }else {
    main_loop(iters - 1,n)
  }
}

def main(iters:i64,n:i64): i64{
  main_loop(iters, n)
}

INFO - got notification with method textDocument/didChange
INFO - loading text data Bool { True, False }

def divides_loop(divisor:i64, max:i64, curr:i64): i64{
    if curr >= max {
      True
    }else{
      if d
    }
}

def smallest_multiple(n:i64): i64{
}

def main_loop(iters:i64,n:i64): i64{
  let res:i64 = smallest_multiple(n);
  if iters == 1{
    println_i64(res);
    0
  }else {
    main_loop(iters - 1,n)
  }
}

def main(iters:i64,n:i64): i64{
  main_loop(iters, n)
}

INFO - got notification with method textDocument/didChange
INFO - loading text data Bool { True, False }

def divides_loop(divisor:i64, max:i64, curr:i64): i64{
    if curr >= max {
      True
    }else{
      if di
    }
}

def smallest_multiple(n:i64): i64{
}

def main_loop(iters:i64,n:i64): i64{
  let res:i64 = smallest_multiple(n);
  if iters == 1{
    println_i64(res);
    0
  }else {
    main_loop(iters - 1,n)
  }
}

def main(iters:i64,n:i64): i64{
  main_loop(iters, n)
}

INFO - got notification with method textDocument/didChange
INFO - loading text data Bool { True, False }

def divides_loop(divisor:i64, max:i64, curr:i64): i64{
    if curr >= max {
      True
    }else{
      if divi
    }
}

def smallest_multiple(n:i64): i64{
}

def main_loop(iters:i64,n:i64): i64{
  let res:i64 = smallest_multiple(n);
  if iters == 1{
    println_i64(res);
    0
  }else {
    main_loop(iters - 1,n)
  }
}

def main(iters:i64,n:i64): i64{
  main_loop(iters, n)
}

INFO - got notification with method textDocument/didChange
INFO - loading text data Bool { True, False }

def divides_loop(divisor:i64, max:i64, curr:i64): i64{
    if curr >= max {
      True
    }else{
      if divis
    }
}

def smallest_multiple(n:i64): i64{
}

def main_loop(iters:i64,n:i64): i64{
  let res:i64 = smallest_multiple(n);
  if iters == 1{
    println_i64(res);
    0
  }else {
    main_loop(iters - 1,n)
  }
}

def main(iters:i64,n:i64): i64{
  main_loop(iters, n)
}

INFO - got notification with method textDocument/didChange
INFO - loading text data Bool { True, False }

def divides_loop(divisor:i64, max:i64, curr:i64): i64{
    if curr >= max {
      True
    }else{
      if divisor
    }
}

def smallest_multiple(n:i64): i64{
}

def main_loop(iters:i64,n:i64): i64{
  let res:i64 = smallest_multiple(n);
  if iters == 1{
    println_i64(res);
    0
  }else {
    main_loop(iters - 1,n)
  }
}

def main(iters:i64,n:i64): i64{
  main_loop(iters, n)
}

INFO - got notification with method textDocument/didChange
INFO - loading text data Bool { True, False }

def divides_loop(divisor:i64, max:i64, curr:i64): i64{
    if curr >= max {
      True
    }else{
      if divisor 
    }
}

def smallest_multiple(n:i64): i64{
}

def main_loop(iters:i64,n:i64): i64{
  let res:i64 = smallest_multiple(n);
  if iters == 1{
    println_i64(res);
    0
  }else {
    main_loop(iters - 1,n)
  }
}

def main(iters:i64,n:i64): i64{
  main_loop(iters, n)
}

INFO - got notification with method textDocument/didChange
INFO - loading text data Bool { True, False }

def divides_loop(divisor:i64, max:i64, curr:i64): i64{
    if curr >= max {
      True
    }else{
      if divisor %
    }
}

def smallest_multiple(n:i64): i64{
}

def main_loop(iters:i64,n:i64): i64{
  let res:i64 = smallest_multiple(n);
  if iters == 1{
    println_i64(res);
    0
  }else {
    main_loop(iters - 1,n)
  }
}

def main(iters:i64,n:i64): i64{
  main_loop(iters, n)
}

INFO - got notification with method textDocument/didChange
INFO - loading text data Bool { True, False }

def divides_loop(divisor:i64, max:i64, curr:i64): i64{
    if curr >= max {
      True
    }else{
      if divisor % 
    }
}

def smallest_multiple(n:i64): i64{
}

def main_loop(iters:i64,n:i64): i64{
  let res:i64 = smallest_multiple(n);
  if iters == 1{
    println_i64(res);
    0
  }else {
    main_loop(iters - 1,n)
  }
}

def main(iters:i64,n:i64): i64{
  main_loop(iters, n)
}

INFO - got notification with method textDocument/didChange
INFO - loading text data Bool { True, False }

def divides_loop(divisor:i64, max:i64, curr:i64): i64{
    if curr >= max {
      True
    }else{
      if divisor %
    }
}

def smallest_multiple(n:i64): i64{
}

def main_loop(iters:i64,n:i64): i64{
  let res:i64 = smallest_multiple(n);
  if iters == 1{
    println_i64(res);
    0
  }else {
    main_loop(iters - 1,n)
  }
}

def main(iters:i64,n:i64): i64{
  main_loop(iters, n)
}

INFO - got notification with method textDocument/didChange
INFO - loading text data Bool { True, False }

def divides_loop(divisor:i64, max:i64, curr:i64): i64{
    if curr >= max {
      True
    }else{
      if 
    }
}

def smallest_multiple(n:i64): i64{
}

def main_loop(iters:i64,n:i64): i64{
  let res:i64 = smallest_multiple(n);
  if iters == 1{
    println_i64(res);
    0
  }else {
    main_loop(iters - 1,n)
  }
}

def main(iters:i64,n:i64): i64{
  main_loop(iters, n)
}

INFO - got notification with method textDocument/didChange
INFO - loading text data Bool { True, False }

def divides_loop(divisor:i64, max:i64, curr:i64): i64{
    if curr >= max {
      True
    }else{
      if c
    }
}

def smallest_multiple(n:i64): i64{
}

def main_loop(iters:i64,n:i64): i64{
  let res:i64 = smallest_multiple(n);
  if iters == 1{
    println_i64(res);
    0
  }else {
    main_loop(iters - 1,n)
  }
}

def main(iters:i64,n:i64): i64{
  main_loop(iters, n)
}

INFO - got notification with method textDocument/didChange
INFO - loading text data Bool { True, False }

def divides_loop(divisor:i64, max:i64, curr:i64): i64{
    if curr >= max {
      True
    }else{
      if cu
    }
}

def smallest_multiple(n:i64): i64{
}

def main_loop(iters:i64,n:i64): i64{
  let res:i64 = smallest_multiple(n);
  if iters == 1{
    println_i64(res);
    0
  }else {
    main_loop(iters - 1,n)
  }
}

def main(iters:i64,n:i64): i64{
  main_loop(iters, n)
}

INFO - got notification with method textDocument/didChange
INFO - loading text data Bool { True, False }

def divides_loop(divisor:i64, max:i64, curr:i64): i64{
    if curr >= max {
      True
    }else{
      if curr
    }
}

def smallest_multiple(n:i64): i64{
}

def main_loop(iters:i64,n:i64): i64{
  let res:i64 = smallest_multiple(n);
  if iters == 1{
    println_i64(res);
    0
  }else {
    main_loop(iters - 1,n)
  }
}

def main(iters:i64,n:i64): i64{
  main_loop(iters, n)
}

INFO - got notification with method textDocument/didChange
INFO - loading text data Bool { True, False }

def divides_loop(divisor:i64, max:i64, curr:i64): i64{
    if curr >= max {
      True
    }else{
      if cur
    }
}

def smallest_multiple(n:i64): i64{
}

def main_loop(iters:i64,n:i64): i64{
  let res:i64 = smallest_multiple(n);
  if iters == 1{
    println_i64(res);
    0
  }else {
    main_loop(iters - 1,n)
  }
}

def main(iters:i64,n:i64): i64{
  main_loop(iters, n)
}

INFO - got notification with method textDocument/didChange
INFO - loading text data Bool { True, False }

def divides_loop(divisor:i64, max:i64, curr:i64): i64{
    if curr >= max {
      True
    }else{
      if 
    }
}

def smallest_multiple(n:i64): i64{
}

def main_loop(iters:i64,n:i64): i64{
  let res:i64 = smallest_multiple(n);
  if iters == 1{
    println_i64(res);
    0
  }else {
    main_loop(iters - 1,n)
  }
}

def main(iters:i64,n:i64): i64{
  main_loop(iters, n)
}

INFO - got notification with method textDocument/didChange
INFO - loading text data Bool { True, False }

def divides_loop(divisor:i64, max:i64, curr:i64): i64{
    if curr >= max {
      True
    }else{
      if c
    }
}

def smallest_multiple(n:i64): i64{
}

def main_loop(iters:i64,n:i64): i64{
  let res:i64 = smallest_multiple(n);
  if iters == 1{
    println_i64(res);
    0
  }else {
    main_loop(iters - 1,n)
  }
}

def main(iters:i64,n:i64): i64{
  main_loop(iters, n)
}

INFO - got notification with method textDocument/didChange
INFO - loading text data Bool { True, False }

def divides_loop(divisor:i64, max:i64, curr:i64): i64{
    if curr >= max {
      True
    }else{
      if cu
    }
}

def smallest_multiple(n:i64): i64{
}

def main_loop(iters:i64,n:i64): i64{
  let res:i64 = smallest_multiple(n);
  if iters == 1{
    println_i64(res);
    0
  }else {
    main_loop(iters - 1,n)
  }
}

def main(iters:i64,n:i64): i64{
  main_loop(iters, n)
}

INFO - got notification with method textDocument/didChange
INFO - loading text data Bool { True, False }

def divides_loop(divisor:i64, max:i64, curr:i64): i64{
    if curr >= max {
      True
    }else{
      if curr
    }
}

def smallest_multiple(n:i64): i64{
}

def main_loop(iters:i64,n:i64): i64{
  let res:i64 = smallest_multiple(n);
  if iters == 1{
    println_i64(res);
    0
  }else {
    main_loop(iters - 1,n)
  }
}

def main(iters:i64,n:i64): i64{
  main_loop(iters, n)
}

INFO - got notification with method textDocument/didChange
INFO - loading text data Bool { True, False }

def divides_loop(divisor:i64, max:i64, curr:i64): i64{
    if curr >= max {
      True
    }else{
      if curr 
    }
}

def smallest_multiple(n:i64): i64{
}

def main_loop(iters:i64,n:i64): i64{
  let res:i64 = smallest_multiple(n);
  if iters == 1{
    println_i64(res);
    0
  }else {
    main_loop(iters - 1,n)
  }
}

def main(iters:i64,n:i64): i64{
  main_loop(iters, n)
}

INFO - got notification with method textDocument/didChange
INFO - loading text data Bool { True, False }

def divides_loop(divisor:i64, max:i64, curr:i64): i64{
    if curr >= max {
      True
    }else{
      if curr %
    }
}

def smallest_multiple(n:i64): i64{
}

def main_loop(iters:i64,n:i64): i64{
  let res:i64 = smallest_multiple(n);
  if iters == 1{
    println_i64(res);
    0
  }else {
    main_loop(iters - 1,n)
  }
}

def main(iters:i64,n:i64): i64{
  main_loop(iters, n)
}

INFO - got notification with method textDocument/didChange
INFO - loading text data Bool { True, False }

def divides_loop(divisor:i64, max:i64, curr:i64): i64{
    if curr >= max {
      True
    }else{
      if curr % 
    }
}

def smallest_multiple(n:i64): i64{
}

def main_loop(iters:i64,n:i64): i64{
  let res:i64 = smallest_multiple(n);
  if iters == 1{
    println_i64(res);
    0
  }else {
    main_loop(iters - 1,n)
  }
}

def main(iters:i64,n:i64): i64{
  main_loop(iters, n)
}

INFO - got notification with method textDocument/didChange
INFO - loading text data Bool { True, False }

def divides_loop(divisor:i64, max:i64, curr:i64): i64{
    if curr >= max {
      True
    }else{
      if curr % d
    }
}

def smallest_multiple(n:i64): i64{
}

def main_loop(iters:i64,n:i64): i64{
  let res:i64 = smallest_multiple(n);
  if iters == 1{
    println_i64(res);
    0
  }else {
    main_loop(iters - 1,n)
  }
}

def main(iters:i64,n:i64): i64{
  main_loop(iters, n)
}

INFO - got notification with method textDocument/didChange
INFO - loading text data Bool { True, False }

def divides_loop(divisor:i64, max:i64, curr:i64): i64{
    if curr >= max {
      True
    }else{
      if curr % div
    }
}

def smallest_multiple(n:i64): i64{
}

def main_loop(iters:i64,n:i64): i64{
  let res:i64 = smallest_multiple(n);
  if iters == 1{
    println_i64(res);
    0
  }else {
    main_loop(iters - 1,n)
  }
}

def main(iters:i64,n:i64): i64{
  main_loop(iters, n)
}

INFO - got notification with method textDocument/didChange
INFO - loading text data Bool { True, False }

def divides_loop(divisor:i64, max:i64, curr:i64): i64{
    if curr >= max {
      True
    }else{
      if curr % divi
    }
}

def smallest_multiple(n:i64): i64{
}

def main_loop(iters:i64,n:i64): i64{
  let res:i64 = smallest_multiple(n);
  if iters == 1{
    println_i64(res);
    0
  }else {
    main_loop(iters - 1,n)
  }
}

def main(iters:i64,n:i64): i64{
  main_loop(iters, n)
}

INFO - got notification with method textDocument/didChange
INFO - loading text data Bool { True, False }

def divides_loop(divisor:i64, max:i64, curr:i64): i64{
    if curr >= max {
      True
    }else{
      if curr % divis
    }
}

def smallest_multiple(n:i64): i64{
}

def main_loop(iters:i64,n:i64): i64{
  let res:i64 = smallest_multiple(n);
  if iters == 1{
    println_i64(res);
    0
  }else {
    main_loop(iters - 1,n)
  }
}

def main(iters:i64,n:i64): i64{
  main_loop(iters, n)
}

INFO - got notification with method textDocument/didChange
INFO - loading text data Bool { True, False }

def divides_loop(divisor:i64, max:i64, curr:i64): i64{
    if curr >= max {
      True
    }else{
      if curr % divisor
    }
}

def smallest_multiple(n:i64): i64{
}

def main_loop(iters:i64,n:i64): i64{
  let res:i64 = smallest_multiple(n);
  if iters == 1{
    println_i64(res);
    0
  }else {
    main_loop(iters - 1,n)
  }
}

def main(iters:i64,n:i64): i64{
  main_loop(iters, n)
}

INFO - got notification with method textDocument/didChange
INFO - loading text data Bool { True, False }

def divides_loop(divisor:i64, max:i64, curr:i64): i64{
    if curr >= max {
      True
    }else{
      if curr % divisor 
    }
}

def smallest_multiple(n:i64): i64{
}

def main_loop(iters:i64,n:i64): i64{
  let res:i64 = smallest_multiple(n);
  if iters == 1{
    println_i64(res);
    0
  }else {
    main_loop(iters - 1,n)
  }
}

def main(iters:i64,n:i64): i64{
  main_loop(iters, n)
}

INFO - got notification with method textDocument/didChange
INFO - loading text data Bool { True, False }

def divides_loop(divisor:i64, max:i64, curr:i64): i64{
    if curr >= max {
      True
    }else{
      if curr % divisor  
    }
}

def smallest_multiple(n:i64): i64{
}

def main_loop(iters:i64,n:i64): i64{
  let res:i64 = smallest_multiple(n);
  if iters == 1{
    println_i64(res);
    0
  }else {
    main_loop(iters - 1,n)
  }
}

def main(iters:i64,n:i64): i64{
  main_loop(iters, n)
}

INFO - got notification with method textDocument/didChange
INFO - loading text data Bool { True, False }

def divides_loop(divisor:i64, max:i64, curr:i64): i64{
    if curr >= max {
      True
    }else{
      if curr % divisor 
    }
}

def smallest_multiple(n:i64): i64{
}

def main_loop(iters:i64,n:i64): i64{
  let res:i64 = smallest_multiple(n);
  if iters == 1{
    println_i64(res);
    0
  }else {
    main_loop(iters - 1,n)
  }
}

def main(iters:i64,n:i64): i64{
  main_loop(iters, n)
}

INFO - got notification with method textDocument/didChange
INFO - loading text data Bool { True, False }

def divides_loop(divisor:i64, max:i64, curr:i64): i64{
    if curr >= max {
      True
    }else{
      if curr % divisor =
    }
}

def smallest_multiple(n:i64): i64{
}

def main_loop(iters:i64,n:i64): i64{
  let res:i64 = smallest_multiple(n);
  if iters == 1{
    println_i64(res);
    0
  }else {
    main_loop(iters - 1,n)
  }
}

def main(iters:i64,n:i64): i64{
  main_loop(iters, n)
}

INFO - got notification with method textDocument/didChange
INFO - loading text data Bool { True, False }

def divides_loop(divisor:i64, max:i64, curr:i64): i64{
    if curr >= max {
      True
    }else{
      if curr % divisor ==
    }
}

def smallest_multiple(n:i64): i64{
}

def main_loop(iters:i64,n:i64): i64{
  let res:i64 = smallest_multiple(n);
  if iters == 1{
    println_i64(res);
    0
  }else {
    main_loop(iters - 1,n)
  }
}

def main(iters:i64,n:i64): i64{
  main_loop(iters, n)
}

INFO - got notification with method textDocument/didChange
INFO - loading text data Bool { True, False }

def divides_loop(divisor:i64, max:i64, curr:i64): i64{
    if curr >= max {
      True
    }else{
      if curr % divisor == 
    }
}

def smallest_multiple(n:i64): i64{
}

def main_loop(iters:i64,n:i64): i64{
  let res:i64 = smallest_multiple(n);
  if iters == 1{
    println_i64(res);
    0
  }else {
    main_loop(iters - 1,n)
  }
}

def main(iters:i64,n:i64): i64{
  main_loop(iters, n)
}

INFO - got notification with method textDocument/didChange
INFO - loading text data Bool { True, False }

def divides_loop(divisor:i64, max:i64, curr:i64): i64{
    if curr >= max {
      True
    }else{
      if curr % divisor == 0
    }
}

def smallest_multiple(n:i64): i64{
}

def main_loop(iters:i64,n:i64): i64{
  let res:i64 = smallest_multiple(n);
  if iters == 1{
    println_i64(res);
    0
  }else {
    main_loop(iters - 1,n)
  }
}

def main(iters:i64,n:i64): i64{
  main_loop(iters, n)
}

INFO - got notification with method textDocument/didChange
INFO - loading text data Bool { True, False }

def divides_loop(divisor:i64, max:i64, curr:i64): i64{
    if curr >= max {
      True
    }else{
      if curr % divisor == 0{
    }
}

def smallest_multiple(n:i64): i64{
}

def main_loop(iters:i64,n:i64): i64{
  let res:i64 = smallest_multiple(n);
  if iters == 1{
    println_i64(res);
    0
  }else {
    main_loop(iters - 1,n)
  }
}

def main(iters:i64,n:i64): i64{
  main_loop(iters, n)
}

INFO - got notification with method textDocument/didChange
INFO - loading text data Bool { True, False }

def divides_loop(divisor:i64, max:i64, curr:i64): i64{
    if curr >= max {
      True
    }else{
      if curr % divisor == 0{
      
    }
}

def smallest_multiple(n:i64): i64{
}

def main_loop(iters:i64,n:i64): i64{
  let res:i64 = smallest_multiple(n);
  if iters == 1{
    println_i64(res);
    0
  }else {
    main_loop(iters - 1,n)
  }
}

def main(iters:i64,n:i64): i64{
  main_loop(iters, n)
}

INFO - got notification with method textDocument/didChange
INFO - loading text data Bool { True, False }

def divides_loop(divisor:i64, max:i64, curr:i64): i64{
    if curr >= max {
      True
    }else{
      if curr % divisor == 0{
      }
    }
}

def smallest_multiple(n:i64): i64{
}

def main_loop(iters:i64,n:i64): i64{
  let res:i64 = smallest_multiple(n);
  if iters == 1{
    println_i64(res);
    0
  }else {
    main_loop(iters - 1,n)
  }
}

def main(iters:i64,n:i64): i64{
  main_loop(iters, n)
}

INFO - got notification with method textDocument/didChange
INFO - loading text data Bool { True, False }

def divides_loop(divisor:i64, max:i64, curr:i64): i64{
    if curr >= max {
      True
    }else{
      if curr % divisor == 0{
      
      }
    }
}

def smallest_multiple(n:i64): i64{
}

def main_loop(iters:i64,n:i64): i64{
  let res:i64 = smallest_multiple(n);
  if iters == 1{
    println_i64(res);
    0
  }else {
    main_loop(iters - 1,n)
  }
}

def main(iters:i64,n:i64): i64{
  main_loop(iters, n)
}

INFO - got notification with method textDocument/didChange
INFO - loading text data Bool { True, False }

def divides_loop(divisor:i64, max:i64, curr:i64): i64{
    if curr >= max {
      True
    }else{
      if curr % divisor == 0{
        
      }
    }
}

def smallest_multiple(n:i64): i64{
}

def main_loop(iters:i64,n:i64): i64{
  let res:i64 = smallest_multiple(n);
  if iters == 1{
    println_i64(res);
    0
  }else {
    main_loop(iters - 1,n)
  }
}

def main(iters:i64,n:i64): i64{
  main_loop(iters, n)
}

INFO - got notification with method textDocument/didChange
INFO - loading text data Bool { True, False }

def divides_loop(divisor:i64, max:i64, curr:i64): i64{
    if curr >= max {
      True
    }else{
      if curr % divisor == 0{
        d
      }
    }
}

def smallest_multiple(n:i64): i64{
}

def main_loop(iters:i64,n:i64): i64{
  let res:i64 = smallest_multiple(n);
  if iters == 1{
    println_i64(res);
    0
  }else {
    main_loop(iters - 1,n)
  }
}

def main(iters:i64,n:i64): i64{
  main_loop(iters, n)
}

INFO - got notification with method textDocument/didChange
INFO - loading text data Bool { True, False }

def divides_loop(divisor:i64, max:i64, curr:i64): i64{
    if curr >= max {
      True
    }else{
      if curr % divisor == 0{
        di
      }
    }
}

def smallest_multiple(n:i64): i64{
}

def main_loop(iters:i64,n:i64): i64{
  let res:i64 = smallest_multiple(n);
  if iters == 1{
    println_i64(res);
    0
  }else {
    main_loop(iters - 1,n)
  }
}

def main(iters:i64,n:i64): i64{
  main_loop(iters, n)
}

INFO - got notification with method textDocument/didChange
INFO - loading text data Bool { True, False }

def divides_loop(divisor:i64, max:i64, curr:i64): i64{
    if curr >= max {
      True
    }else{
      if curr % divisor == 0{
        divi
      }
    }
}

def smallest_multiple(n:i64): i64{
}

def main_loop(iters:i64,n:i64): i64{
  let res:i64 = smallest_multiple(n);
  if iters == 1{
    println_i64(res);
    0
  }else {
    main_loop(iters - 1,n)
  }
}

def main(iters:i64,n:i64): i64{
  main_loop(iters, n)
}

INFO - got notification with method textDocument/didChange
INFO - loading text data Bool { True, False }

def divides_loop(divisor:i64, max:i64, curr:i64): i64{
    if curr >= max {
      True
    }else{
      if curr % divisor == 0{
        divis
      }
    }
}

def smallest_multiple(n:i64): i64{
}

def main_loop(iters:i64,n:i64): i64{
  let res:i64 = smallest_multiple(n);
  if iters == 1{
    println_i64(res);
    0
  }else {
    main_loop(iters - 1,n)
  }
}

def main(iters:i64,n:i64): i64{
  main_loop(iters, n)
}

INFO - got notification with method textDocument/didChange
INFO - loading text data Bool { True, False }

def divides_loop(divisor:i64, max:i64, curr:i64): i64{
    if curr >= max {
      True
    }else{
      if curr % divisor == 0{
        divisre
      }
    }
}

def smallest_multiple(n:i64): i64{
}

def main_loop(iters:i64,n:i64): i64{
  let res:i64 = smallest_multiple(n);
  if iters == 1{
    println_i64(res);
    0
  }else {
    main_loop(iters - 1,n)
  }
}

def main(iters:i64,n:i64): i64{
  main_loop(iters, n)
}

INFO - got notification with method textDocument/didChange
INFO - loading text data Bool { True, False }

def divides_loop(divisor:i64, max:i64, curr:i64): i64{
    if curr >= max {
      True
    }else{
      if curr % divisor == 0{
        divisr
      }
    }
}

def smallest_multiple(n:i64): i64{
}

def main_loop(iters:i64,n:i64): i64{
  let res:i64 = smallest_multiple(n);
  if iters == 1{
    println_i64(res);
    0
  }else {
    main_loop(iters - 1,n)
  }
}

def main(iters:i64,n:i64): i64{
  main_loop(iters, n)
}

INFO - got notification with method textDocument/didChange
INFO - loading text data Bool { True, False }

def divides_loop(divisor:i64, max:i64, curr:i64): i64{
    if curr >= max {
      True
    }else{
      if curr % divisor == 0{
        divis
      }
    }
}

def smallest_multiple(n:i64): i64{
}

def main_loop(iters:i64,n:i64): i64{
  let res:i64 = smallest_multiple(n);
  if iters == 1{
    println_i64(res);
    0
  }else {
    main_loop(iters - 1,n)
  }
}

def main(iters:i64,n:i64): i64{
  main_loop(iters, n)
}

INFO - got notification with method textDocument/didChange
INFO - loading text data Bool { True, False }

def divides_loop(divisor:i64, max:i64, curr:i64): i64{
    if curr >= max {
      True
    }else{
      if curr % divisor == 0{
        divi
      }
    }
}

def smallest_multiple(n:i64): i64{
}

def main_loop(iters:i64,n:i64): i64{
  let res:i64 = smallest_multiple(n);
  if iters == 1{
    println_i64(res);
    0
  }else {
    main_loop(iters - 1,n)
  }
}

def main(iters:i64,n:i64): i64{
  main_loop(iters, n)
}

INFO - got notification with method textDocument/didChange
INFO - loading text data Bool { True, False }

def divides_loop(divisor:i64, max:i64, curr:i64): i64{
    if curr >= max {
      True
    }else{
      if curr % divisor == 0{
        divid
      }
    }
}

def smallest_multiple(n:i64): i64{
}

def main_loop(iters:i64,n:i64): i64{
  let res:i64 = smallest_multiple(n);
  if iters == 1{
    println_i64(res);
    0
  }else {
    main_loop(iters - 1,n)
  }
}

def main(iters:i64,n:i64): i64{
  main_loop(iters, n)
}

INFO - got notification with method textDocument/didChange
INFO - loading text data Bool { True, False }

def divides_loop(divisor:i64, max:i64, curr:i64): i64{
    if curr >= max {
      True
    }else{
      if curr % divisor == 0{
        divides
      }
    }
}

def smallest_multiple(n:i64): i64{
}

def main_loop(iters:i64,n:i64): i64{
  let res:i64 = smallest_multiple(n);
  if iters == 1{
    println_i64(res);
    0
  }else {
    main_loop(iters - 1,n)
  }
}

def main(iters:i64,n:i64): i64{
  main_loop(iters, n)
}

INFO - got notification with method textDocument/didChange
INFO - loading text data Bool { True, False }

def divides_loop(divisor:i64, max:i64, curr:i64): i64{
    if curr >= max {
      True
    }else{
      if curr % divisor == 0{
        divides_
      }
    }
}

def smallest_multiple(n:i64): i64{
}

def main_loop(iters:i64,n:i64): i64{
  let res:i64 = smallest_multiple(n);
  if iters == 1{
    println_i64(res);
    0
  }else {
    main_loop(iters - 1,n)
  }
}

def main(iters:i64,n:i64): i64{
  main_loop(iters, n)
}

INFO - got notification with method textDocument/didChange
INFO - loading text data Bool { True, False }

def divides_loop(divisor:i64, max:i64, curr:i64): i64{
    if curr >= max {
      True
    }else{
      if curr % divisor == 0{
        divides_l
      }
    }
}

def smallest_multiple(n:i64): i64{
}

def main_loop(iters:i64,n:i64): i64{
  let res:i64 = smallest_multiple(n);
  if iters == 1{
    println_i64(res);
    0
  }else {
    main_loop(iters - 1,n)
  }
}

def main(iters:i64,n:i64): i64{
  main_loop(iters, n)
}

INFO - got notification with method textDocument/didChange
INFO - loading text data Bool { True, False }

def divides_loop(divisor:i64, max:i64, curr:i64): i64{
    if curr >= max {
      True
    }else{
      if curr % divisor == 0{
        divides_lo
      }
    }
}

def smallest_multiple(n:i64): i64{
}

def main_loop(iters:i64,n:i64): i64{
  let res:i64 = smallest_multiple(n);
  if iters == 1{
    println_i64(res);
    0
  }else {
    main_loop(iters - 1,n)
  }
}

def main(iters:i64,n:i64): i64{
  main_loop(iters, n)
}

INFO - got notification with method textDocument/didChange
INFO - loading text data Bool { True, False }

def divides_loop(divisor:i64, max:i64, curr:i64): i64{
    if curr >= max {
      True
    }else{
      if curr % divisor == 0{
        divides_loo
      }
    }
}

def smallest_multiple(n:i64): i64{
}

def main_loop(iters:i64,n:i64): i64{
  let res:i64 = smallest_multiple(n);
  if iters == 1{
    println_i64(res);
    0
  }else {
    main_loop(iters - 1,n)
  }
}

def main(iters:i64,n:i64): i64{
  main_loop(iters, n)
}

INFO - got notification with method textDocument/didChange
INFO - loading text data Bool { True, False }

def divides_loop(divisor:i64, max:i64, curr:i64): i64{
    if curr >= max {
      True
    }else{
      if curr % divisor == 0{
        divides_loop
      }
    }
}

def smallest_multiple(n:i64): i64{
}

def main_loop(iters:i64,n:i64): i64{
  let res:i64 = smallest_multiple(n);
  if iters == 1{
    println_i64(res);
    0
  }else {
    main_loop(iters - 1,n)
  }
}

def main(iters:i64,n:i64): i64{
  main_loop(iters, n)
}

INFO - got notification with method textDocument/didChange
INFO - loading text data Bool { True, False }

def divides_loop(divisor:i64, max:i64, curr:i64): i64{
    if curr >= max {
      True
    }else{
      if curr % divisor == 0{
        divides_loop(
      }
    }
}

def smallest_multiple(n:i64): i64{
}

def main_loop(iters:i64,n:i64): i64{
  let res:i64 = smallest_multiple(n);
  if iters == 1{
    println_i64(res);
    0
  }else {
    main_loop(iters - 1,n)
  }
}

def main(iters:i64,n:i64): i64{
  main_loop(iters, n)
}

INFO - got notification with method textDocument/didChange
INFO - loading text data Bool { True, False }

def divides_loop(divisor:i64, max:i64, curr:i64): i64{
    if curr >= max {
      True
    }else{
      if curr % divisor == 0{
        divides_loop(d
      }
    }
}

def smallest_multiple(n:i64): i64{
}

def main_loop(iters:i64,n:i64): i64{
  let res:i64 = smallest_multiple(n);
  if iters == 1{
    println_i64(res);
    0
  }else {
    main_loop(iters - 1,n)
  }
}

def main(iters:i64,n:i64): i64{
  main_loop(iters, n)
}

INFO - got notification with method textDocument/didChange
INFO - loading text data Bool { True, False }

def divides_loop(divisor:i64, max:i64, curr:i64): i64{
    if curr >= max {
      True
    }else{
      if curr % divisor == 0{
        divides_loop(di
      }
    }
}

def smallest_multiple(n:i64): i64{
}

def main_loop(iters:i64,n:i64): i64{
  let res:i64 = smallest_multiple(n);
  if iters == 1{
    println_i64(res);
    0
  }else {
    main_loop(iters - 1,n)
  }
}

def main(iters:i64,n:i64): i64{
  main_loop(iters, n)
}

INFO - got notification with method textDocument/didChange
INFO - loading text data Bool { True, False }

def divides_loop(divisor:i64, max:i64, curr:i64): i64{
    if curr >= max {
      True
    }else{
      if curr % divisor == 0{
        divides_loop(divi
      }
    }
}

def smallest_multiple(n:i64): i64{
}

def main_loop(iters:i64,n:i64): i64{
  let res:i64 = smallest_multiple(n);
  if iters == 1{
    println_i64(res);
    0
  }else {
    main_loop(iters - 1,n)
  }
}

def main(iters:i64,n:i64): i64{
  main_loop(iters, n)
}

INFO - got notification with method textDocument/didChange
INFO - loading text data Bool { True, False }

def divides_loop(divisor:i64, max:i64, curr:i64): i64{
    if curr >= max {
      True
    }else{
      if curr % divisor == 0{
        divides_loop(divis
      }
    }
}

def smallest_multiple(n:i64): i64{
}

def main_loop(iters:i64,n:i64): i64{
  let res:i64 = smallest_multiple(n);
  if iters == 1{
    println_i64(res);
    0
  }else {
    main_loop(iters - 1,n)
  }
}

def main(iters:i64,n:i64): i64{
  main_loop(iters, n)
}

INFO - got notification with method textDocument/didChange
INFO - loading text data Bool { True, False }

def divides_loop(divisor:i64, max:i64, curr:i64): i64{
    if curr >= max {
      True
    }else{
      if curr % divisor == 0{
        divides_loop(divisor
      }
    }
}

def smallest_multiple(n:i64): i64{
}

def main_loop(iters:i64,n:i64): i64{
  let res:i64 = smallest_multiple(n);
  if iters == 1{
    println_i64(res);
    0
  }else {
    main_loop(iters - 1,n)
  }
}

def main(iters:i64,n:i64): i64{
  main_loop(iters, n)
}

INFO - got notification with method textDocument/didChange
INFO - loading text data Bool { True, False }

def divides_loop(divisor:i64, max:i64, curr:i64): i64{
    if curr >= max {
      True
    }else{
      if curr % divisor == 0{
        divides_loop(divisor,
      }
    }
}

def smallest_multiple(n:i64): i64{
}

def main_loop(iters:i64,n:i64): i64{
  let res:i64 = smallest_multiple(n);
  if iters == 1{
    println_i64(res);
    0
  }else {
    main_loop(iters - 1,n)
  }
}

def main(iters:i64,n:i64): i64{
  main_loop(iters, n)
}

INFO - got notification with method textDocument/didChange
INFO - loading text data Bool { True, False }

def divides_loop(divisor:i64, max:i64, curr:i64): i64{
    if curr >= max {
      True
    }else{
      if curr % divisor == 0{
        divides_loop(divisor,m
      }
    }
}

def smallest_multiple(n:i64): i64{
}

def main_loop(iters:i64,n:i64): i64{
  let res:i64 = smallest_multiple(n);
  if iters == 1{
    println_i64(res);
    0
  }else {
    main_loop(iters - 1,n)
  }
}

def main(iters:i64,n:i64): i64{
  main_loop(iters, n)
}

INFO - got notification with method textDocument/didChange
INFO - loading text data Bool { True, False }

def divides_loop(divisor:i64, max:i64, curr:i64): i64{
    if curr >= max {
      True
    }else{
      if curr % divisor == 0{
        divides_loop(divisor,max
      }
    }
}

def smallest_multiple(n:i64): i64{
}

def main_loop(iters:i64,n:i64): i64{
  let res:i64 = smallest_multiple(n);
  if iters == 1{
    println_i64(res);
    0
  }else {
    main_loop(iters - 1,n)
  }
}

def main(iters:i64,n:i64): i64{
  main_loop(iters, n)
}

INFO - got notification with method textDocument/didChange
INFO - loading text data Bool { True, False }

def divides_loop(divisor:i64, max:i64, curr:i64): i64{
    if curr >= max {
      True
    }else{
      if curr % divisor == 0{
        divides_loop(divisor,max,
      }
    }
}

def smallest_multiple(n:i64): i64{
}

def main_loop(iters:i64,n:i64): i64{
  let res:i64 = smallest_multiple(n);
  if iters == 1{
    println_i64(res);
    0
  }else {
    main_loop(iters - 1,n)
  }
}

def main(iters:i64,n:i64): i64{
  main_loop(iters, n)
}

INFO - got notification with method textDocument/didChange
INFO - loading text data Bool { True, False }

def divides_loop(divisor:i64, max:i64, curr:i64): i64{
    if curr >= max {
      True
    }else{
      if curr % divisor == 0{
        divides_loop(divisor,max,c
      }
    }
}

def smallest_multiple(n:i64): i64{
}

def main_loop(iters:i64,n:i64): i64{
  let res:i64 = smallest_multiple(n);
  if iters == 1{
    println_i64(res);
    0
  }else {
    main_loop(iters - 1,n)
  }
}

def main(iters:i64,n:i64): i64{
  main_loop(iters, n)
}

INFO - got notification with method textDocument/didChange
INFO - loading text data Bool { True, False }

def divides_loop(divisor:i64, max:i64, curr:i64): i64{
    if curr >= max {
      True
    }else{
      if curr % divisor == 0{
        divides_loop(divisor,max,cu
      }
    }
}

def smallest_multiple(n:i64): i64{
}

def main_loop(iters:i64,n:i64): i64{
  let res:i64 = smallest_multiple(n);
  if iters == 1{
    println_i64(res);
    0
  }else {
    main_loop(iters - 1,n)
  }
}

def main(iters:i64,n:i64): i64{
  main_loop(iters, n)
}

INFO - got notification with method textDocument/didChange
INFO - loading text data Bool { True, False }

def divides_loop(divisor:i64, max:i64, curr:i64): i64{
    if curr >= max {
      True
    }else{
      if curr % divisor == 0{
        divides_loop(divisor,max,curr
      }
    }
}

def smallest_multiple(n:i64): i64{
}

def main_loop(iters:i64,n:i64): i64{
  let res:i64 = smallest_multiple(n);
  if iters == 1{
    println_i64(res);
    0
  }else {
    main_loop(iters - 1,n)
  }
}

def main(iters:i64,n:i64): i64{
  main_loop(iters, n)
}

INFO - got notification with method textDocument/didChange
INFO - loading text data Bool { True, False }

def divides_loop(divisor:i64, max:i64, curr:i64): i64{
    if curr >= max {
      True
    }else{
      if curr % divisor == 0{
        divides_loop(divisor,max,curr 
      }
    }
}

def smallest_multiple(n:i64): i64{
}

def main_loop(iters:i64,n:i64): i64{
  let res:i64 = smallest_multiple(n);
  if iters == 1{
    println_i64(res);
    0
  }else {
    main_loop(iters - 1,n)
  }
}

def main(iters:i64,n:i64): i64{
  main_loop(iters, n)
}

INFO - got notification with method textDocument/didChange
INFO - loading text data Bool { True, False }

def divides_loop(divisor:i64, max:i64, curr:i64): i64{
    if curr >= max {
      True
    }else{
      if curr % divisor == 0{
        divides_loop(divisor,max,curr +
      }
    }
}

def smallest_multiple(n:i64): i64{
}

def main_loop(iters:i64,n:i64): i64{
  let res:i64 = smallest_multiple(n);
  if iters == 1{
    println_i64(res);
    0
  }else {
    main_loop(iters - 1,n)
  }
}

def main(iters:i64,n:i64): i64{
  main_loop(iters, n)
}

INFO - got notification with method textDocument/didChange
INFO - loading text data Bool { True, False }

def divides_loop(divisor:i64, max:i64, curr:i64): i64{
    if curr >= max {
      True
    }else{
      if curr % divisor == 0{
        divides_loop(divisor,max,curr + 
      }
    }
}

def smallest_multiple(n:i64): i64{
}

def main_loop(iters:i64,n:i64): i64{
  let res:i64 = smallest_multiple(n);
  if iters == 1{
    println_i64(res);
    0
  }else {
    main_loop(iters - 1,n)
  }
}

def main(iters:i64,n:i64): i64{
  main_loop(iters, n)
}

INFO - got notification with method textDocument/didChange
INFO - loading text data Bool { True, False }

def divides_loop(divisor:i64, max:i64, curr:i64): i64{
    if curr >= max {
      True
    }else{
      if curr % divisor == 0{
        divides_loop(divisor,max,curr + 1
      }
    }
}

def smallest_multiple(n:i64): i64{
}

def main_loop(iters:i64,n:i64): i64{
  let res:i64 = smallest_multiple(n);
  if iters == 1{
    println_i64(res);
    0
  }else {
    main_loop(iters - 1,n)
  }
}

def main(iters:i64,n:i64): i64{
  main_loop(iters, n)
}

INFO - got notification with method textDocument/didChange
INFO - loading text data Bool { True, False }

def divides_loop(divisor:i64, max:i64, curr:i64): i64{
    if curr >= max {
      True
    }else{
      if curr % divisor == 0{
        divides_loop(divisor,max,curr + 1)
      }
    }
}

def smallest_multiple(n:i64): i64{
}

def main_loop(iters:i64,n:i64): i64{
  let res:i64 = smallest_multiple(n);
  if iters == 1{
    println_i64(res);
    0
  }else {
    main_loop(iters - 1,n)
  }
}

def main(iters:i64,n:i64): i64{
  main_loop(iters, n)
}

INFO - got notification with method textDocument/didChange
INFO - loading text data Bool { True, False }

def divides_loop(divisor:i64, max:i64, curr:i64): i64{
    if curr >= max {
      True
    }else{
      if curr % divisor == 0{
        divides_loop(divisor,max,curr + 1)
      }e
    }
}

def smallest_multiple(n:i64): i64{
}

def main_loop(iters:i64,n:i64): i64{
  let res:i64 = smallest_multiple(n);
  if iters == 1{
    println_i64(res);
    0
  }else {
    main_loop(iters - 1,n)
  }
}

def main(iters:i64,n:i64): i64{
  main_loop(iters, n)
}

INFO - got notification with method textDocument/didChange
INFO - loading text data Bool { True, False }

def divides_loop(divisor:i64, max:i64, curr:i64): i64{
    if curr >= max {
      True
    }else{
      if curr % divisor == 0{
        divides_loop(divisor,max,curr + 1)
      }el
    }
}

def smallest_multiple(n:i64): i64{
}

def main_loop(iters:i64,n:i64): i64{
  let res:i64 = smallest_multiple(n);
  if iters == 1{
    println_i64(res);
    0
  }else {
    main_loop(iters - 1,n)
  }
}

def main(iters:i64,n:i64): i64{
  main_loop(iters, n)
}

INFO - got notification with method textDocument/didChange
INFO - loading text data Bool { True, False }

def divides_loop(divisor:i64, max:i64, curr:i64): i64{
    if curr >= max {
      True
    }else{
      if curr % divisor == 0{
        divides_loop(divisor,max,curr + 1)
      }ele
    }
}

def smallest_multiple(n:i64): i64{
}

def main_loop(iters:i64,n:i64): i64{
  let res:i64 = smallest_multiple(n);
  if iters == 1{
    println_i64(res);
    0
  }else {
    main_loop(iters - 1,n)
  }
}

def main(iters:i64,n:i64): i64{
  main_loop(iters, n)
}

INFO - got notification with method textDocument/didChange
INFO - loading text data Bool { True, False }

def divides_loop(divisor:i64, max:i64, curr:i64): i64{
    if curr >= max {
      True
    }else{
      if curr % divisor == 0{
        divides_loop(divisor,max,curr + 1)
      }el
    }
}

def smallest_multiple(n:i64): i64{
}

def main_loop(iters:i64,n:i64): i64{
  let res:i64 = smallest_multiple(n);
  if iters == 1{
    println_i64(res);
    0
  }else {
    main_loop(iters - 1,n)
  }
}

def main(iters:i64,n:i64): i64{
  main_loop(iters, n)
}

INFO - got notification with method textDocument/didChange
INFO - loading text data Bool { True, False }

def divides_loop(divisor:i64, max:i64, curr:i64): i64{
    if curr >= max {
      True
    }else{
      if curr % divisor == 0{
        divides_loop(divisor,max,curr + 1)
      }else
    }
}

def smallest_multiple(n:i64): i64{
}

def main_loop(iters:i64,n:i64): i64{
  let res:i64 = smallest_multiple(n);
  if iters == 1{
    println_i64(res);
    0
  }else {
    main_loop(iters - 1,n)
  }
}

def main(iters:i64,n:i64): i64{
  main_loop(iters, n)
}

INFO - got notification with method textDocument/didChange
INFO - loading text data Bool { True, False }

def divides_loop(divisor:i64, max:i64, curr:i64): i64{
    if curr >= max {
      True
    }else{
      if curr % divisor == 0{
        divides_loop(divisor,max,curr + 1)
      }else{
    }
}

def smallest_multiple(n:i64): i64{
}

def main_loop(iters:i64,n:i64): i64{
  let res:i64 = smallest_multiple(n);
  if iters == 1{
    println_i64(res);
    0
  }else {
    main_loop(iters - 1,n)
  }
}

def main(iters:i64,n:i64): i64{
  main_loop(iters, n)
}

INFO - got notification with method textDocument/didChange
INFO - loading text data Bool { True, False }

def divides_loop(divisor:i64, max:i64, curr:i64): i64{
    if curr >= max {
      True
    }else{
      if curr % divisor == 0{
        divides_loop(divisor,max,curr + 1)
      }else{
      
    }
}

def smallest_multiple(n:i64): i64{
}

def main_loop(iters:i64,n:i64): i64{
  let res:i64 = smallest_multiple(n);
  if iters == 1{
    println_i64(res);
    0
  }else {
    main_loop(iters - 1,n)
  }
}

def main(iters:i64,n:i64): i64{
  main_loop(iters, n)
}

INFO - got notification with method textDocument/didChange
INFO - loading text data Bool { True, False }

def divides_loop(divisor:i64, max:i64, curr:i64): i64{
    if curr >= max {
      True
    }else{
      if curr % divisor == 0{
        divides_loop(divisor,max,curr + 1)
      }else{
      }
    }
}

def smallest_multiple(n:i64): i64{
}

def main_loop(iters:i64,n:i64): i64{
  let res:i64 = smallest_multiple(n);
  if iters == 1{
    println_i64(res);
    0
  }else {
    main_loop(iters - 1,n)
  }
}

def main(iters:i64,n:i64): i64{
  main_loop(iters, n)
}

INFO - got notification with method textDocument/didChange
INFO - loading text data Bool { True, False }

def divides_loop(divisor:i64, max:i64, curr:i64): i64{
    if curr >= max {
      True
    }else{
      if curr % divisor == 0{
        divides_loop(divisor,max,curr + 1)
      }else{
      
      }
    }
}

def smallest_multiple(n:i64): i64{
}

def main_loop(iters:i64,n:i64): i64{
  let res:i64 = smallest_multiple(n);
  if iters == 1{
    println_i64(res);
    0
  }else {
    main_loop(iters - 1,n)
  }
}

def main(iters:i64,n:i64): i64{
  main_loop(iters, n)
}

INFO - got notification with method textDocument/didChange
INFO - loading text data Bool { True, False }

def divides_loop(divisor:i64, max:i64, curr:i64): i64{
    if curr >= max {
      True
    }else{
      if curr % divisor == 0{
        divides_loop(divisor,max,curr + 1)
      }else{
      F
      }
    }
}

def smallest_multiple(n:i64): i64{
}

def main_loop(iters:i64,n:i64): i64{
  let res:i64 = smallest_multiple(n);
  if iters == 1{
    println_i64(res);
    0
  }else {
    main_loop(iters - 1,n)
  }
}

def main(iters:i64,n:i64): i64{
  main_loop(iters, n)
}

INFO - got notification with method textDocument/didChange
INFO - loading text data Bool { True, False }

def divides_loop(divisor:i64, max:i64, curr:i64): i64{
    if curr >= max {
      True
    }else{
      if curr % divisor == 0{
        divides_loop(divisor,max,curr + 1)
      }else{
      
      }
    }
}

def smallest_multiple(n:i64): i64{
}

def main_loop(iters:i64,n:i64): i64{
  let res:i64 = smallest_multiple(n);
  if iters == 1{
    println_i64(res);
    0
  }else {
    main_loop(iters - 1,n)
  }
}

def main(iters:i64,n:i64): i64{
  main_loop(iters, n)
}

INFO - got notification with method textDocument/didChange
INFO - loading text data Bool { True, False }

def divides_loop(divisor:i64, max:i64, curr:i64): i64{
    if curr >= max {
      True
    }else{
      if curr % divisor == 0{
        divides_loop(divisor,max,curr + 1)
      }else{
        
      }
    }
}

def smallest_multiple(n:i64): i64{
}

def main_loop(iters:i64,n:i64): i64{
  let res:i64 = smallest_multiple(n);
  if iters == 1{
    println_i64(res);
    0
  }else {
    main_loop(iters - 1,n)
  }
}

def main(iters:i64,n:i64): i64{
  main_loop(iters, n)
}

INFO - got notification with method textDocument/didChange
INFO - loading text data Bool { True, False }

def divides_loop(divisor:i64, max:i64, curr:i64): i64{
    if curr >= max {
      True
    }else{
      if curr % divisor == 0{
        divides_loop(divisor,max,curr + 1)
      }else{
        F
      }
    }
}

def smallest_multiple(n:i64): i64{
}

def main_loop(iters:i64,n:i64): i64{
  let res:i64 = smallest_multiple(n);
  if iters == 1{
    println_i64(res);
    0
  }else {
    main_loop(iters - 1,n)
  }
}

def main(iters:i64,n:i64): i64{
  main_loop(iters, n)
}

INFO - got notification with method textDocument/didChange
INFO - loading text data Bool { True, False }

def divides_loop(divisor:i64, max:i64, curr:i64): i64{
    if curr >= max {
      True
    }else{
      if curr % divisor == 0{
        divides_loop(divisor,max,curr + 1)
      }else{
        Fa
      }
    }
}

def smallest_multiple(n:i64): i64{
}

def main_loop(iters:i64,n:i64): i64{
  let res:i64 = smallest_multiple(n);
  if iters == 1{
    println_i64(res);
    0
  }else {
    main_loop(iters - 1,n)
  }
}

def main(iters:i64,n:i64): i64{
  main_loop(iters, n)
}

INFO - got notification with method textDocument/didChange
INFO - loading text data Bool { True, False }

def divides_loop(divisor:i64, max:i64, curr:i64): i64{
    if curr >= max {
      True
    }else{
      if curr % divisor == 0{
        divides_loop(divisor,max,curr + 1)
      }else{
        Fals
      }
    }
}

def smallest_multiple(n:i64): i64{
}

def main_loop(iters:i64,n:i64): i64{
  let res:i64 = smallest_multiple(n);
  if iters == 1{
    println_i64(res);
    0
  }else {
    main_loop(iters - 1,n)
  }
}

def main(iters:i64,n:i64): i64{
  main_loop(iters, n)
}

INFO - got notification with method textDocument/didChange
INFO - loading text data Bool { True, False }

def divides_loop(divisor:i64, max:i64, curr:i64): i64{
    if curr >= max {
      True
    }else{
      if curr % divisor == 0{
        divides_loop(divisor,max,curr + 1)
      }else{
        False
      }
    }
}

def smallest_multiple(n:i64): i64{
}

def main_loop(iters:i64,n:i64): i64{
  let res:i64 = smallest_multiple(n);
  if iters == 1{
    println_i64(res);
    0
  }else {
    main_loop(iters - 1,n)
  }
}

def main(iters:i64,n:i64): i64{
  main_loop(iters, n)
}

INFO - got notification with method textDocument/didChange
INFO - loading text data Bool { True, False }

def divides_loop(divisor:i64, max:i64, curr:i64): i64{
    if curr >= max {
      True
    }else{
      if curr % divisor == 0{
        divides_loop(divisor,max,curr + 1)
      }else{
        False
      }
    }
}

def smallest_multiple(n:i64): i64{

}

def main_loop(iters:i64,n:i64): i64{
  let res:i64 = smallest_multiple(n);
  if iters == 1{
    println_i64(res);
    0
  }else {
    main_loop(iters - 1,n)
  }
}

def main(iters:i64,n:i64): i64{
  main_loop(iters, n)
}

INFO - got notification with method textDocument/didChange
INFO - loading text data Bool { True, False }

def divides_loop(divisor:i64, max:i64, curr:i64): i64{
    if curr >= max {
      True
    }else{
      if curr % divisor == 0{
        divides_loop(divisor,max,curr + 1)
      }else{
        False
      }
    }
}

def smallest_multiple(n:i64): i64{
 
}

def main_loop(iters:i64,n:i64): i64{
  let res:i64 = smallest_multiple(n);
  if iters == 1{
    println_i64(res);
    0
  }else {
    main_loop(iters - 1,n)
  }
}

def main(iters:i64,n:i64): i64{
  main_loop(iters, n)
}

INFO - got notification with method textDocument/didChange
INFO - loading text data Bool { True, False }

def divides_loop(divisor:i64, max:i64, curr:i64): i64{
    if curr >= max {
      True
    }else{
      if curr % divisor == 0{
        divides_loop(divisor,max,curr + 1)
      }else{
        False
      }
    }
}

def smallest_multiple(n:i64): i64{
  
}

def main_loop(iters:i64,n:i64): i64{
  let res:i64 = smallest_multiple(n);
  if iters == 1{
    println_i64(res);
    0
  }else {
    main_loop(iters - 1,n)
  }
}

def main(iters:i64,n:i64): i64{
  main_loop(iters, n)
}

INFO - got notification with method textDocument/didChange
INFO - loading text data Bool { True, False }

def divides_loop(divisor:i64, max:i64, curr:i64): i64{
    if curr >= max {
      True
    }else{
      if curr % divisor == 0{
        divides_loop(divisor,max,curr + 1)
      }else{
        False
      }
    }
}

def smallest_multiple(n:i64): i64{
 
}

def main_loop(iters:i64,n:i64): i64{
  let res:i64 = smallest_multiple(n);
  if iters == 1{
    println_i64(res);
    0
  }else {
    main_loop(iters - 1,n)
  }
}

def main(iters:i64,n:i64): i64{
  main_loop(iters, n)
}

INFO - got notification with method textDocument/didChange
INFO - loading text data Bool { True, False }

def divides_loop(divisor:i64, max:i64, curr:i64): i64{
    if curr >= max {
      True
    }else{
      if curr % divisor == 0{
        divides_loop(divisor,max,curr + 1)
      }else{
        False
      }
    }
}

def smallest_multiple(n:i64): i64{
}

def main_loop(iters:i64,n:i64): i64{
  let res:i64 = smallest_multiple(n);
  if iters == 1{
    println_i64(res);
    0
  }else {
    main_loop(iters - 1,n)
  }
}

def main(iters:i64,n:i64): i64{
  main_loop(iters, n)
}

INFO - got notification with method textDocument/didChange
INFO - loading text data Bool { True, False }

def divides_loop(divisor:i64, max:i64, curr:i64): i64{
    if curr >= max {
      True
    }else{
      if curr % divisor == 0{
        divides_loop(divisor,max,curr + 1)
      }else{
        False
      }
    }
}

def smallest_multiple(n:i64): i64{

}

def main_loop(iters:i64,n:i64): i64{
  let res:i64 = smallest_multiple(n);
  if iters == 1{
    println_i64(res);
    0
  }else {
    main_loop(iters - 1,n)
  }
}

def main(iters:i64,n:i64): i64{
  main_loop(iters, n)
}

INFO - got notification with method textDocument/didChange
INFO - loading text data Bool { True, False }

def divides_loop(divisor:i64, max:i64, curr:i64): i64{
    if curr >= max {
      True
    }else{
      if curr % divisor == 0{
        divides_loop(divisor,max,curr + 1)
      }else{
        False
      }
    }
}

def smallest_multiple(n:i64): i64{
  
}

def main_loop(iters:i64,n:i64): i64{
  let res:i64 = smallest_multiple(n);
  if iters == 1{
    println_i64(res);
    0
  }else {
    main_loop(iters - 1,n)
  }
}

def main(iters:i64,n:i64): i64{
  main_loop(iters, n)
}

INFO - got notification with method textDocument/didChange
INFO - loading text data Bool { True, False }

def divides_loop(divisor:i64, max:i64, curr:i64): i64{
    if curr >= max {
      True
    }else{
      if curr % divisor == 0{
        divides_loop(divisor,max,curr + 1)
      }else{
        False
      }
    }
}

def smallest_multiple(n:i64): i64{
  d
}

def main_loop(iters:i64,n:i64): i64{
  let res:i64 = smallest_multiple(n);
  if iters == 1{
    println_i64(res);
    0
  }else {
    main_loop(iters - 1,n)
  }
}

def main(iters:i64,n:i64): i64{
  main_loop(iters, n)
}

INFO - got notification with method textDocument/didChange
INFO - loading text data Bool { True, False }

def divides_loop(divisor:i64, max:i64, curr:i64): i64{
    if curr >= max {
      True
    }else{
      if curr % divisor == 0{
        divides_loop(divisor,max,curr + 1)
      }else{
        False
      }
    }
}

def smallest_multiple(n:i64): i64{
  de
}

def main_loop(iters:i64,n:i64): i64{
  let res:i64 = smallest_multiple(n);
  if iters == 1{
    println_i64(res);
    0
  }else {
    main_loop(iters - 1,n)
  }
}

def main(iters:i64,n:i64): i64{
  main_loop(iters, n)
}

INFO - got notification with method textDocument/didChange
INFO - loading text data Bool { True, False }

def divides_loop(divisor:i64, max:i64, curr:i64): i64{
    if curr >= max {
      True
    }else{
      if curr % divisor == 0{
        divides_loop(divisor,max,curr + 1)
      }else{
        False
      }
    }
}

def smallest_multiple(n:i64): i64{
  def 
}

def main_loop(iters:i64,n:i64): i64{
  let res:i64 = smallest_multiple(n);
  if iters == 1{
    println_i64(res);
    0
  }else {
    main_loop(iters - 1,n)
  }
}

def main(iters:i64,n:i64): i64{
  main_loop(iters, n)
}

INFO - got notification with method textDocument/didChange
INFO - loading text data Bool { True, False }

def divides_loop(divisor:i64, max:i64, curr:i64): i64{
    if curr >= max {
      True
    }else{
      if curr % divisor == 0{
        divides_loop(divisor,max,curr + 1)
      }else{
        False
      }
    }
}

def smallest_multiple(n:i64): i64{
  def
}

def main_loop(iters:i64,n:i64): i64{
  let res:i64 = smallest_multiple(n);
  if iters == 1{
    println_i64(res);
    0
  }else {
    main_loop(iters - 1,n)
  }
}

def main(iters:i64,n:i64): i64{
  main_loop(iters, n)
}

INFO - got notification with method textDocument/didChange
INFO - loading text data Bool { True, False }

def divides_loop(divisor:i64, max:i64, curr:i64): i64{
    if curr >= max {
      True
    }else{
      if curr % divisor == 0{
        divides_loop(divisor,max,curr + 1)
      }else{
        False
      }
    }
}

def smallest_multiple(n:i64): i64{
  
}

def main_loop(iters:i64,n:i64): i64{
  let res:i64 = smallest_multiple(n);
  if iters == 1{
    println_i64(res);
    0
  }else {
    main_loop(iters - 1,n)
  }
}

def main(iters:i64,n:i64): i64{
  main_loop(iters, n)
}

INFO - got notification with method textDocument/didChange
INFO - loading text data Bool { True, False }

def divides_loop(divisor:i64, max:i64, curr:i64): i64{
    if curr >= max {
      True
    }else{
      if curr % divisor == 0{
        divides_loop(divisor,max,curr + 1)
      }else{
        False
      }
    }
}

def smallest_multiple(n:i64): i64{
  sm
}

def main_loop(iters:i64,n:i64): i64{
  let res:i64 = smallest_multiple(n);
  if iters == 1{
    println_i64(res);
    0
  }else {
    main_loop(iters - 1,n)
  }
}

def main(iters:i64,n:i64): i64{
  main_loop(iters, n)
}

INFO - got notification with method textDocument/didChange
INFO - loading text data Bool { True, False }

def divides_loop(divisor:i64, max:i64, curr:i64): i64{
    if curr >= max {
      True
    }else{
      if curr % divisor == 0{
        divides_loop(divisor,max,curr + 1)
      }else{
        False
      }
    }
}

def smallest_multiple(n:i64): i64{
  sma
}

def main_loop(iters:i64,n:i64): i64{
  let res:i64 = smallest_multiple(n);
  if iters == 1{
    println_i64(res);
    0
  }else {
    main_loop(iters - 1,n)
  }
}

def main(iters:i64,n:i64): i64{
  main_loop(iters, n)
}

INFO - got notification with method textDocument/didChange
INFO - loading text data Bool { True, False }

def divides_loop(divisor:i64, max:i64, curr:i64): i64{
    if curr >= max {
      True
    }else{
      if curr % divisor == 0{
        divides_loop(divisor,max,curr + 1)
      }else{
        False
      }
    }
}

def smallest_multiple(n:i64): i64{
  small
}

def main_loop(iters:i64,n:i64): i64{
  let res:i64 = smallest_multiple(n);
  if iters == 1{
    println_i64(res);
    0
  }else {
    main_loop(iters - 1,n)
  }
}

def main(iters:i64,n:i64): i64{
  main_loop(iters, n)
}

INFO - got notification with method textDocument/didChange
INFO - loading text data Bool { True, False }

def divides_loop(divisor:i64, max:i64, curr:i64): i64{
    if curr >= max {
      True
    }else{
      if curr % divisor == 0{
        divides_loop(divisor,max,curr + 1)
      }else{
        False
      }
    }
}

def smallest_multiple(n:i64): i64{
  smalles
}

def main_loop(iters:i64,n:i64): i64{
  let res:i64 = smallest_multiple(n);
  if iters == 1{
    println_i64(res);
    0
  }else {
    main_loop(iters - 1,n)
  }
}

def main(iters:i64,n:i64): i64{
  main_loop(iters, n)
}

INFO - got notification with method textDocument/didChange
INFO - loading text data Bool { True, False }

def divides_loop(divisor:i64, max:i64, curr:i64): i64{
    if curr >= max {
      True
    }else{
      if curr % divisor == 0{
        divides_loop(divisor,max,curr + 1)
      }else{
        False
      }
    }
}

def smallest_multiple(n:i64): i64{
  smallest
}

def main_loop(iters:i64,n:i64): i64{
  let res:i64 = smallest_multiple(n);
  if iters == 1{
    println_i64(res);
    0
  }else {
    main_loop(iters - 1,n)
  }
}

def main(iters:i64,n:i64): i64{
  main_loop(iters, n)
}

INFO - got notification with method textDocument/didChange
INFO - loading text data Bool { True, False }

def divides_loop(divisor:i64, max:i64, curr:i64): i64{
    if curr >= max {
      True
    }else{
      if curr % divisor == 0{
        divides_loop(divisor,max,curr + 1)
      }else{
        False
      }
    }
}

def smallest_multiple(n:i64): i64{
  smallest_
}

def main_loop(iters:i64,n:i64): i64{
  let res:i64 = smallest_multiple(n);
  if iters == 1{
    println_i64(res);
    0
  }else {
    main_loop(iters - 1,n)
  }
}

def main(iters:i64,n:i64): i64{
  main_loop(iters, n)
}

INFO - got notification with method textDocument/didChange
INFO - loading text data Bool { True, False }

def divides_loop(divisor:i64, max:i64, curr:i64): i64{
    if curr >= max {
      True
    }else{
      if curr % divisor == 0{
        divides_loop(divisor,max,curr + 1)
      }else{
        False
      }
    }
}

def smallest_multiple(n:i64): i64{
  smallest_m
}

def main_loop(iters:i64,n:i64): i64{
  let res:i64 = smallest_multiple(n);
  if iters == 1{
    println_i64(res);
    0
  }else {
    main_loop(iters - 1,n)
  }
}

def main(iters:i64,n:i64): i64{
  main_loop(iters, n)
}

INFO - got notification with method textDocument/didChange
INFO - loading text data Bool { True, False }

def divides_loop(divisor:i64, max:i64, curr:i64): i64{
    if curr >= max {
      True
    }else{
      if curr % divisor == 0{
        divides_loop(divisor,max,curr + 1)
      }else{
        False
      }
    }
}

def smallest_multiple(n:i64): i64{
  smallest_mu
}

def main_loop(iters:i64,n:i64): i64{
  let res:i64 = smallest_multiple(n);
  if iters == 1{
    println_i64(res);
    0
  }else {
    main_loop(iters - 1,n)
  }
}

def main(iters:i64,n:i64): i64{
  main_loop(iters, n)
}

INFO - got notification with method textDocument/didChange
INFO - loading text data Bool { True, False }

def divides_loop(divisor:i64, max:i64, curr:i64): i64{
    if curr >= max {
      True
    }else{
      if curr % divisor == 0{
        divides_loop(divisor,max,curr + 1)
      }else{
        False
      }
    }
}

def smallest_multiple(n:i64): i64{
  smallest_mul
}

def main_loop(iters:i64,n:i64): i64{
  let res:i64 = smallest_multiple(n);
  if iters == 1{
    println_i64(res);
    0
  }else {
    main_loop(iters - 1,n)
  }
}

def main(iters:i64,n:i64): i64{
  main_loop(iters, n)
}

INFO - got notification with method textDocument/didChange
INFO - loading text data Bool { True, False }

def divides_loop(divisor:i64, max:i64, curr:i64): i64{
    if curr >= max {
      True
    }else{
      if curr % divisor == 0{
        divides_loop(divisor,max,curr + 1)
      }else{
        False
      }
    }
}

def smallest_multiple(n:i64): i64{
  smallest_multi
}

def main_loop(iters:i64,n:i64): i64{
  let res:i64 = smallest_multiple(n);
  if iters == 1{
    println_i64(res);
    0
  }else {
    main_loop(iters - 1,n)
  }
}

def main(iters:i64,n:i64): i64{
  main_loop(iters, n)
}

INFO - got notification with method textDocument/didChange
INFO - loading text data Bool { True, False }

def divides_loop(divisor:i64, max:i64, curr:i64): i64{
    if curr >= max {
      True
    }else{
      if curr % divisor == 0{
        divides_loop(divisor,max,curr + 1)
      }else{
        False
      }
    }
}

def smallest_multiple(n:i64): i64{
  smallest_multip
}

def main_loop(iters:i64,n:i64): i64{
  let res:i64 = smallest_multiple(n);
  if iters == 1{
    println_i64(res);
    0
  }else {
    main_loop(iters - 1,n)
  }
}

def main(iters:i64,n:i64): i64{
  main_loop(iters, n)
}

INFO - got notification with method textDocument/didChange
INFO - loading text data Bool { True, False }

def divides_loop(divisor:i64, max:i64, curr:i64): i64{
    if curr >= max {
      True
    }else{
      if curr % divisor == 0{
        divides_loop(divisor,max,curr + 1)
      }else{
        False
      }
    }
}

def smallest_multiple(n:i64): i64{
  smallest_multiple
}

def main_loop(iters:i64,n:i64): i64{
  let res:i64 = smallest_multiple(n);
  if iters == 1{
    println_i64(res);
    0
  }else {
    main_loop(iters - 1,n)
  }
}

def main(iters:i64,n:i64): i64{
  main_loop(iters, n)
}

INFO - got notification with method textDocument/didChange
INFO - loading text data Bool { True, False }

def divides_loop(divisor:i64, max:i64, curr:i64): i64{
    if curr >= max {
      True
    }else{
      if curr % divisor == 0{
        divides_loop(divisor,max,curr + 1)
      }else{
        False
      }
    }
}

def smallest_multiple(n:i64): i64{
  smallest_multiple_
}

def main_loop(iters:i64,n:i64): i64{
  let res:i64 = smallest_multiple(n);
  if iters == 1{
    println_i64(res);
    0
  }else {
    main_loop(iters - 1,n)
  }
}

def main(iters:i64,n:i64): i64{
  main_loop(iters, n)
}

INFO - got notification with method textDocument/didChange
INFO - loading text data Bool { True, False }

def divides_loop(divisor:i64, max:i64, curr:i64): i64{
    if curr >= max {
      True
    }else{
      if curr % divisor == 0{
        divides_loop(divisor,max,curr + 1)
      }else{
        False
      }
    }
}

def smallest_multiple(n:i64): i64{
  smallest_multiple_re
}

def main_loop(iters:i64,n:i64): i64{
  let res:i64 = smallest_multiple(n);
  if iters == 1{
    println_i64(res);
    0
  }else {
    main_loop(iters - 1,n)
  }
}

def main(iters:i64,n:i64): i64{
  main_loop(iters, n)
}

INFO - got notification with method textDocument/didChange
INFO - loading text data Bool { True, False }

def divides_loop(divisor:i64, max:i64, curr:i64): i64{
    if curr >= max {
      True
    }else{
      if curr % divisor == 0{
        divides_loop(divisor,max,curr + 1)
      }else{
        False
      }
    }
}

def smallest_multiple(n:i64): i64{
  smallest_multiple_rec
}

def main_loop(iters:i64,n:i64): i64{
  let res:i64 = smallest_multiple(n);
  if iters == 1{
    println_i64(res);
    0
  }else {
    main_loop(iters - 1,n)
  }
}

def main(iters:i64,n:i64): i64{
  main_loop(iters, n)
}

INFO - got notification with method textDocument/didChange
INFO - loading text data Bool { True, False }

def divides_loop(divisor:i64, max:i64, curr:i64): i64{
    if curr >= max {
      True
    }else{
      if curr % divisor == 0{
        divides_loop(divisor,max,curr + 1)
      }else{
        False
      }
    }
}

def smallest_multiple(n:i64): i64{
  smallest_multiple_rec(
}

def main_loop(iters:i64,n:i64): i64{
  let res:i64 = smallest_multiple(n);
  if iters == 1{
    println_i64(res);
    0
  }else {
    main_loop(iters - 1,n)
  }
}

def main(iters:i64,n:i64): i64{
  main_loop(iters, n)
}

INFO - got notification with method textDocument/didChange
INFO - loading text data Bool { True, False }

def divides_loop(divisor:i64, max:i64, curr:i64): i64{
    if curr >= max {
      True
    }else{
      if curr % divisor == 0{
        divides_loop(divisor,max,curr + 1)
      }else{
        False
      }
    }
}

def smallest_multiple(n:i64): i64{
  smallest_multiple_rec(n
}

def main_loop(iters:i64,n:i64): i64{
  let res:i64 = smallest_multiple(n);
  if iters == 1{
    println_i64(res);
    0
  }else {
    main_loop(iters - 1,n)
  }
}

def main(iters:i64,n:i64): i64{
  main_loop(iters, n)
}

INFO - got notification with method textDocument/didChange
INFO - loading text data Bool { True, False }

def divides_loop(divisor:i64, max:i64, curr:i64): i64{
    if curr >= max {
      True
    }else{
      if curr % divisor == 0{
        divides_loop(divisor,max,curr + 1)
      }else{
        False
      }
    }
}

def smallest_multiple(n:i64): i64{
  smallest_multiple_rec(n,
}

def main_loop(iters:i64,n:i64): i64{
  let res:i64 = smallest_multiple(n);
  if iters == 1{
    println_i64(res);
    0
  }else {
    main_loop(iters - 1,n)
  }
}

def main(iters:i64,n:i64): i64{
  main_loop(iters, n)
}

INFO - got notification with method textDocument/didChange
INFO - loading text data Bool { True, False }

def divides_loop(divisor:i64, max:i64, curr:i64): i64{
    if curr >= max {
      True
    }else{
      if curr % divisor == 0{
        divides_loop(divisor,max,curr + 1)
      }else{
        False
      }
    }
}

def smallest_multiple(n:i64): i64{
  smallest_multiple_rec(n,1
}

def main_loop(iters:i64,n:i64): i64{
  let res:i64 = smallest_multiple(n);
  if iters == 1{
    println_i64(res);
    0
  }else {
    main_loop(iters - 1,n)
  }
}

def main(iters:i64,n:i64): i64{
  main_loop(iters, n)
}

INFO - got notification with method textDocument/didChange
INFO - loading text data Bool { True, False }

def divides_loop(divisor:i64, max:i64, curr:i64): i64{
    if curr >= max {
      True
    }else{
      if curr % divisor == 0{
        divides_loop(divisor,max,curr + 1)
      }else{
        False
      }
    }
}

def smallest_multiple(n:i64): i64{
  smallest_multiple_rec(n,1)
}

def main_loop(iters:i64,n:i64): i64{
  let res:i64 = smallest_multiple(n);
  if iters == 1{
    println_i64(res);
    0
  }else {
    main_loop(iters - 1,n)
  }
}

def main(iters:i64,n:i64): i64{
  main_loop(iters, n)
}

INFO - got notification with method textDocument/didChange
INFO - loading text data Bool { True, False }

def divides_loop(divisor:i64, max:i64, curr:i64): i64{
    if curr >= max {
      True
    }else{
      if curr % divisor == 0{
        divides_loop(divisor,max,curr + 1)
      }else{
        False
      }
    }
}


def smallest_multiple(n:i64): i64{
  smallest_multiple_rec(n,1)
}

def main_loop(iters:i64,n:i64): i64{
  let res:i64 = smallest_multiple(n);
  if iters == 1{
    println_i64(res);
    0
  }else {
    main_loop(iters - 1,n)
  }
}

def main(iters:i64,n:i64): i64{
  main_loop(iters, n)
}

INFO - got notification with method textDocument/didChange
INFO - loading text data Bool { True, False }

def divides_loop(divisor:i64, max:i64, curr:i64): i64{
    if curr >= max {
      True
    }else{
      if curr % divisor == 0{
        divides_loop(divisor,max,curr + 1)
      }else{
        False
      }
    }
}



def smallest_multiple(n:i64): i64{
  smallest_multiple_rec(n,1)
}

def main_loop(iters:i64,n:i64): i64{
  let res:i64 = smallest_multiple(n);
  if iters == 1{
    println_i64(res);
    0
  }else {
    main_loop(iters - 1,n)
  }
}

def main(iters:i64,n:i64): i64{
  main_loop(iters, n)
}

INFO - got notification with method textDocument/didChange
INFO - loading text data Bool { True, False }

def divides_loop(divisor:i64, max:i64, curr:i64): i64{
    if curr >= max {
      True
    }else{
      if curr % divisor == 0{
        divides_loop(divisor,max,curr + 1)
      }else{
        False
      }
    }
}

d

def smallest_multiple(n:i64): i64{
  smallest_multiple_rec(n,1)
}

def main_loop(iters:i64,n:i64): i64{
  let res:i64 = smallest_multiple(n);
  if iters == 1{
    println_i64(res);
    0
  }else {
    main_loop(iters - 1,n)
  }
}

def main(iters:i64,n:i64): i64{
  main_loop(iters, n)
}

INFO - got notification with method textDocument/didChange
INFO - loading text data Bool { True, False }

def divides_loop(divisor:i64, max:i64, curr:i64): i64{
    if curr >= max {
      True
    }else{
      if curr % divisor == 0{
        divides_loop(divisor,max,curr + 1)
      }else{
        False
      }
    }
}

def

def smallest_multiple(n:i64): i64{
  smallest_multiple_rec(n,1)
}

def main_loop(iters:i64,n:i64): i64{
  let res:i64 = smallest_multiple(n);
  if iters == 1{
    println_i64(res);
    0
  }else {
    main_loop(iters - 1,n)
  }
}

def main(iters:i64,n:i64): i64{
  main_loop(iters, n)
}

INFO - got notification with method textDocument/didChange
INFO - loading text data Bool { True, False }

def divides_loop(divisor:i64, max:i64, curr:i64): i64{
    if curr >= max {
      True
    }else{
      if curr % divisor == 0{
        divides_loop(divisor,max,curr + 1)
      }else{
        False
      }
    }
}

def 

def smallest_multiple(n:i64): i64{
  smallest_multiple_rec(n,1)
}

def main_loop(iters:i64,n:i64): i64{
  let res:i64 = smallest_multiple(n);
  if iters == 1{
    println_i64(res);
    0
  }else {
    main_loop(iters - 1,n)
  }
}

def main(iters:i64,n:i64): i64{
  main_loop(iters, n)
}

INFO - got notification with method textDocument/didChange
INFO - loading text data Bool { True, False }

def divides_loop(divisor:i64, max:i64, curr:i64): i64{
    if curr >= max {
      True
    }else{
      if curr % divisor == 0{
        divides_loop(divisor,max,curr + 1)
      }else{
        False
      }
    }
}

def s

def smallest_multiple(n:i64): i64{
  smallest_multiple_rec(n,1)
}

def main_loop(iters:i64,n:i64): i64{
  let res:i64 = smallest_multiple(n);
  if iters == 1{
    println_i64(res);
    0
  }else {
    main_loop(iters - 1,n)
  }
}

def main(iters:i64,n:i64): i64{
  main_loop(iters, n)
}

INFO - got notification with method textDocument/didChange
INFO - loading text data Bool { True, False }

def divides_loop(divisor:i64, max:i64, curr:i64): i64{
    if curr >= max {
      True
    }else{
      if curr % divisor == 0{
        divides_loop(divisor,max,curr + 1)
      }else{
        False
      }
    }
}

def sm

def smallest_multiple(n:i64): i64{
  smallest_multiple_rec(n,1)
}

def main_loop(iters:i64,n:i64): i64{
  let res:i64 = smallest_multiple(n);
  if iters == 1{
    println_i64(res);
    0
  }else {
    main_loop(iters - 1,n)
  }
}

def main(iters:i64,n:i64): i64{
  main_loop(iters, n)
}

INFO - got notification with method textDocument/didChange
INFO - loading text data Bool { True, False }

def divides_loop(divisor:i64, max:i64, curr:i64): i64{
    if curr >= max {
      True
    }else{
      if curr % divisor == 0{
        divides_loop(divisor,max,curr + 1)
      }else{
        False
      }
    }
}

def smal

def smallest_multiple(n:i64): i64{
  smallest_multiple_rec(n,1)
}

def main_loop(iters:i64,n:i64): i64{
  let res:i64 = smallest_multiple(n);
  if iters == 1{
    println_i64(res);
    0
  }else {
    main_loop(iters - 1,n)
  }
}

def main(iters:i64,n:i64): i64{
  main_loop(iters, n)
}

INFO - got notification with method textDocument/didChange
INFO - loading text data Bool { True, False }

def divides_loop(divisor:i64, max:i64, curr:i64): i64{
    if curr >= max {
      True
    }else{
      if curr % divisor == 0{
        divides_loop(divisor,max,curr + 1)
      }else{
        False
      }
    }
}

def smalle

def smallest_multiple(n:i64): i64{
  smallest_multiple_rec(n,1)
}

def main_loop(iters:i64,n:i64): i64{
  let res:i64 = smallest_multiple(n);
  if iters == 1{
    println_i64(res);
    0
  }else {
    main_loop(iters - 1,n)
  }
}

def main(iters:i64,n:i64): i64{
  main_loop(iters, n)
}

INFO - got notification with method textDocument/didChange
INFO - loading text data Bool { True, False }

def divides_loop(divisor:i64, max:i64, curr:i64): i64{
    if curr >= max {
      True
    }else{
      if curr % divisor == 0{
        divides_loop(divisor,max,curr + 1)
      }else{
        False
      }
    }
}

def smalles

def smallest_multiple(n:i64): i64{
  smallest_multiple_rec(n,1)
}

def main_loop(iters:i64,n:i64): i64{
  let res:i64 = smallest_multiple(n);
  if iters == 1{
    println_i64(res);
    0
  }else {
    main_loop(iters - 1,n)
  }
}

def main(iters:i64,n:i64): i64{
  main_loop(iters, n)
}

INFO - got notification with method textDocument/didChange
INFO - loading text data Bool { True, False }

def divides_loop(divisor:i64, max:i64, curr:i64): i64{
    if curr >= max {
      True
    }else{
      if curr % divisor == 0{
        divides_loop(divisor,max,curr + 1)
      }else{
        False
      }
    }
}

def smallest

def smallest_multiple(n:i64): i64{
  smallest_multiple_rec(n,1)
}

def main_loop(iters:i64,n:i64): i64{
  let res:i64 = smallest_multiple(n);
  if iters == 1{
    println_i64(res);
    0
  }else {
    main_loop(iters - 1,n)
  }
}

def main(iters:i64,n:i64): i64{
  main_loop(iters, n)
}

INFO - got notification with method textDocument/didChange
INFO - loading text data Bool { True, False }

def divides_loop(divisor:i64, max:i64, curr:i64): i64{
    if curr >= max {
      True
    }else{
      if curr % divisor == 0{
        divides_loop(divisor,max,curr + 1)
      }else{
        False
      }
    }
}

def smallest_

def smallest_multiple(n:i64): i64{
  smallest_multiple_rec(n,1)
}

def main_loop(iters:i64,n:i64): i64{
  let res:i64 = smallest_multiple(n);
  if iters == 1{
    println_i64(res);
    0
  }else {
    main_loop(iters - 1,n)
  }
}

def main(iters:i64,n:i64): i64{
  main_loop(iters, n)
}

INFO - got notification with method textDocument/didChange
INFO - loading text data Bool { True, False }

def divides_loop(divisor:i64, max:i64, curr:i64): i64{
    if curr >= max {
      True
    }else{
      if curr % divisor == 0{
        divides_loop(divisor,max,curr + 1)
      }else{
        False
      }
    }
}

def smallest_l

def smallest_multiple(n:i64): i64{
  smallest_multiple_rec(n,1)
}

def main_loop(iters:i64,n:i64): i64{
  let res:i64 = smallest_multiple(n);
  if iters == 1{
    println_i64(res);
    0
  }else {
    main_loop(iters - 1,n)
  }
}

def main(iters:i64,n:i64): i64{
  main_loop(iters, n)
}

INFO - got notification with method textDocument/didChange
INFO - loading text data Bool { True, False }

def divides_loop(divisor:i64, max:i64, curr:i64): i64{
    if curr >= max {
      True
    }else{
      if curr % divisor == 0{
        divides_loop(divisor,max,curr + 1)
      }else{
        False
      }
    }
}

def smallest_

def smallest_multiple(n:i64): i64{
  smallest_multiple_rec(n,1)
}

def main_loop(iters:i64,n:i64): i64{
  let res:i64 = smallest_multiple(n);
  if iters == 1{
    println_i64(res);
    0
  }else {
    main_loop(iters - 1,n)
  }
}

def main(iters:i64,n:i64): i64{
  main_loop(iters, n)
}

INFO - got notification with method textDocument/didChange
INFO - loading text data Bool { True, False }

def divides_loop(divisor:i64, max:i64, curr:i64): i64{
    if curr >= max {
      True
    }else{
      if curr % divisor == 0{
        divides_loop(divisor,max,curr + 1)
      }else{
        False
      }
    }
}

def smallest_m

def smallest_multiple(n:i64): i64{
  smallest_multiple_rec(n,1)
}

def main_loop(iters:i64,n:i64): i64{
  let res:i64 = smallest_multiple(n);
  if iters == 1{
    println_i64(res);
    0
  }else {
    main_loop(iters - 1,n)
  }
}

def main(iters:i64,n:i64): i64{
  main_loop(iters, n)
}

INFO - got notification with method textDocument/didChange
INFO - loading text data Bool { True, False }

def divides_loop(divisor:i64, max:i64, curr:i64): i64{
    if curr >= max {
      True
    }else{
      if curr % divisor == 0{
        divides_loop(divisor,max,curr + 1)
      }else{
        False
      }
    }
}

def smallest_mu

def smallest_multiple(n:i64): i64{
  smallest_multiple_rec(n,1)
}

def main_loop(iters:i64,n:i64): i64{
  let res:i64 = smallest_multiple(n);
  if iters == 1{
    println_i64(res);
    0
  }else {
    main_loop(iters - 1,n)
  }
}

def main(iters:i64,n:i64): i64{
  main_loop(iters, n)
}

INFO - got notification with method textDocument/didChange
INFO - loading text data Bool { True, False }

def divides_loop(divisor:i64, max:i64, curr:i64): i64{
    if curr >= max {
      True
    }else{
      if curr % divisor == 0{
        divides_loop(divisor,max,curr + 1)
      }else{
        False
      }
    }
}

def smallest_mul

def smallest_multiple(n:i64): i64{
  smallest_multiple_rec(n,1)
}

def main_loop(iters:i64,n:i64): i64{
  let res:i64 = smallest_multiple(n);
  if iters == 1{
    println_i64(res);
    0
  }else {
    main_loop(iters - 1,n)
  }
}

def main(iters:i64,n:i64): i64{
  main_loop(iters, n)
}

INFO - got notification with method textDocument/didChange
INFO - loading text data Bool { True, False }

def divides_loop(divisor:i64, max:i64, curr:i64): i64{
    if curr >= max {
      True
    }else{
      if curr % divisor == 0{
        divides_loop(divisor,max,curr + 1)
      }else{
        False
      }
    }
}

def smallest_mulit

def smallest_multiple(n:i64): i64{
  smallest_multiple_rec(n,1)
}

def main_loop(iters:i64,n:i64): i64{
  let res:i64 = smallest_multiple(n);
  if iters == 1{
    println_i64(res);
    0
  }else {
    main_loop(iters - 1,n)
  }
}

def main(iters:i64,n:i64): i64{
  main_loop(iters, n)
}

INFO - got notification with method textDocument/didChange
INFO - loading text data Bool { True, False }

def divides_loop(divisor:i64, max:i64, curr:i64): i64{
    if curr >= max {
      True
    }else{
      if curr % divisor == 0{
        divides_loop(divisor,max,curr + 1)
      }else{
        False
      }
    }
}

def smallest_mulitpl

def smallest_multiple(n:i64): i64{
  smallest_multiple_rec(n,1)
}

def main_loop(iters:i64,n:i64): i64{
  let res:i64 = smallest_multiple(n);
  if iters == 1{
    println_i64(res);
    0
  }else {
    main_loop(iters - 1,n)
  }
}

def main(iters:i64,n:i64): i64{
  main_loop(iters, n)
}

INFO - got notification with method textDocument/didChange
INFO - loading text data Bool { True, False }

def divides_loop(divisor:i64, max:i64, curr:i64): i64{
    if curr >= max {
      True
    }else{
      if curr % divisor == 0{
        divides_loop(divisor,max,curr + 1)
      }else{
        False
      }
    }
}

def smallest_mulitple

def smallest_multiple(n:i64): i64{
  smallest_multiple_rec(n,1)
}

def main_loop(iters:i64,n:i64): i64{
  let res:i64 = smallest_multiple(n);
  if iters == 1{
    println_i64(res);
    0
  }else {
    main_loop(iters - 1,n)
  }
}

def main(iters:i64,n:i64): i64{
  main_loop(iters, n)
}

INFO - got notification with method textDocument/didChange
INFO - loading text data Bool { True, False }

def divides_loop(divisor:i64, max:i64, curr:i64): i64{
    if curr >= max {
      True
    }else{
      if curr % divisor == 0{
        divides_loop(divisor,max,curr + 1)
      }else{
        False
      }
    }
}

def smallest_mulitple_

def smallest_multiple(n:i64): i64{
  smallest_multiple_rec(n,1)
}

def main_loop(iters:i64,n:i64): i64{
  let res:i64 = smallest_multiple(n);
  if iters == 1{
    println_i64(res);
    0
  }else {
    main_loop(iters - 1,n)
  }
}

def main(iters:i64,n:i64): i64{
  main_loop(iters, n)
}

INFO - got notification with method textDocument/didChange
INFO - loading text data Bool { True, False }

def divides_loop(divisor:i64, max:i64, curr:i64): i64{
    if curr >= max {
      True
    }else{
      if curr % divisor == 0{
        divides_loop(divisor,max,curr + 1)
      }else{
        False
      }
    }
}

def smallest_mulitple_r

def smallest_multiple(n:i64): i64{
  smallest_multiple_rec(n,1)
}

def main_loop(iters:i64,n:i64): i64{
  let res:i64 = smallest_multiple(n);
  if iters == 1{
    println_i64(res);
    0
  }else {
    main_loop(iters - 1,n)
  }
}

def main(iters:i64,n:i64): i64{
  main_loop(iters, n)
}

INFO - got notification with method textDocument/didChange
INFO - loading text data Bool { True, False }

def divides_loop(divisor:i64, max:i64, curr:i64): i64{
    if curr >= max {
      True
    }else{
      if curr % divisor == 0{
        divides_loop(divisor,max,curr + 1)
      }else{
        False
      }
    }
}

def smallest_mulitple_re

def smallest_multiple(n:i64): i64{
  smallest_multiple_rec(n,1)
}

def main_loop(iters:i64,n:i64): i64{
  let res:i64 = smallest_multiple(n);
  if iters == 1{
    println_i64(res);
    0
  }else {
    main_loop(iters - 1,n)
  }
}

def main(iters:i64,n:i64): i64{
  main_loop(iters, n)
}

INFO - got notification with method textDocument/didChange
INFO - loading text data Bool { True, False }

def divides_loop(divisor:i64, max:i64, curr:i64): i64{
    if curr >= max {
      True
    }else{
      if curr % divisor == 0{
        divides_loop(divisor,max,curr + 1)
      }else{
        False
      }
    }
}

def smallest_mulitple_rec

def smallest_multiple(n:i64): i64{
  smallest_multiple_rec(n,1)
}

def main_loop(iters:i64,n:i64): i64{
  let res:i64 = smallest_multiple(n);
  if iters == 1{
    println_i64(res);
    0
  }else {
    main_loop(iters - 1,n)
  }
}

def main(iters:i64,n:i64): i64{
  main_loop(iters, n)
}

INFO - got notification with method textDocument/didChange
INFO - loading text data Bool { True, False }

def divides_loop(divisor:i64, max:i64, curr:i64): i64{
    if curr >= max {
      True
    }else{
      if curr % divisor == 0{
        divides_loop(divisor,max,curr + 1)
      }else{
        False
      }
    }
}

def smallest_mulitple_rec(

def smallest_multiple(n:i64): i64{
  smallest_multiple_rec(n,1)
}

def main_loop(iters:i64,n:i64): i64{
  let res:i64 = smallest_multiple(n);
  if iters == 1{
    println_i64(res);
    0
  }else {
    main_loop(iters - 1,n)
  }
}

def main(iters:i64,n:i64): i64{
  main_loop(iters, n)
}

INFO - got notification with method textDocument/didChange
INFO - loading text data Bool { True, False }

def divides_loop(divisor:i64, max:i64, curr:i64): i64{
    if curr >= max {
      True
    }else{
      if curr % divisor == 0{
        divides_loop(divisor,max,curr + 1)
      }else{
        False
      }
    }
}

def smallest_mulitple_rec(n

def smallest_multiple(n:i64): i64{
  smallest_multiple_rec(n,1)
}

def main_loop(iters:i64,n:i64): i64{
  let res:i64 = smallest_multiple(n);
  if iters == 1{
    println_i64(res);
    0
  }else {
    main_loop(iters - 1,n)
  }
}

def main(iters:i64,n:i64): i64{
  main_loop(iters, n)
}

INFO - got notification with method textDocument/didChange
INFO - loading text data Bool { True, False }

def divides_loop(divisor:i64, max:i64, curr:i64): i64{
    if curr >= max {
      True
    }else{
      if curr % divisor == 0{
        divides_loop(divisor,max,curr + 1)
      }else{
        False
      }
    }
}

def smallest_mulitple_rec(n:

def smallest_multiple(n:i64): i64{
  smallest_multiple_rec(n,1)
}

def main_loop(iters:i64,n:i64): i64{
  let res:i64 = smallest_multiple(n);
  if iters == 1{
    println_i64(res);
    0
  }else {
    main_loop(iters - 1,n)
  }
}

def main(iters:i64,n:i64): i64{
  main_loop(iters, n)
}

INFO - got notification with method textDocument/didChange
INFO - loading text data Bool { True, False }

def divides_loop(divisor:i64, max:i64, curr:i64): i64{
    if curr >= max {
      True
    }else{
      if curr % divisor == 0{
        divides_loop(divisor,max,curr + 1)
      }else{
        False
      }
    }
}

def smallest_mulitple_rec(n:i

def smallest_multiple(n:i64): i64{
  smallest_multiple_rec(n,1)
}

def main_loop(iters:i64,n:i64): i64{
  let res:i64 = smallest_multiple(n);
  if iters == 1{
    println_i64(res);
    0
  }else {
    main_loop(iters - 1,n)
  }
}

def main(iters:i64,n:i64): i64{
  main_loop(iters, n)
}

INFO - got notification with method textDocument/didChange
INFO - loading text data Bool { True, False }

def divides_loop(divisor:i64, max:i64, curr:i64): i64{
    if curr >= max {
      True
    }else{
      if curr % divisor == 0{
        divides_loop(divisor,max,curr + 1)
      }else{
        False
      }
    }
}

def smallest_mulitple_rec(n:i6

def smallest_multiple(n:i64): i64{
  smallest_multiple_rec(n,1)
}

def main_loop(iters:i64,n:i64): i64{
  let res:i64 = smallest_multiple(n);
  if iters == 1{
    println_i64(res);
    0
  }else {
    main_loop(iters - 1,n)
  }
}

def main(iters:i64,n:i64): i64{
  main_loop(iters, n)
}

INFO - got notification with method textDocument/didChange
INFO - loading text data Bool { True, False }

def divides_loop(divisor:i64, max:i64, curr:i64): i64{
    if curr >= max {
      True
    }else{
      if curr % divisor == 0{
        divides_loop(divisor,max,curr + 1)
      }else{
        False
      }
    }
}

def smallest_mulitple_rec(n:i64

def smallest_multiple(n:i64): i64{
  smallest_multiple_rec(n,1)
}

def main_loop(iters:i64,n:i64): i64{
  let res:i64 = smallest_multiple(n);
  if iters == 1{
    println_i64(res);
    0
  }else {
    main_loop(iters - 1,n)
  }
}

def main(iters:i64,n:i64): i64{
  main_loop(iters, n)
}

INFO - got notification with method textDocument/didChange
INFO - loading text data Bool { True, False }

def divides_loop(divisor:i64, max:i64, curr:i64): i64{
    if curr >= max {
      True
    }else{
      if curr % divisor == 0{
        divides_loop(divisor,max,curr + 1)
      }else{
        False
      }
    }
}

def smallest_mulitple_rec(n:i64,

def smallest_multiple(n:i64): i64{
  smallest_multiple_rec(n,1)
}

def main_loop(iters:i64,n:i64): i64{
  let res:i64 = smallest_multiple(n);
  if iters == 1{
    println_i64(res);
    0
  }else {
    main_loop(iters - 1,n)
  }
}

def main(iters:i64,n:i64): i64{
  main_loop(iters, n)
}

INFO - got notification with method textDocument/didChange
INFO - loading text data Bool { True, False }

def divides_loop(divisor:i64, max:i64, curr:i64): i64{
    if curr >= max {
      True
    }else{
      if curr % divisor == 0{
        divides_loop(divisor,max,curr + 1)
      }else{
        False
      }
    }
}

def smallest_mulitple_rec(n:i64,s

def smallest_multiple(n:i64): i64{
  smallest_multiple_rec(n,1)
}

def main_loop(iters:i64,n:i64): i64{
  let res:i64 = smallest_multiple(n);
  if iters == 1{
    println_i64(res);
    0
  }else {
    main_loop(iters - 1,n)
  }
}

def main(iters:i64,n:i64): i64{
  main_loop(iters, n)
}

INFO - got notification with method textDocument/didChange
INFO - loading text data Bool { True, False }

def divides_loop(divisor:i64, max:i64, curr:i64): i64{
    if curr >= max {
      True
    }else{
      if curr % divisor == 0{
        divides_loop(divisor,max,curr + 1)
      }else{
        False
      }
    }
}

def smallest_mulitple_rec(n:i64,st

def smallest_multiple(n:i64): i64{
  smallest_multiple_rec(n,1)
}

def main_loop(iters:i64,n:i64): i64{
  let res:i64 = smallest_multiple(n);
  if iters == 1{
    println_i64(res);
    0
  }else {
    main_loop(iters - 1,n)
  }
}

def main(iters:i64,n:i64): i64{
  main_loop(iters, n)
}

INFO - got notification with method textDocument/didChange
INFO - loading text data Bool { True, False }

def divides_loop(divisor:i64, max:i64, curr:i64): i64{
    if curr >= max {
      True
    }else{
      if curr % divisor == 0{
        divides_loop(divisor,max,curr + 1)
      }else{
        False
      }
    }
}

def smallest_mulitple_rec(n:i64,star

def smallest_multiple(n:i64): i64{
  smallest_multiple_rec(n,1)
}

def main_loop(iters:i64,n:i64): i64{
  let res:i64 = smallest_multiple(n);
  if iters == 1{
    println_i64(res);
    0
  }else {
    main_loop(iters - 1,n)
  }
}

def main(iters:i64,n:i64): i64{
  main_loop(iters, n)
}

INFO - got notification with method textDocument/didChange
INFO - loading text data Bool { True, False }

def divides_loop(divisor:i64, max:i64, curr:i64): i64{
    if curr >= max {
      True
    }else{
      if curr % divisor == 0{
        divides_loop(divisor,max,curr + 1)
      }else{
        False
      }
    }
}

def smallest_mulitple_rec(n:i64,start

def smallest_multiple(n:i64): i64{
  smallest_multiple_rec(n,1)
}

def main_loop(iters:i64,n:i64): i64{
  let res:i64 = smallest_multiple(n);
  if iters == 1{
    println_i64(res);
    0
  }else {
    main_loop(iters - 1,n)
  }
}

def main(iters:i64,n:i64): i64{
  main_loop(iters, n)
}

INFO - got notification with method textDocument/didChange
INFO - loading text data Bool { True, False }

def divides_loop(divisor:i64, max:i64, curr:i64): i64{
    if curr >= max {
      True
    }else{
      if curr % divisor == 0{
        divides_loop(divisor,max,curr + 1)
      }else{
        False
      }
    }
}

def smallest_mulitple_rec(n:i64,start:

def smallest_multiple(n:i64): i64{
  smallest_multiple_rec(n,1)
}

def main_loop(iters:i64,n:i64): i64{
  let res:i64 = smallest_multiple(n);
  if iters == 1{
    println_i64(res);
    0
  }else {
    main_loop(iters - 1,n)
  }
}

def main(iters:i64,n:i64): i64{
  main_loop(iters, n)
}

INFO - got notification with method textDocument/didChange
INFO - loading text data Bool { True, False }

def divides_loop(divisor:i64, max:i64, curr:i64): i64{
    if curr >= max {
      True
    }else{
      if curr % divisor == 0{
        divides_loop(divisor,max,curr + 1)
      }else{
        False
      }
    }
}

def smallest_mulitple_rec(n:i64,start:i

def smallest_multiple(n:i64): i64{
  smallest_multiple_rec(n,1)
}

def main_loop(iters:i64,n:i64): i64{
  let res:i64 = smallest_multiple(n);
  if iters == 1{
    println_i64(res);
    0
  }else {
    main_loop(iters - 1,n)
  }
}

def main(iters:i64,n:i64): i64{
  main_loop(iters, n)
}

INFO - got notification with method textDocument/didChange
INFO - loading text data Bool { True, False }

def divides_loop(divisor:i64, max:i64, curr:i64): i64{
    if curr >= max {
      True
    }else{
      if curr % divisor == 0{
        divides_loop(divisor,max,curr + 1)
      }else{
        False
      }
    }
}

def smallest_mulitple_rec(n:i64,start:i64

def smallest_multiple(n:i64): i64{
  smallest_multiple_rec(n,1)
}

def main_loop(iters:i64,n:i64): i64{
  let res:i64 = smallest_multiple(n);
  if iters == 1{
    println_i64(res);
    0
  }else {
    main_loop(iters - 1,n)
  }
}

def main(iters:i64,n:i64): i64{
  main_loop(iters, n)
}

INFO - got notification with method textDocument/didChange
INFO - loading text data Bool { True, False }

def divides_loop(divisor:i64, max:i64, curr:i64): i64{
    if curr >= max {
      True
    }else{
      if curr % divisor == 0{
        divides_loop(divisor,max,curr + 1)
      }else{
        False
      }
    }
}

def smallest_mulitple_rec(n:i64,start:i64W

def smallest_multiple(n:i64): i64{
  smallest_multiple_rec(n,1)
}

def main_loop(iters:i64,n:i64): i64{
  let res:i64 = smallest_multiple(n);
  if iters == 1{
    println_i64(res);
    0
  }else {
    main_loop(iters - 1,n)
  }
}

def main(iters:i64,n:i64): i64{
  main_loop(iters, n)
}

INFO - got notification with method textDocument/didChange
INFO - loading text data Bool { True, False }

def divides_loop(divisor:i64, max:i64, curr:i64): i64{
    if curr >= max {
      True
    }else{
      if curr % divisor == 0{
        divides_loop(divisor,max,curr + 1)
      }else{
        False
      }
    }
}

def smallest_mulitple_rec(n:i64,start:i64

def smallest_multiple(n:i64): i64{
  smallest_multiple_rec(n,1)
}

def main_loop(iters:i64,n:i64): i64{
  let res:i64 = smallest_multiple(n);
  if iters == 1{
    println_i64(res);
    0
  }else {
    main_loop(iters - 1,n)
  }
}

def main(iters:i64,n:i64): i64{
  main_loop(iters, n)
}

INFO - got notification with method textDocument/didChange
INFO - loading text data Bool { True, False }

def divides_loop(divisor:i64, max:i64, curr:i64): i64{
    if curr >= max {
      True
    }else{
      if curr % divisor == 0{
        divides_loop(divisor,max,curr + 1)
      }else{
        False
      }
    }
}

def smallest_mulitple_rec(n:i64,start

def smallest_multiple(n:i64): i64{
  smallest_multiple_rec(n,1)
}

def main_loop(iters:i64,n:i64): i64{
  let res:i64 = smallest_multiple(n);
  if iters == 1{
    println_i64(res);
    0
  }else {
    main_loop(iters - 1,n)
  }
}

def main(iters:i64,n:i64): i64{
  main_loop(iters, n)
}

INFO - got notification with method textDocument/didChange
INFO - loading text data Bool { True, False }

def divides_loop(divisor:i64, max:i64, curr:i64): i64{
    if curr >= max {
      True
    }else{
      if curr % divisor == 0{
        divides_loop(divisor,max,curr + 1)
      }else{
        False
      }
    }
}

def smallest_mulitple_rec(n:i64,star

def smallest_multiple(n:i64): i64{
  smallest_multiple_rec(n,1)
}

def main_loop(iters:i64,n:i64): i64{
  let res:i64 = smallest_multiple(n);
  if iters == 1{
    println_i64(res);
    0
  }else {
    main_loop(iters - 1,n)
  }
}

def main(iters:i64,n:i64): i64{
  main_loop(iters, n)
}

INFO - got notification with method textDocument/didChange
INFO - loading text data Bool { True, False }

def divides_loop(divisor:i64, max:i64, curr:i64): i64{
    if curr >= max {
      True
    }else{
      if curr % divisor == 0{
        divides_loop(divisor,max,curr + 1)
      }else{
        False
      }
    }
}

def smallest_mulitple_rec(n:i64,

def smallest_multiple(n:i64): i64{
  smallest_multiple_rec(n,1)
}

def main_loop(iters:i64,n:i64): i64{
  let res:i64 = smallest_multiple(n);
  if iters == 1{
    println_i64(res);
    0
  }else {
    main_loop(iters - 1,n)
  }
}

def main(iters:i64,n:i64): i64{
  main_loop(iters, n)
}

INFO - got notification with method textDocument/didChange
INFO - loading text data Bool { True, False }

def divides_loop(divisor:i64, max:i64, curr:i64): i64{
    if curr >= max {
      True
    }else{
      if curr % divisor == 0{
        divides_loop(divisor,max,curr + 1)
      }else{
        False
      }
    }
}

def smallest_mulitple_rec(n:i64,cu

def smallest_multiple(n:i64): i64{
  smallest_multiple_rec(n,1)
}

def main_loop(iters:i64,n:i64): i64{
  let res:i64 = smallest_multiple(n);
  if iters == 1{
    println_i64(res);
    0
  }else {
    main_loop(iters - 1,n)
  }
}

def main(iters:i64,n:i64): i64{
  main_loop(iters, n)
}

INFO - got notification with method textDocument/didChange
INFO - loading text data Bool { True, False }

def divides_loop(divisor:i64, max:i64, curr:i64): i64{
    if curr >= max {
      True
    }else{
      if curr % divisor == 0{
        divides_loop(divisor,max,curr + 1)
      }else{
        False
      }
    }
}

def smallest_mulitple_rec(n:i64,cur

def smallest_multiple(n:i64): i64{
  smallest_multiple_rec(n,1)
}

def main_loop(iters:i64,n:i64): i64{
  let res:i64 = smallest_multiple(n);
  if iters == 1{
    println_i64(res);
    0
  }else {
    main_loop(iters - 1,n)
  }
}

def main(iters:i64,n:i64): i64{
  main_loop(iters, n)
}

INFO - got notification with method textDocument/didChange
INFO - loading text data Bool { True, False }

def divides_loop(divisor:i64, max:i64, curr:i64): i64{
    if curr >= max {
      True
    }else{
      if curr % divisor == 0{
        divides_loop(divisor,max,curr + 1)
      }else{
        False
      }
    }
}

def smallest_mulitple_rec(n:i64,curr

def smallest_multiple(n:i64): i64{
  smallest_multiple_rec(n,1)
}

def main_loop(iters:i64,n:i64): i64{
  let res:i64 = smallest_multiple(n);
  if iters == 1{
    println_i64(res);
    0
  }else {
    main_loop(iters - 1,n)
  }
}

def main(iters:i64,n:i64): i64{
  main_loop(iters, n)
}

INFO - got notification with method textDocument/didChange
INFO - loading text data Bool { True, False }

def divides_loop(divisor:i64, max:i64, curr:i64): i64{
    if curr >= max {
      True
    }else{
      if curr % divisor == 0{
        divides_loop(divisor,max,curr + 1)
      }else{
        False
      }
    }
}

def smallest_mulitple_rec(n:i64,curr:

def smallest_multiple(n:i64): i64{
  smallest_multiple_rec(n,1)
}

def main_loop(iters:i64,n:i64): i64{
  let res:i64 = smallest_multiple(n);
  if iters == 1{
    println_i64(res);
    0
  }else {
    main_loop(iters - 1,n)
  }
}

def main(iters:i64,n:i64): i64{
  main_loop(iters, n)
}

INFO - got notification with method textDocument/didChange
INFO - loading text data Bool { True, False }

def divides_loop(divisor:i64, max:i64, curr:i64): i64{
    if curr >= max {
      True
    }else{
      if curr % divisor == 0{
        divides_loop(divisor,max,curr + 1)
      }else{
        False
      }
    }
}

def smallest_mulitple_rec(n:i64,curr:i

def smallest_multiple(n:i64): i64{
  smallest_multiple_rec(n,1)
}

def main_loop(iters:i64,n:i64): i64{
  let res:i64 = smallest_multiple(n);
  if iters == 1{
    println_i64(res);
    0
  }else {
    main_loop(iters - 1,n)
  }
}

def main(iters:i64,n:i64): i64{
  main_loop(iters, n)
}

INFO - got notification with method textDocument/didChange
INFO - loading text data Bool { True, False }

def divides_loop(divisor:i64, max:i64, curr:i64): i64{
    if curr >= max {
      True
    }else{
      if curr % divisor == 0{
        divides_loop(divisor,max,curr + 1)
      }else{
        False
      }
    }
}

def smallest_mulitple_rec(n:i64,curr:i64

def smallest_multiple(n:i64): i64{
  smallest_multiple_rec(n,1)
}

def main_loop(iters:i64,n:i64): i64{
  let res:i64 = smallest_multiple(n);
  if iters == 1{
    println_i64(res);
    0
  }else {
    main_loop(iters - 1,n)
  }
}

def main(iters:i64,n:i64): i64{
  main_loop(iters, n)
}

INFO - got notification with method textDocument/didChange
INFO - loading text data Bool { True, False }

def divides_loop(divisor:i64, max:i64, curr:i64): i64{
    if curr >= max {
      True
    }else{
      if curr % divisor == 0{
        divides_loop(divisor,max,curr + 1)
      }else{
        False
      }
    }
}

def smallest_mulitple_rec(n:i64,curr:i64)

def smallest_multiple(n:i64): i64{
  smallest_multiple_rec(n,1)
}

def main_loop(iters:i64,n:i64): i64{
  let res:i64 = smallest_multiple(n);
  if iters == 1{
    println_i64(res);
    0
  }else {
    main_loop(iters - 1,n)
  }
}

def main(iters:i64,n:i64): i64{
  main_loop(iters, n)
}

INFO - got notification with method textDocument/didChange
INFO - loading text data Bool { True, False }

def divides_loop(divisor:i64, max:i64, curr:i64): i64{
    if curr >= max {
      True
    }else{
      if curr % divisor == 0{
        divides_loop(divisor,max,curr + 1)
      }else{
        False
      }
    }
}

def smallest_mulitple_rec(n:i64,curr:i64):

def smallest_multiple(n:i64): i64{
  smallest_multiple_rec(n,1)
}

def main_loop(iters:i64,n:i64): i64{
  let res:i64 = smallest_multiple(n);
  if iters == 1{
    println_i64(res);
    0
  }else {
    main_loop(iters - 1,n)
  }
}

def main(iters:i64,n:i64): i64{
  main_loop(iters, n)
}

INFO - got notification with method textDocument/didChange
INFO - loading text data Bool { True, False }

def divides_loop(divisor:i64, max:i64, curr:i64): i64{
    if curr >= max {
      True
    }else{
      if curr % divisor == 0{
        divides_loop(divisor,max,curr + 1)
      }else{
        False
      }
    }
}

def smallest_mulitple_rec(n:i64,curr:i64): 

def smallest_multiple(n:i64): i64{
  smallest_multiple_rec(n,1)
}

def main_loop(iters:i64,n:i64): i64{
  let res:i64 = smallest_multiple(n);
  if iters == 1{
    println_i64(res);
    0
  }else {
    main_loop(iters - 1,n)
  }
}

def main(iters:i64,n:i64): i64{
  main_loop(iters, n)
}

INFO - got notification with method textDocument/didChange
INFO - loading text data Bool { True, False }

def divides_loop(divisor:i64, max:i64, curr:i64): i64{
    if curr >= max {
      True
    }else{
      if curr % divisor == 0{
        divides_loop(divisor,max,curr + 1)
      }else{
        False
      }
    }
}

def smallest_mulitple_rec(n:i64,curr:i64): i

def smallest_multiple(n:i64): i64{
  smallest_multiple_rec(n,1)
}

def main_loop(iters:i64,n:i64): i64{
  let res:i64 = smallest_multiple(n);
  if iters == 1{
    println_i64(res);
    0
  }else {
    main_loop(iters - 1,n)
  }
}

def main(iters:i64,n:i64): i64{
  main_loop(iters, n)
}

INFO - got notification with method textDocument/didChange
INFO - loading text data Bool { True, False }

def divides_loop(divisor:i64, max:i64, curr:i64): i64{
    if curr >= max {
      True
    }else{
      if curr % divisor == 0{
        divides_loop(divisor,max,curr + 1)
      }else{
        False
      }
    }
}

def smallest_mulitple_rec(n:i64,curr:i64): it64

def smallest_multiple(n:i64): i64{
  smallest_multiple_rec(n,1)
}

def main_loop(iters:i64,n:i64): i64{
  let res:i64 = smallest_multiple(n);
  if iters == 1{
    println_i64(res);
    0
  }else {
    main_loop(iters - 1,n)
  }
}

def main(iters:i64,n:i64): i64{
  main_loop(iters, n)
}

INFO - got notification with method textDocument/didChange
INFO - loading text data Bool { True, False }

def divides_loop(divisor:i64, max:i64, curr:i64): i64{
    if curr >= max {
      True
    }else{
      if curr % divisor == 0{
        divides_loop(divisor,max,curr + 1)
      }else{
        False
      }
    }
}

def smallest_mulitple_rec(n:i64,curr:i64): it64{

def smallest_multiple(n:i64): i64{
  smallest_multiple_rec(n,1)
}

def main_loop(iters:i64,n:i64): i64{
  let res:i64 = smallest_multiple(n);
  if iters == 1{
    println_i64(res);
    0
  }else {
    main_loop(iters - 1,n)
  }
}

def main(iters:i64,n:i64): i64{
  main_loop(iters, n)
}

INFO - got notification with method textDocument/didChange
INFO - loading text data Bool { True, False }

def divides_loop(divisor:i64, max:i64, curr:i64): i64{
    if curr >= max {
      True
    }else{
      if curr % divisor == 0{
        divides_loop(divisor,max,curr + 1)
      }else{
        False
      }
    }
}

def smallest_mulitple_rec(n:i64,curr:i64): it64{


def smallest_multiple(n:i64): i64{
  smallest_multiple_rec(n,1)
}

def main_loop(iters:i64,n:i64): i64{
  let res:i64 = smallest_multiple(n);
  if iters == 1{
    println_i64(res);
    0
  }else {
    main_loop(iters - 1,n)
  }
}

def main(iters:i64,n:i64): i64{
  main_loop(iters, n)
}

INFO - got notification with method textDocument/didChange
INFO - loading text data Bool { True, False }

def divides_loop(divisor:i64, max:i64, curr:i64): i64{
    if curr >= max {
      True
    }else{
      if curr % divisor == 0{
        divides_loop(divisor,max,curr + 1)
      }else{
        False
      }
    }
}

def smallest_mulitple_rec(n:i64,curr:i64): it64{
}

def smallest_multiple(n:i64): i64{
  smallest_multiple_rec(n,1)
}

def main_loop(iters:i64,n:i64): i64{
  let res:i64 = smallest_multiple(n);
  if iters == 1{
    println_i64(res);
    0
  }else {
    main_loop(iters - 1,n)
  }
}

def main(iters:i64,n:i64): i64{
  main_loop(iters, n)
}

INFO - got notification with method textDocument/didChange
INFO - loading text data Bool { True, False }

def divides_loop(divisor:i64, max:i64, curr:i64): i64{
    if curr >= max {
      True
    }else{
      if curr % divisor == 0{
        divides_loop(divisor,max,curr + 1)
      }else{
        False
      }
    }
}

def smallest_mulitple_rec(n:i64,curr:i64): i64{
}

def smallest_multiple(n:i64): i64{
  smallest_multiple_rec(n,1)
}

def main_loop(iters:i64,n:i64): i64{
  let res:i64 = smallest_multiple(n);
  if iters == 1{
    println_i64(res);
    0
  }else {
    main_loop(iters - 1,n)
  }
}

def main(iters:i64,n:i64): i64{
  main_loop(iters, n)
}

INFO - got notification with method textDocument/didChange
INFO - loading text data Bool { True, False }

def divides_loop(divisor:i64, max:i64, curr:i64): i64{
    if curr >= max {
      True
    }else{
      if curr % divisor == 0{
        divides_loop(divisor,max,curr + 1)
      }else{
        False
      }
    }
}

def smallest_mulitple_rec(n:i64,curr:i64): i64{

}

def smallest_multiple(n:i64): i64{
  smallest_multiple_rec(n,1)
}

def main_loop(iters:i64,n:i64): i64{
  let res:i64 = smallest_multiple(n);
  if iters == 1{
    println_i64(res);
    0
  }else {
    main_loop(iters - 1,n)
  }
}

def main(iters:i64,n:i64): i64{
  main_loop(iters, n)
}

INFO - got notification with method textDocument/didChange
INFO - loading text data Bool { True, False }

def divides_loop(divisor:i64, max:i64, curr:i64): i64{
    if curr >= max {
      True
    }else{
      if curr % divisor == 0{
        divides_loop(divisor,max,curr + 1)
      }else{
        False
      }
    }
}

def smallest_mulitple_rec(n:i64,curr:i64): i64{
  
}

def smallest_multiple(n:i64): i64{
  smallest_multiple_rec(n,1)
}

def main_loop(iters:i64,n:i64): i64{
  let res:i64 = smallest_multiple(n);
  if iters == 1{
    println_i64(res);
    0
  }else {
    main_loop(iters - 1,n)
  }
}

def main(iters:i64,n:i64): i64{
  main_loop(iters, n)
}

INFO - got notification with method textDocument/didChange
INFO - loading text data Bool { True, False }

def divides_loop(divisor:i64, max:i64, curr:i64): i64{
    if curr >= max {
      True
    }else{
      if curr % divisor == 0{
        divides_loop(divisor,max,curr + 1)
      }else{
        False
      }
    }
}

def smallest_mulitple_rec(n:i64,curr:i64): i64{
  d
}

def smallest_multiple(n:i64): i64{
  smallest_multiple_rec(n,1)
}

def main_loop(iters:i64,n:i64): i64{
  let res:i64 = smallest_multiple(n);
  if iters == 1{
    println_i64(res);
    0
  }else {
    main_loop(iters - 1,n)
  }
}

def main(iters:i64,n:i64): i64{
  main_loop(iters, n)
}

INFO - got notification with method textDocument/didChange
INFO - loading text data Bool { True, False }

def divides_loop(divisor:i64, max:i64, curr:i64): i64{
    if curr >= max {
      True
    }else{
      if curr % divisor == 0{
        divides_loop(divisor,max,curr + 1)
      }else{
        False
      }
    }
}

def smallest_mulitple_rec(n:i64,curr:i64): i64{
  di
}

def smallest_multiple(n:i64): i64{
  smallest_multiple_rec(n,1)
}

def main_loop(iters:i64,n:i64): i64{
  let res:i64 = smallest_multiple(n);
  if iters == 1{
    println_i64(res);
    0
  }else {
    main_loop(iters - 1,n)
  }
}

def main(iters:i64,n:i64): i64{
  main_loop(iters, n)
}

INFO - got notification with method textDocument/didChange
INFO - loading text data Bool { True, False }

def divides_loop(divisor:i64, max:i64, curr:i64): i64{
    if curr >= max {
      True
    }else{
      if curr % divisor == 0{
        divides_loop(divisor,max,curr + 1)
      }else{
        False
      }
    }
}

def smallest_mulitple_rec(n:i64,curr:i64): i64{
  divi
}

def smallest_multiple(n:i64): i64{
  smallest_multiple_rec(n,1)
}

def main_loop(iters:i64,n:i64): i64{
  let res:i64 = smallest_multiple(n);
  if iters == 1{
    println_i64(res);
    0
  }else {
    main_loop(iters - 1,n)
  }
}

def main(iters:i64,n:i64): i64{
  main_loop(iters, n)
}

INFO - got notification with method textDocument/didChange
INFO - loading text data Bool { True, False }

def divides_loop(divisor:i64, max:i64, curr:i64): i64{
    if curr >= max {
      True
    }else{
      if curr % divisor == 0{
        divides_loop(divisor,max,curr + 1)
      }else{
        False
      }
    }
}

def smallest_mulitple_rec(n:i64,curr:i64): i64{
  divis
}

def smallest_multiple(n:i64): i64{
  smallest_multiple_rec(n,1)
}

def main_loop(iters:i64,n:i64): i64{
  let res:i64 = smallest_multiple(n);
  if iters == 1{
    println_i64(res);
    0
  }else {
    main_loop(iters - 1,n)
  }
}

def main(iters:i64,n:i64): i64{
  main_loop(iters, n)
}

INFO - got notification with method textDocument/didChange
INFO - loading text data Bool { True, False }

def divides_loop(divisor:i64, max:i64, curr:i64): i64{
    if curr >= max {
      True
    }else{
      if curr % divisor == 0{
        divides_loop(divisor,max,curr + 1)
      }else{
        False
      }
    }
}

def smallest_mulitple_rec(n:i64,curr:i64): i64{
  divi
}

def smallest_multiple(n:i64): i64{
  smallest_multiple_rec(n,1)
}

def main_loop(iters:i64,n:i64): i64{
  let res:i64 = smallest_multiple(n);
  if iters == 1{
    println_i64(res);
    0
  }else {
    main_loop(iters - 1,n)
  }
}

def main(iters:i64,n:i64): i64{
  main_loop(iters, n)
}

INFO - got notification with method textDocument/didChange
INFO - loading text data Bool { True, False }

def divides_loop(divisor:i64, max:i64, curr:i64): i64{
    if curr >= max {
      True
    }else{
      if curr % divisor == 0{
        divides_loop(divisor,max,curr + 1)
      }else{
        False
      }
    }
}

def smallest_mulitple_rec(n:i64,curr:i64): i64{
  divid
}

def smallest_multiple(n:i64): i64{
  smallest_multiple_rec(n,1)
}

def main_loop(iters:i64,n:i64): i64{
  let res:i64 = smallest_multiple(n);
  if iters == 1{
    println_i64(res);
    0
  }else {
    main_loop(iters - 1,n)
  }
}

def main(iters:i64,n:i64): i64{
  main_loop(iters, n)
}

INFO - got notification with method textDocument/didChange
INFO - loading text data Bool { True, False }

def divides_loop(divisor:i64, max:i64, curr:i64): i64{
    if curr >= max {
      True
    }else{
      if curr % divisor == 0{
        divides_loop(divisor,max,curr + 1)
      }else{
        False
      }
    }
}

def smallest_mulitple_rec(n:i64,curr:i64): i64{
  divides
}

def smallest_multiple(n:i64): i64{
  smallest_multiple_rec(n,1)
}

def main_loop(iters:i64,n:i64): i64{
  let res:i64 = smallest_multiple(n);
  if iters == 1{
    println_i64(res);
    0
  }else {
    main_loop(iters - 1,n)
  }
}

def main(iters:i64,n:i64): i64{
  main_loop(iters, n)
}

INFO - got notification with method textDocument/didChange
INFO - loading text data Bool { True, False }

def divides_loop(divisor:i64, max:i64, curr:i64): i64{
    if curr >= max {
      True
    }else{
      if curr % divisor == 0{
        divides_loop(divisor,max,curr + 1)
      }else{
        False
      }
    }
}

def smallest_mulitple_rec(n:i64,curr:i64): i64{
  divides_
}

def smallest_multiple(n:i64): i64{
  smallest_multiple_rec(n,1)
}

def main_loop(iters:i64,n:i64): i64{
  let res:i64 = smallest_multiple(n);
  if iters == 1{
    println_i64(res);
    0
  }else {
    main_loop(iters - 1,n)
  }
}

def main(iters:i64,n:i64): i64{
  main_loop(iters, n)
}

INFO - got notification with method textDocument/didChange
INFO - loading text data Bool { True, False }

def divides_loop(divisor:i64, max:i64, curr:i64): i64{
    if curr >= max {
      True
    }else{
      if curr % divisor == 0{
        divides_loop(divisor,max,curr + 1)
      }else{
        False
      }
    }
}

def smallest_mulitple_rec(n:i64,curr:i64): i64{
  divides_l
}

def smallest_multiple(n:i64): i64{
  smallest_multiple_rec(n,1)
}

def main_loop(iters:i64,n:i64): i64{
  let res:i64 = smallest_multiple(n);
  if iters == 1{
    println_i64(res);
    0
  }else {
    main_loop(iters - 1,n)
  }
}

def main(iters:i64,n:i64): i64{
  main_loop(iters, n)
}

INFO - got notification with method textDocument/didChange
INFO - loading text data Bool { True, False }

def divides_loop(divisor:i64, max:i64, curr:i64): i64{
    if curr >= max {
      True
    }else{
      if curr % divisor == 0{
        divides_loop(divisor,max,curr + 1)
      }else{
        False
      }
    }
}

def smallest_mulitple_rec(n:i64,curr:i64): i64{
  divides_lo
}

def smallest_multiple(n:i64): i64{
  smallest_multiple_rec(n,1)
}

def main_loop(iters:i64,n:i64): i64{
  let res:i64 = smallest_multiple(n);
  if iters == 1{
    println_i64(res);
    0
  }else {
    main_loop(iters - 1,n)
  }
}

def main(iters:i64,n:i64): i64{
  main_loop(iters, n)
}

INFO - got notification with method textDocument/didChange
INFO - loading text data Bool { True, False }

def divides_loop(divisor:i64, max:i64, curr:i64): i64{
    if curr >= max {
      True
    }else{
      if curr % divisor == 0{
        divides_loop(divisor,max,curr + 1)
      }else{
        False
      }
    }
}

def smallest_mulitple_rec(n:i64,curr:i64): i64{
  divides_loo
}

def smallest_multiple(n:i64): i64{
  smallest_multiple_rec(n,1)
}

def main_loop(iters:i64,n:i64): i64{
  let res:i64 = smallest_multiple(n);
  if iters == 1{
    println_i64(res);
    0
  }else {
    main_loop(iters - 1,n)
  }
}

def main(iters:i64,n:i64): i64{
  main_loop(iters, n)
}

INFO - got notification with method textDocument/didChange
INFO - loading text data Bool { True, False }

def divides_loop(divisor:i64, max:i64, curr:i64): i64{
    if curr >= max {
      True
    }else{
      if curr % divisor == 0{
        divides_loop(divisor,max,curr + 1)
      }else{
        False
      }
    }
}

def smallest_mulitple_rec(n:i64,curr:i64): i64{
  divides_loop
}

def smallest_multiple(n:i64): i64{
  smallest_multiple_rec(n,1)
}

def main_loop(iters:i64,n:i64): i64{
  let res:i64 = smallest_multiple(n);
  if iters == 1{
    println_i64(res);
    0
  }else {
    main_loop(iters - 1,n)
  }
}

def main(iters:i64,n:i64): i64{
  main_loop(iters, n)
}

INFO - got notification with method textDocument/didChange
INFO - loading text data Bool { True, False }

def divides_loop(divisor:i64, max:i64, curr:i64): i64{
    if curr >= max {
      True
    }else{
      if curr % divisor == 0{
        divides_loop(divisor,max,curr + 1)
      }else{
        False
      }
    }
}

def smallest_mulitple_rec(n:i64,curr:i64): i64{
  divides_loop(
}

def smallest_multiple(n:i64): i64{
  smallest_multiple_rec(n,1)
}

def main_loop(iters:i64,n:i64): i64{
  let res:i64 = smallest_multiple(n);
  if iters == 1{
    println_i64(res);
    0
  }else {
    main_loop(iters - 1,n)
  }
}

def main(iters:i64,n:i64): i64{
  main_loop(iters, n)
}

INFO - got notification with method textDocument/didChange
INFO - loading text data Bool { True, False }

def divides_loop(divisor:i64, max:i64, curr:i64): i64{
    if curr >= max {
      True
    }else{
      if curr % divisor == 0{
        divides_loop(divisor,max,curr + 1)
      }else{
        False
      }
    }
}

def smallest_mulitple_rec(n:i64,curr:i64): i64{
  divides_loop(n
}

def smallest_multiple(n:i64): i64{
  smallest_multiple_rec(n,1)
}

def main_loop(iters:i64,n:i64): i64{
  let res:i64 = smallest_multiple(n);
  if iters == 1{
    println_i64(res);
    0
  }else {
    main_loop(iters - 1,n)
  }
}

def main(iters:i64,n:i64): i64{
  main_loop(iters, n)
}

INFO - got notification with method textDocument/didChange
INFO - loading text data Bool { True, False }

def divides_loop(divisor:i64, max:i64, curr:i64): i64{
    if curr >= max {
      True
    }else{
      if curr % divisor == 0{
        divides_loop(divisor,max,curr + 1)
      }else{
        False
      }
    }
}

def smallest_mulitple_rec(n:i64,curr:i64): i64{
  divides_loop(n,
}

def smallest_multiple(n:i64): i64{
  smallest_multiple_rec(n,1)
}

def main_loop(iters:i64,n:i64): i64{
  let res:i64 = smallest_multiple(n);
  if iters == 1{
    println_i64(res);
    0
  }else {
    main_loop(iters - 1,n)
  }
}

def main(iters:i64,n:i64): i64{
  main_loop(iters, n)
}

INFO - got notification with method textDocument/didChange
INFO - loading text data Bool { True, False }

def divides_loop(divisor:i64, max:i64, curr:i64): i64{
    if curr >= max {
      True
    }else{
      if curr % divisor == 0{
        divides_loop(divisor,max,curr + 1)
      }else{
        False
      }
    }
}

def smallest_mulitple_rec(n:i64,curr:i64): i64{
  divides_loop(,
}

def smallest_multiple(n:i64): i64{
  smallest_multiple_rec(n,1)
}

def main_loop(iters:i64,n:i64): i64{
  let res:i64 = smallest_multiple(n);
  if iters == 1{
    println_i64(res);
    0
  }else {
    main_loop(iters - 1,n)
  }
}

def main(iters:i64,n:i64): i64{
  main_loop(iters, n)
}

INFO - got notification with method textDocument/didChange
INFO - loading text data Bool { True, False }

def divides_loop(divisor:i64, max:i64, curr:i64): i64{
    if curr >= max {
      True
    }else{
      if curr % divisor == 0{
        divides_loop(divisor,max,curr + 1)
      }else{
        False
      }
    }
}

def smallest_mulitple_rec(n:i64,curr:i64): i64{
  divides_loop(c,
}

def smallest_multiple(n:i64): i64{
  smallest_multiple_rec(n,1)
}

def main_loop(iters:i64,n:i64): i64{
  let res:i64 = smallest_multiple(n);
  if iters == 1{
    println_i64(res);
    0
  }else {
    main_loop(iters - 1,n)
  }
}

def main(iters:i64,n:i64): i64{
  main_loop(iters, n)
}

INFO - got notification with method textDocument/didChange
INFO - loading text data Bool { True, False }

def divides_loop(divisor:i64, max:i64, curr:i64): i64{
    if curr >= max {
      True
    }else{
      if curr % divisor == 0{
        divides_loop(divisor,max,curr + 1)
      }else{
        False
      }
    }
}

def smallest_mulitple_rec(n:i64,curr:i64): i64{
  divides_loop(cu,
}

def smallest_multiple(n:i64): i64{
  smallest_multiple_rec(n,1)
}

def main_loop(iters:i64,n:i64): i64{
  let res:i64 = smallest_multiple(n);
  if iters == 1{
    println_i64(res);
    0
  }else {
    main_loop(iters - 1,n)
  }
}

def main(iters:i64,n:i64): i64{
  main_loop(iters, n)
}

INFO - got notification with method textDocument/didChange
INFO - loading text data Bool { True, False }

def divides_loop(divisor:i64, max:i64, curr:i64): i64{
    if curr >= max {
      True
    }else{
      if curr % divisor == 0{
        divides_loop(divisor,max,curr + 1)
      }else{
        False
      }
    }
}

def smallest_mulitple_rec(n:i64,curr:i64): i64{
  divides_loop(cur,
}

def smallest_multiple(n:i64): i64{
  smallest_multiple_rec(n,1)
}

def main_loop(iters:i64,n:i64): i64{
  let res:i64 = smallest_multiple(n);
  if iters == 1{
    println_i64(res);
    0
  }else {
    main_loop(iters - 1,n)
  }
}

def main(iters:i64,n:i64): i64{
  main_loop(iters, n)
}

INFO - got notification with method textDocument/didChange
INFO - loading text data Bool { True, False }

def divides_loop(divisor:i64, max:i64, curr:i64): i64{
    if curr >= max {
      True
    }else{
      if curr % divisor == 0{
        divides_loop(divisor,max,curr + 1)
      }else{
        False
      }
    }
}

def smallest_mulitple_rec(n:i64,curr:i64): i64{
  divides_loop(curr,
}

def smallest_multiple(n:i64): i64{
  smallest_multiple_rec(n,1)
}

def main_loop(iters:i64,n:i64): i64{
  let res:i64 = smallest_multiple(n);
  if iters == 1{
    println_i64(res);
    0
  }else {
    main_loop(iters - 1,n)
  }
}

def main(iters:i64,n:i64): i64{
  main_loop(iters, n)
}

INFO - got notification with method textDocument/didChange
INFO - loading text data Bool { True, False }

def divides_loop(divisor:i64, max:i64, curr:i64): i64{
    if curr >= max {
      True
    }else{
      if curr % divisor == 0{
        divides_loop(divisor,max,curr + 1)
      }else{
        False
      }
    }
}

def smallest_mulitple_rec(n:i64,curr:i64): i64{
  divides_loop(curr ,
}

def smallest_multiple(n:i64): i64{
  smallest_multiple_rec(n,1)
}

def main_loop(iters:i64,n:i64): i64{
  let res:i64 = smallest_multiple(n);
  if iters == 1{
    println_i64(res);
    0
  }else {
    main_loop(iters - 1,n)
  }
}

def main(iters:i64,n:i64): i64{
  main_loop(iters, n)
}

INFO - got notification with method textDocument/didChange
INFO - loading text data Bool { True, False }

def divides_loop(divisor:i64, max:i64, curr:i64): i64{
    if curr >= max {
      True
    }else{
      if curr % divisor == 0{
        divides_loop(divisor,max,curr + 1)
      }else{
        False
      }
    }
}

def smallest_mulitple_rec(n:i64,curr:i64): i64{
  divides_loop(curr ,n
}

def smallest_multiple(n:i64): i64{
  smallest_multiple_rec(n,1)
}

def main_loop(iters:i64,n:i64): i64{
  let res:i64 = smallest_multiple(n);
  if iters == 1{
    println_i64(res);
    0
  }else {
    main_loop(iters - 1,n)
  }
}

def main(iters:i64,n:i64): i64{
  main_loop(iters, n)
}

INFO - got notification with method textDocument/didChange
INFO - loading text data Bool { True, False }

def divides_loop(divisor:i64, max:i64, curr:i64): i64{
    if curr >= max {
      True
    }else{
      if curr % divisor == 0{
        divides_loop(divisor,max,curr + 1)
      }else{
        False
      }
    }
}

def smallest_mulitple_rec(n:i64,curr:i64): i64{
  divides_loop(curr,n
}

def smallest_multiple(n:i64): i64{
  smallest_multiple_rec(n,1)
}

def main_loop(iters:i64,n:i64): i64{
  let res:i64 = smallest_multiple(n);
  if iters == 1{
    println_i64(res);
    0
  }else {
    main_loop(iters - 1,n)
  }
}

def main(iters:i64,n:i64): i64{
  main_loop(iters, n)
}

INFO - got notification with method textDocument/didChange
INFO - loading text data Bool { True, False }

def divides_loop(divisor:i64, max:i64, curr:i64): i64{
    if curr >= max {
      True
    }else{
      if curr % divisor == 0{
        divides_loop(divisor,max,curr + 1)
      }else{
        False
      }
    }
}

def smallest_mulitple_rec(n:i64,curr:i64): i64{
  divides_loop(curr,n,
}

def smallest_multiple(n:i64): i64{
  smallest_multiple_rec(n,1)
}

def main_loop(iters:i64,n:i64): i64{
  let res:i64 = smallest_multiple(n);
  if iters == 1{
    println_i64(res);
    0
  }else {
    main_loop(iters - 1,n)
  }
}

def main(iters:i64,n:i64): i64{
  main_loop(iters, n)
}

INFO - got notification with method textDocument/didChange
INFO - loading text data Bool { True, False }

def divides_loop(divisor:i64, max:i64, curr:i64): i64{
    if curr >= max {
      True
    }else{
      if curr % divisor == 0{
        divides_loop(divisor,max,curr + 1)
      }else{
        False
      }
    }
}

def smallest_mulitple_rec(n:i64,curr:i64): i64{
  divides_loop(curr,n,1
}

def smallest_multiple(n:i64): i64{
  smallest_multiple_rec(n,1)
}

def main_loop(iters:i64,n:i64): i64{
  let res:i64 = smallest_multiple(n);
  if iters == 1{
    println_i64(res);
    0
  }else {
    main_loop(iters - 1,n)
  }
}

def main(iters:i64,n:i64): i64{
  main_loop(iters, n)
}

INFO - got notification with method textDocument/didChange
INFO - loading text data Bool { True, False }

def divides_loop(divisor:i64, max:i64, curr:i64): i64{
    if curr >= max {
      True
    }else{
      if curr % divisor == 0{
        divides_loop(divisor,max,curr + 1)
      }else{
        False
      }
    }
}

def smallest_mulitple_rec(n:i64,curr:i64): i64{
  divides_loop(curr,n,1)
}

def smallest_multiple(n:i64): i64{
  smallest_multiple_rec(n,1)
}

def main_loop(iters:i64,n:i64): i64{
  let res:i64 = smallest_multiple(n);
  if iters == 1{
    println_i64(res);
    0
  }else {
    main_loop(iters - 1,n)
  }
}

def main(iters:i64,n:i64): i64{
  main_loop(iters, n)
}

INFO - got notification with method textDocument/didChange
INFO - loading text data Bool { True, False }

def divides_loop(divisor:i64, max:i64, curr:i64): i64{
    if curr >= max {
      True
    }else{
      if curr % divisor == 0{
        divides_loop(divisor,max,curr + 1)
      }else{
        False
      }
    }
}

def smallest_mulitple_rec(n:i64,curr:i64): i64{
  divides_loop(curr,n,1).
}

def smallest_multiple(n:i64): i64{
  smallest_multiple_rec(n,1)
}

def main_loop(iters:i64,n:i64): i64{
  let res:i64 = smallest_multiple(n);
  if iters == 1{
    println_i64(res);
    0
  }else {
    main_loop(iters - 1,n)
  }
}

def main(iters:i64,n:i64): i64{
  main_loop(iters, n)
}

INFO - got notification with method textDocument/didChange
INFO - loading text data Bool { True, False }

def divides_loop(divisor:i64, max:i64, curr:i64): i64{
    if curr >= max {
      True
    }else{
      if curr % divisor == 0{
        divides_loop(divisor,max,curr + 1)
      }else{
        False
      }
    }
}

def smallest_mulitple_rec(n:i64,curr:i64): i64{
  divides_loop(curr,n,1).c
}

def smallest_multiple(n:i64): i64{
  smallest_multiple_rec(n,1)
}

def main_loop(iters:i64,n:i64): i64{
  let res:i64 = smallest_multiple(n);
  if iters == 1{
    println_i64(res);
    0
  }else {
    main_loop(iters - 1,n)
  }
}

def main(iters:i64,n:i64): i64{
  main_loop(iters, n)
}

INFO - got notification with method textDocument/didChange
INFO - loading text data Bool { True, False }

def divides_loop(divisor:i64, max:i64, curr:i64): i64{
    if curr >= max {
      True
    }else{
      if curr % divisor == 0{
        divides_loop(divisor,max,curr + 1)
      }else{
        False
      }
    }
}

def smallest_mulitple_rec(n:i64,curr:i64): i64{
  divides_loop(curr,n,1).ca
}

def smallest_multiple(n:i64): i64{
  smallest_multiple_rec(n,1)
}

def main_loop(iters:i64,n:i64): i64{
  let res:i64 = smallest_multiple(n);
  if iters == 1{
    println_i64(res);
    0
  }else {
    main_loop(iters - 1,n)
  }
}

def main(iters:i64,n:i64): i64{
  main_loop(iters, n)
}

INFO - got notification with method textDocument/didChange
INFO - loading text data Bool { True, False }

def divides_loop(divisor:i64, max:i64, curr:i64): i64{
    if curr >= max {
      True
    }else{
      if curr % divisor == 0{
        divides_loop(divisor,max,curr + 1)
      }else{
        False
      }
    }
}

def smallest_mulitple_rec(n:i64,curr:i64): i64{
  divides_loop(curr,n,1).case
}

def smallest_multiple(n:i64): i64{
  smallest_multiple_rec(n,1)
}

def main_loop(iters:i64,n:i64): i64{
  let res:i64 = smallest_multiple(n);
  if iters == 1{
    println_i64(res);
    0
  }else {
    main_loop(iters - 1,n)
  }
}

def main(iters:i64,n:i64): i64{
  main_loop(iters, n)
}

INFO - got notification with method textDocument/didChange
INFO - loading text data Bool { True, False }

def divides_loop(divisor:i64, max:i64, curr:i64): i64{
    if curr >= max {
      True
    }else{
      if curr % divisor == 0{
        divides_loop(divisor,max,curr + 1)
      }else{
        False
      }
    }
}

def smallest_mulitple_rec(n:i64,curr:i64): i64{
  divides_loop(curr,n,1).case{
}

def smallest_multiple(n:i64): i64{
  smallest_multiple_rec(n,1)
}

def main_loop(iters:i64,n:i64): i64{
  let res:i64 = smallest_multiple(n);
  if iters == 1{
    println_i64(res);
    0
  }else {
    main_loop(iters - 1,n)
  }
}

def main(iters:i64,n:i64): i64{
  main_loop(iters, n)
}

INFO - got notification with method textDocument/didChange
INFO - loading text data Bool { True, False }

def divides_loop(divisor:i64, max:i64, curr:i64): i64{
    if curr >= max {
      True
    }else{
      if curr % divisor == 0{
        divides_loop(divisor,max,curr + 1)
      }else{
        False
      }
    }
}

def smallest_mulitple_rec(n:i64,curr:i64): i64{
  divides_loop(curr,n,1).case{
  
}

def smallest_multiple(n:i64): i64{
  smallest_multiple_rec(n,1)
}

def main_loop(iters:i64,n:i64): i64{
  let res:i64 = smallest_multiple(n);
  if iters == 1{
    println_i64(res);
    0
  }else {
    main_loop(iters - 1,n)
  }
}

def main(iters:i64,n:i64): i64{
  main_loop(iters, n)
}

INFO - got notification with method textDocument/didChange
INFO - loading text data Bool { True, False }

def divides_loop(divisor:i64, max:i64, curr:i64): i64{
    if curr >= max {
      True
    }else{
      if curr % divisor == 0{
        divides_loop(divisor,max,curr + 1)
      }else{
        False
      }
    }
}

def smallest_mulitple_rec(n:i64,curr:i64): i64{
  divides_loop(curr,n,1).case{
  }
}

def smallest_multiple(n:i64): i64{
  smallest_multiple_rec(n,1)
}

def main_loop(iters:i64,n:i64): i64{
  let res:i64 = smallest_multiple(n);
  if iters == 1{
    println_i64(res);
    0
  }else {
    main_loop(iters - 1,n)
  }
}

def main(iters:i64,n:i64): i64{
  main_loop(iters, n)
}

INFO - got notification with method textDocument/didChange
INFO - loading text data Bool { True, False }

def divides_loop(divisor:i64, max:i64, curr:i64): i64{
    if curr >= max {
      True
    }else{
      if curr % divisor == 0{
        divides_loop(divisor,max,curr + 1)
      }else{
        False
      }
    }
}

def smallest_mulitple_rec(n:i64,curr:i64): i64{
  divides_loop(curr,n,1).case{
  
  }
}

def smallest_multiple(n:i64): i64{
  smallest_multiple_rec(n,1)
}

def main_loop(iters:i64,n:i64): i64{
  let res:i64 = smallest_multiple(n);
  if iters == 1{
    println_i64(res);
    0
  }else {
    main_loop(iters - 1,n)
  }
}

def main(iters:i64,n:i64): i64{
  main_loop(iters, n)
}

INFO - got notification with method textDocument/didChange
INFO - loading text data Bool { True, False }

def divides_loop(divisor:i64, max:i64, curr:i64): i64{
    if curr >= max {
      True
    }else{
      if curr % divisor == 0{
        divides_loop(divisor,max,curr + 1)
      }else{
        False
      }
    }
}

def smallest_mulitple_rec(n:i64,curr:i64): i64{
  divides_loop(curr,n,1).case{
   
  }
}

def smallest_multiple(n:i64): i64{
  smallest_multiple_rec(n,1)
}

def main_loop(iters:i64,n:i64): i64{
  let res:i64 = smallest_multiple(n);
  if iters == 1{
    println_i64(res);
    0
  }else {
    main_loop(iters - 1,n)
  }
}

def main(iters:i64,n:i64): i64{
  main_loop(iters, n)
}

INFO - got notification with method textDocument/didChange
INFO - loading text data Bool { True, False }

def divides_loop(divisor:i64, max:i64, curr:i64): i64{
    if curr >= max {
      True
    }else{
      if curr % divisor == 0{
        divides_loop(divisor,max,curr + 1)
      }else{
        False
      }
    }
}

def smallest_mulitple_rec(n:i64,curr:i64): i64{
  divides_loop(curr,n,1).case{
    
  }
}

def smallest_multiple(n:i64): i64{
  smallest_multiple_rec(n,1)
}

def main_loop(iters:i64,n:i64): i64{
  let res:i64 = smallest_multiple(n);
  if iters == 1{
    println_i64(res);
    0
  }else {
    main_loop(iters - 1,n)
  }
}

def main(iters:i64,n:i64): i64{
  main_loop(iters, n)
}

INFO - got notification with method textDocument/didChange
INFO - loading text data Bool { True, False }

def divides_loop(divisor:i64, max:i64, curr:i64): i64{
    if curr >= max {
      True
    }else{
      if curr % divisor == 0{
        divides_loop(divisor,max,curr + 1)
      }else{
        False
      }
    }
}

def smallest_mulitple_rec(n:i64,curr:i64): i64{
  divides_loop(curr,n,1).case{
    T
  }
}

def smallest_multiple(n:i64): i64{
  smallest_multiple_rec(n,1)
}

def main_loop(iters:i64,n:i64): i64{
  let res:i64 = smallest_multiple(n);
  if iters == 1{
    println_i64(res);
    0
  }else {
    main_loop(iters - 1,n)
  }
}

def main(iters:i64,n:i64): i64{
  main_loop(iters, n)
}

INFO - got notification with method textDocument/didChange
INFO - loading text data Bool { True, False }

def divides_loop(divisor:i64, max:i64, curr:i64): i64{
    if curr >= max {
      True
    }else{
      if curr % divisor == 0{
        divides_loop(divisor,max,curr + 1)
      }else{
        False
      }
    }
}

def smallest_mulitple_rec(n:i64,curr:i64): i64{
  divides_loop(curr,n,1).case{
    Tr
  }
}

def smallest_multiple(n:i64): i64{
  smallest_multiple_rec(n,1)
}

def main_loop(iters:i64,n:i64): i64{
  let res:i64 = smallest_multiple(n);
  if iters == 1{
    println_i64(res);
    0
  }else {
    main_loop(iters - 1,n)
  }
}

def main(iters:i64,n:i64): i64{
  main_loop(iters, n)
}

INFO - got notification with method textDocument/didChange
INFO - loading text data Bool { True, False }

def divides_loop(divisor:i64, max:i64, curr:i64): i64{
    if curr >= max {
      True
    }else{
      if curr % divisor == 0{
        divides_loop(divisor,max,curr + 1)
      }else{
        False
      }
    }
}

def smallest_mulitple_rec(n:i64,curr:i64): i64{
  divides_loop(curr,n,1).case{
    True
  }
}

def smallest_multiple(n:i64): i64{
  smallest_multiple_rec(n,1)
}

def main_loop(iters:i64,n:i64): i64{
  let res:i64 = smallest_multiple(n);
  if iters == 1{
    println_i64(res);
    0
  }else {
    main_loop(iters - 1,n)
  }
}

def main(iters:i64,n:i64): i64{
  main_loop(iters, n)
}

INFO - got notification with method textDocument/didChange
INFO - loading text data Bool { True, False }

def divides_loop(divisor:i64, max:i64, curr:i64): i64{
    if curr >= max {
      True
    }else{
      if curr % divisor == 0{
        divides_loop(divisor,max,curr + 1)
      }else{
        False
      }
    }
}

def smallest_mulitple_rec(n:i64,curr:i64): i64{
  divides_loop(curr,n,1).case{
    True 
  }
}

def smallest_multiple(n:i64): i64{
  smallest_multiple_rec(n,1)
}

def main_loop(iters:i64,n:i64): i64{
  let res:i64 = smallest_multiple(n);
  if iters == 1{
    println_i64(res);
    0
  }else {
    main_loop(iters - 1,n)
  }
}

def main(iters:i64,n:i64): i64{
  main_loop(iters, n)
}

INFO - got notification with method textDocument/didChange
INFO - loading text data Bool { True, False }

def divides_loop(divisor:i64, max:i64, curr:i64): i64{
    if curr >= max {
      True
    }else{
      if curr % divisor == 0{
        divides_loop(divisor,max,curr + 1)
      }else{
        False
      }
    }
}

def smallest_mulitple_rec(n:i64,curr:i64): i64{
  divides_loop(curr,n,1).case{
    True =
  }
}

def smallest_multiple(n:i64): i64{
  smallest_multiple_rec(n,1)
}

def main_loop(iters:i64,n:i64): i64{
  let res:i64 = smallest_multiple(n);
  if iters == 1{
    println_i64(res);
    0
  }else {
    main_loop(iters - 1,n)
  }
}

def main(iters:i64,n:i64): i64{
  main_loop(iters, n)
}

INFO - got notification with method textDocument/didChange
INFO - loading text data Bool { True, False }

def divides_loop(divisor:i64, max:i64, curr:i64): i64{
    if curr >= max {
      True
    }else{
      if curr % divisor == 0{
        divides_loop(divisor,max,curr + 1)
      }else{
        False
      }
    }
}

def smallest_mulitple_rec(n:i64,curr:i64): i64{
  divides_loop(curr,n,1).case{
    True =>
  }
}

def smallest_multiple(n:i64): i64{
  smallest_multiple_rec(n,1)
}

def main_loop(iters:i64,n:i64): i64{
  let res:i64 = smallest_multiple(n);
  if iters == 1{
    println_i64(res);
    0
  }else {
    main_loop(iters - 1,n)
  }
}

def main(iters:i64,n:i64): i64{
  main_loop(iters, n)
}

INFO - got notification with method textDocument/didChange
INFO - loading text data Bool { True, False }

def divides_loop(divisor:i64, max:i64, curr:i64): i64{
    if curr >= max {
      True
    }else{
      if curr % divisor == 0{
        divides_loop(divisor,max,curr + 1)
      }else{
        False
      }
    }
}

def smallest_mulitple_rec(n:i64,curr:i64): i64{
  divides_loop(curr,n,1).case{
    True => 
  }
}

def smallest_multiple(n:i64): i64{
  smallest_multiple_rec(n,1)
}

def main_loop(iters:i64,n:i64): i64{
  let res:i64 = smallest_multiple(n);
  if iters == 1{
    println_i64(res);
    0
  }else {
    main_loop(iters - 1,n)
  }
}

def main(iters:i64,n:i64): i64{
  main_loop(iters, n)
}

INFO - got notification with method textDocument/didChange
INFO - loading text data Bool { True, False }

def divides_loop(divisor:i64, max:i64, curr:i64): i64{
    if curr >= max {
      Tru
    }else{
      if curr % divisor == 0{
        divides_loop(divisor,max,curr + 1)
      }else{
        False
      }
    }
}

def smallest_mulitple_rec(n:i64,curr:i64): i64{
  divides_loop(curr,n,1).case{
    True => 
  }
}

def smallest_multiple(n:i64): i64{
  smallest_multiple_rec(n,1)
}

def main_loop(iters:i64,n:i64): i64{
  let res:i64 = smallest_multiple(n);
  if iters == 1{
    println_i64(res);
    0
  }else {
    main_loop(iters - 1,n)
  }
}

def main(iters:i64,n:i64): i64{
  main_loop(iters, n)
}

INFO - got notification with method textDocument/didChange
INFO - loading text data Bool { True, False }

def divides_loop(divisor:i64, max:i64, curr:i64): i64{
    if curr >= max {
      
    }else{
      if curr % divisor == 0{
        divides_loop(divisor,max,curr + 1)
      }else{
        False
      }
    }
}

def smallest_mulitple_rec(n:i64,curr:i64): i64{
  divides_loop(curr,n,1).case{
    True => 
  }
}

def smallest_multiple(n:i64): i64{
  smallest_multiple_rec(n,1)
}

def main_loop(iters:i64,n:i64): i64{
  let res:i64 = smallest_multiple(n);
  if iters == 1{
    println_i64(res);
    0
  }else {
    main_loop(iters - 1,n)
  }
}

def main(iters:i64,n:i64): i64{
  main_loop(iters, n)
}

INFO - got notification with method textDocument/didChange
INFO - loading text data Bool { True, False }

def divides_loop(divisor:i64, max:i64, curr:i64): i64{
    if curr >= max {
      c
    }else{
      if curr % divisor == 0{
        divides_loop(divisor,max,curr + 1)
      }else{
        False
      }
    }
}

def smallest_mulitple_rec(n:i64,curr:i64): i64{
  divides_loop(curr,n,1).case{
    True => 
  }
}

def smallest_multiple(n:i64): i64{
  smallest_multiple_rec(n,1)
}

def main_loop(iters:i64,n:i64): i64{
  let res:i64 = smallest_multiple(n);
  if iters == 1{
    println_i64(res);
    0
  }else {
    main_loop(iters - 1,n)
  }
}

def main(iters:i64,n:i64): i64{
  main_loop(iters, n)
}

INFO - got notification with method textDocument/didChange
INFO - loading text data Bool { True, False }

def divides_loop(divisor:i64, max:i64, curr:i64): i64{
    if curr >= max {
      cur
    }else{
      if curr % divisor == 0{
        divides_loop(divisor,max,curr + 1)
      }else{
        False
      }
    }
}

def smallest_mulitple_rec(n:i64,curr:i64): i64{
  divides_loop(curr,n,1).case{
    True => 
  }
}

def smallest_multiple(n:i64): i64{
  smallest_multiple_rec(n,1)
}

def main_loop(iters:i64,n:i64): i64{
  let res:i64 = smallest_multiple(n);
  if iters == 1{
    println_i64(res);
    0
  }else {
    main_loop(iters - 1,n)
  }
}

def main(iters:i64,n:i64): i64{
  main_loop(iters, n)
}

INFO - got notification with method textDocument/didChange
INFO - loading text data Bool { True, False }

def divides_loop(divisor:i64, max:i64, curr:i64): i64{
    if curr >= max {
      curr
    }else{
      if curr % divisor == 0{
        divides_loop(divisor,max,curr + 1)
      }else{
        False
      }
    }
}

def smallest_mulitple_rec(n:i64,curr:i64): i64{
  divides_loop(curr,n,1).case{
    True => 
  }
}

def smallest_multiple(n:i64): i64{
  smallest_multiple_rec(n,1)
}

def main_loop(iters:i64,n:i64): i64{
  let res:i64 = smallest_multiple(n);
  if iters == 1{
    println_i64(res);
    0
  }else {
    main_loop(iters - 1,n)
  }
}

def main(iters:i64,n:i64): i64{
  main_loop(iters, n)
}

INFO - got notification with method textDocument/didChange
INFO - loading text data Bool { True, False }

def divides_loop(divisor:i64, max:i64, curr:i64): i64{
    if curr >= max {
      curr
    }else{
      if curr % divisor == 0{
        divides_loop(divisor,max,curr + 1)
      }else{
        
      }
    }
}

def smallest_mulitple_rec(n:i64,curr:i64): i64{
  divides_loop(curr,n,1).case{
    True => 
  }
}

def smallest_multiple(n:i64): i64{
  smallest_multiple_rec(n,1)
}

def main_loop(iters:i64,n:i64): i64{
  let res:i64 = smallest_multiple(n);
  if iters == 1{
    println_i64(res);
    0
  }else {
    main_loop(iters - 1,n)
  }
}

def main(iters:i64,n:i64): i64{
  main_loop(iters, n)
}

INFO - got notification with method textDocument/didChange
INFO - loading text data Bool { True, False }

def divides_loop(divisor:i64, max:i64, curr:i64): i64{
    if curr >= max {
      curr
    }else{
      if curr % divisor == 0{
        divides_loop(divisor,max,curr + 1)
      }else{
        c
      }
    }
}

def smallest_mulitple_rec(n:i64,curr:i64): i64{
  divides_loop(curr,n,1).case{
    True => 
  }
}

def smallest_multiple(n:i64): i64{
  smallest_multiple_rec(n,1)
}

def main_loop(iters:i64,n:i64): i64{
  let res:i64 = smallest_multiple(n);
  if iters == 1{
    println_i64(res);
    0
  }else {
    main_loop(iters - 1,n)
  }
}

def main(iters:i64,n:i64): i64{
  main_loop(iters, n)
}

INFO - got notification with method textDocument/didChange
INFO - loading text data Bool { True, False }

def divides_loop(divisor:i64, max:i64, curr:i64): i64{
    if curr >= max {
      curr
    }else{
      if curr % divisor == 0{
        divides_loop(divisor,max,curr + 1)
      }else{
        cur
      }
    }
}

def smallest_mulitple_rec(n:i64,curr:i64): i64{
  divides_loop(curr,n,1).case{
    True => 
  }
}

def smallest_multiple(n:i64): i64{
  smallest_multiple_rec(n,1)
}

def main_loop(iters:i64,n:i64): i64{
  let res:i64 = smallest_multiple(n);
  if iters == 1{
    println_i64(res);
    0
  }else {
    main_loop(iters - 1,n)
  }
}

def main(iters:i64,n:i64): i64{
  main_loop(iters, n)
}

INFO - got notification with method textDocument/didChange
INFO - loading text data Bool { True, False }

def divides_loop(divisor:i64, max:i64, curr:i64): i64{
    if curr >= max {
      curr
    }else{
      if curr % divisor == 0{
        divides_loop(divisor,max,curr + 1)
      }else{
        curr
      }
    }
}

def smallest_mulitple_rec(n:i64,curr:i64): i64{
  divides_loop(curr,n,1).case{
    True => 
  }
}

def smallest_multiple(n:i64): i64{
  smallest_multiple_rec(n,1)
}

def main_loop(iters:i64,n:i64): i64{
  let res:i64 = smallest_multiple(n);
  if iters == 1{
    println_i64(res);
    0
  }else {
    main_loop(iters - 1,n)
  }
}

def main(iters:i64,n:i64): i64{
  main_loop(iters, n)
}

INFO - got notification with method textDocument/didChange
INFO - loading text data Bool { True, False }

def divides_loop(divisor:i64, max:i64, curr:i64): i64{
    if curr >= max {
      curr
    }else{
      if curr % divisor == 0{
        divides_loop(divisor,max,curr + 1)
      }else{
        False
      }
    }
}

def smallest_mulitple_rec(n:i64,curr:i64): i64{
  divides_loop(curr,n,1).case{
    True => 
  }
}

def smallest_multiple(n:i64): i64{
  smallest_multiple_rec(n,1)
}

def main_loop(iters:i64,n:i64): i64{
  let res:i64 = smallest_multiple(n);
  if iters == 1{
    println_i64(res);
    0
  }else {
    main_loop(iters - 1,n)
  }
}

def main(iters:i64,n:i64): i64{
  main_loop(iters, n)
}

INFO - got notification with method textDocument/didChange
INFO - loading text data Bool { True, False }

def divides_loop(divisor:i64, max:i64, curr:i64): i64{
    if curr >= max {
      True
    }else{
      if curr % divisor == 0{
        divides_loop(divisor,max,curr + 1)
      }else{
        False
      }
    }
}

def smallest_mulitple_rec(n:i64,curr:i64): i64{
  divides_loop(curr,n,1).case{
    True => 
  }
}

def smallest_multiple(n:i64): i64{
  smallest_multiple_rec(n,1)
}

def main_loop(iters:i64,n:i64): i64{
  let res:i64 = smallest_multiple(n);
  if iters == 1{
    println_i64(res);
    0
  }else {
    main_loop(iters - 1,n)
  }
}

def main(iters:i64,n:i64): i64{
  main_loop(iters, n)
}

INFO - got notification with method textDocument/didChange
INFO - loading text data Bool { True, False }


    if curr >= max {
      True
    }else{
      if curr % divisor == 0{
        divides_loop(divisor,max,curr + 1)
      }else{
        False
      }
    }
}

def smallest_mulitple_rec(n:i64,curr:i64): i64{
  divides_loop(curr,n,1).case{
    True => 
  }
}

def smallest_multiple(n:i64): i64{
  smallest_multiple_rec(n,1)
}

def main_loop(iters:i64,n:i64): i64{
  let res:i64 = smallest_multiple(n);
  if iters == 1{
    println_i64(res);
    0
  }else {
    main_loop(iters - 1,n)
  }
}

def main(iters:i64,n:i64): i64{
  main_loop(iters, n)
}

INFO - got notification with method textDocument/didChange
INFO - loading text data Bool { True, False }



def smallest_multiple(n:i64): i64{
  smallest_multiple_rec(n,1)
}

def main_loop(iters:i64,n:i64): i64{
  let res:i64 = smallest_multiple(n);
  if iters == 1{
    println_i64(res);
    0
  }else {
    main_loop(iters - 1,n)
  }
}

def main(iters:i64,n:i64): i64{
  main_loop(iters, n)
}

INFO - got notification with method textDocument/didChange
INFO - loading text data Bool { True, False }



def smallest_multiple(n:i64): i64{
  smallest_multiple_rec(n,1)
}

def main_loop(iters:i64,n:i64): i64{
  let res:i64 = smallest_multiple(n);
  if iters == 1{
    println_i64(res);
    0
  }else {
    main_loop(iters - 1,n)
  }
}

def main(iters:i64,n:i64): i64{
  main_loop(iters, n)
}

INFO - got notification with method textDocument/didChange
INFO - loading text data Bool { True, False }

def smallest_multiple(n:i64): i64{
  smallest_multiple_rec(n,1)
}

def main_loop(iters:i64,n:i64): i64{
  let res:i64 = smallest_multiple(n);
  if iters == 1{
    println_i64(res);
    0
  }else {
    main_loop(iters - 1,n)
  }
}

def main(iters:i64,n:i64): i64{
  main_loop(iters, n)
}

INFO - got notification with method textDocument/didChange
INFO - loading text data Bool { True, False }

def smallest_multiple(n:i64): i64{
}

def main_loop(iters:i64,n:i64): i64{
  let res:i64 = smallest_multiple(n);
  if iters == 1{
    println_i64(res);
    0
  }else {
    main_loop(iters - 1,n)
  }
}

def main(iters:i64,n:i64): i64{
  main_loop(iters, n)
}

INFO - got notification with method textDocument/didChange
INFO - loading text data Bool { True, False }

def smallest_multiple(n:i64): i64{

}

def main_loop(iters:i64,n:i64): i64{
  let res:i64 = smallest_multiple(n);
  if iters == 1{
    println_i64(res);
    0
  }else {
    main_loop(iters - 1,n)
  }
}

def main(iters:i64,n:i64): i64{
  main_loop(iters, n)
}

INFO - got notification with method textDocument/didChange
INFO - loading text data Bool { True, False }

def smallest_multiple(n:i64): i64{
0
}

def main_loop(iters:i64,n:i64): i64{
  let res:i64 = smallest_multiple(n);
  if iters == 1{
    println_i64(res);
    0
  }else {
    main_loop(iters - 1,n)
  }
}

def main(iters:i64,n:i64): i64{
  main_loop(iters, n)
}

INFO - got notification with method textDocument/didChange
INFO - loading text data Bool { True, False }

def smallest_multiple(n:i64): i64{

0
}

def main_loop(iters:i64,n:i64): i64{
  let res:i64 = smallest_multiple(n);
  if iters == 1{
    println_i64(res);
    0
  }else {
    main_loop(iters - 1,n)
  }
}

def main(iters:i64,n:i64): i64{
  main_loop(iters, n)
}

INFO - got notification with method textDocument/didChange
INFO - loading text data Bool { True, False }

def smallest_multiple(n:i64): i64{
  
0
}

def main_loop(iters:i64,n:i64): i64{
  let res:i64 = smallest_multiple(n);
  if iters == 1{
    println_i64(res);
    0
  }else {
    main_loop(iters - 1,n)
  }
}

def main(iters:i64,n:i64): i64{
  main_loop(iters, n)
}

INFO - got notification with method textDocument/didChange
INFO - loading text data Bool { True, False }

def smallest_multiple(n:i64): i64{
  d
0
}

def main_loop(iters:i64,n:i64): i64{
  let res:i64 = smallest_multiple(n);
  if iters == 1{
    println_i64(res);
    0
  }else {
    main_loop(iters - 1,n)
  }
}

def main(iters:i64,n:i64): i64{
  main_loop(iters, n)
}

INFO - got notification with method textDocument/didChange
INFO - loading text data Bool { True, False }

def smallest_multiple(n:i64): i64{
  di
0
}

def main_loop(iters:i64,n:i64): i64{
  let res:i64 = smallest_multiple(n);
  if iters == 1{
    println_i64(res);
    0
  }else {
    main_loop(iters - 1,n)
  }
}

def main(iters:i64,n:i64): i64{
  main_loop(iters, n)
}

INFO - got notification with method textDocument/didChange
INFO - loading text data Bool { True, False }

def smallest_multiple(n:i64): i64{
  divi
0
}

def main_loop(iters:i64,n:i64): i64{
  let res:i64 = smallest_multiple(n);
  if iters == 1{
    println_i64(res);
    0
  }else {
    main_loop(iters - 1,n)
  }
}

def main(iters:i64,n:i64): i64{
  main_loop(iters, n)
}

INFO - got notification with method textDocument/didChange
INFO - loading text data Bool { True, False }

def smallest_multiple(n:i64): i64{
  divid
0
}

def main_loop(iters:i64,n:i64): i64{
  let res:i64 = smallest_multiple(n);
  if iters == 1{
    println_i64(res);
    0
  }else {
    main_loop(iters - 1,n)
  }
}

def main(iters:i64,n:i64): i64{
  main_loop(iters, n)
}

INFO - got notification with method textDocument/didChange
INFO - loading text data Bool { True, False }

def smallest_multiple(n:i64): i64{
  divide
0
}

def main_loop(iters:i64,n:i64): i64{
  let res:i64 = smallest_multiple(n);
  if iters == 1{
    println_i64(res);
    0
  }else {
    main_loop(iters - 1,n)
  }
}

def main(iters:i64,n:i64): i64{
  main_loop(iters, n)
}

INFO - got notification with method textDocument/didChange
INFO - loading text data Bool { True, False }

def smallest_multiple(n:i64): i64{
  divide_
0
}

def main_loop(iters:i64,n:i64): i64{
  let res:i64 = smallest_multiple(n);
  if iters == 1{
    println_i64(res);
    0
  }else {
    main_loop(iters - 1,n)
  }
}

def main(iters:i64,n:i64): i64{
  main_loop(iters, n)
}

INFO - got notification with method textDocument/didChange
INFO - loading text data Bool { True, False }

def smallest_multiple(n:i64): i64{
  divide_r
0
}

def main_loop(iters:i64,n:i64): i64{
  let res:i64 = smallest_multiple(n);
  if iters == 1{
    println_i64(res);
    0
  }else {
    main_loop(iters - 1,n)
  }
}

def main(iters:i64,n:i64): i64{
  main_loop(iters, n)
}

INFO - got notification with method textDocument/didChange
INFO - loading text data Bool { True, False }

def smallest_multiple(n:i64): i64{
  divide_ra
0
}

def main_loop(iters:i64,n:i64): i64{
  let res:i64 = smallest_multiple(n);
  if iters == 1{
    println_i64(res);
    0
  }else {
    main_loop(iters - 1,n)
  }
}

def main(iters:i64,n:i64): i64{
  main_loop(iters, n)
}

INFO - got notification with method textDocument/didChange
INFO - loading text data Bool { True, False }

def smallest_multiple(n:i64): i64{
  divide_ran
0
}

def main_loop(iters:i64,n:i64): i64{
  let res:i64 = smallest_multiple(n);
  if iters == 1{
    println_i64(res);
    0
  }else {
    main_loop(iters - 1,n)
  }
}

def main(iters:i64,n:i64): i64{
  main_loop(iters, n)
}

INFO - got notification with method textDocument/didChange
INFO - loading text data Bool { True, False }

def smallest_multiple(n:i64): i64{
  divide_range
0
}

def main_loop(iters:i64,n:i64): i64{
  let res:i64 = smallest_multiple(n);
  if iters == 1{
    println_i64(res);
    0
  }else {
    main_loop(iters - 1,n)
  }
}

def main(iters:i64,n:i64): i64{
  main_loop(iters, n)
}

INFO - got notification with method textDocument/didChange
INFO - loading text data Bool { True, False }

def smallest_multiple(n:i64): i64{
  divide_range(
0
}

def main_loop(iters:i64,n:i64): i64{
  let res:i64 = smallest_multiple(n);
  if iters == 1{
    println_i64(res);
    0
  }else {
    main_loop(iters - 1,n)
  }
}

def main(iters:i64,n:i64): i64{
  main_loop(iters, n)
}

INFO - got notification with method textDocument/didChange
INFO - loading text data Bool { True, False }

def smallest_multiple(n:i64): i64{
  divide_range(1
0
}

def main_loop(iters:i64,n:i64): i64{
  let res:i64 = smallest_multiple(n);
  if iters == 1{
    println_i64(res);
    0
  }else {
    main_loop(iters - 1,n)
  }
}

def main(iters:i64,n:i64): i64{
  main_loop(iters, n)
}

INFO - got notification with method textDocument/didChange
INFO - loading text data Bool { True, False }

def smallest_multiple(n:i64): i64{
  divide_range(1,n
0
}

def main_loop(iters:i64,n:i64): i64{
  let res:i64 = smallest_multiple(n);
  if iters == 1{
    println_i64(res);
    0
  }else {
    main_loop(iters - 1,n)
  }
}

def main(iters:i64,n:i64): i64{
  main_loop(iters, n)
}

INFO - got notification with method textDocument/didChange
INFO - loading text data Bool { True, False }

def smallest_multiple(n:i64): i64{
  divide_range(1,n)
0
}

def main_loop(iters:i64,n:i64): i64{
  let res:i64 = smallest_multiple(n);
  if iters == 1{
    println_i64(res);
    0
  }else {
    main_loop(iters - 1,n)
  }
}

def main(iters:i64,n:i64): i64{
  main_loop(iters, n)
}

INFO - got notification with method textDocument/didChange
INFO - loading text data Bool { True, False }

def smallest_multiple(n:i64): i64{
  divide_range(1,n)
}

def main_loop(iters:i64,n:i64): i64{
  let res:i64 = smallest_multiple(n);
  if iters == 1{
    println_i64(res);
    0
  }else {
    main_loop(iters - 1,n)
  }
}

def main(iters:i64,n:i64): i64{
  main_loop(iters, n)
}

INFO - got notification with method textDocument/didChange
INFO - loading text data Bool { True, False }


def smallest_multiple(n:i64): i64{
  divide_range(1,n)
}

def main_loop(iters:i64,n:i64): i64{
  let res:i64 = smallest_multiple(n);
  if iters == 1{
    println_i64(res);
    0
  }else {
    main_loop(iters - 1,n)
  }
}

def main(iters:i64,n:i64): i64{
  main_loop(iters, n)
}

INFO - got notification with method textDocument/didChange
INFO - loading text data Bool { True, False }



def smallest_multiple(n:i64): i64{
  divide_range(1,n)
}

def main_loop(iters:i64,n:i64): i64{
  let res:i64 = smallest_multiple(n);
  if iters == 1{
    println_i64(res);
    0
  }else {
    main_loop(iters - 1,n)
  }
}

def main(iters:i64,n:i64): i64{
  main_loop(iters, n)
}

INFO - got notification with method textDocument/didChange
INFO - loading text data Bool { True, False }

d

def smallest_multiple(n:i64): i64{
  divide_range(1,n)
}

def main_loop(iters:i64,n:i64): i64{
  let res:i64 = smallest_multiple(n);
  if iters == 1{
    println_i64(res);
    0
  }else {
    main_loop(iters - 1,n)
  }
}

def main(iters:i64,n:i64): i64{
  main_loop(iters, n)
}

INFO - got notification with method textDocument/didChange
INFO - loading text data Bool { True, False }

def

def smallest_multiple(n:i64): i64{
  divide_range(1,n)
}

def main_loop(iters:i64,n:i64): i64{
  let res:i64 = smallest_multiple(n);
  if iters == 1{
    println_i64(res);
    0
  }else {
    main_loop(iters - 1,n)
  }
}

def main(iters:i64,n:i64): i64{
  main_loop(iters, n)
}

INFO - got notification with method textDocument/didChange
INFO - loading text data Bool { True, False }

def 

def smallest_multiple(n:i64): i64{
  divide_range(1,n)
}

def main_loop(iters:i64,n:i64): i64{
  let res:i64 = smallest_multiple(n);
  if iters == 1{
    println_i64(res);
    0
  }else {
    main_loop(iters - 1,n)
  }
}

def main(iters:i64,n:i64): i64{
  main_loop(iters, n)
}

INFO - got notification with method textDocument/didChange
INFO - loading text data Bool { True, False }

def di

def smallest_multiple(n:i64): i64{
  divide_range(1,n)
}

def main_loop(iters:i64,n:i64): i64{
  let res:i64 = smallest_multiple(n);
  if iters == 1{
    println_i64(res);
    0
  }else {
    main_loop(iters - 1,n)
  }
}

def main(iters:i64,n:i64): i64{
  main_loop(iters, n)
}

INFO - got notification with method textDocument/didChange
INFO - loading text data Bool { True, False }

def divi

def smallest_multiple(n:i64): i64{
  divide_range(1,n)
}

def main_loop(iters:i64,n:i64): i64{
  let res:i64 = smallest_multiple(n);
  if iters == 1{
    println_i64(res);
    0
  }else {
    main_loop(iters - 1,n)
  }
}

def main(iters:i64,n:i64): i64{
  main_loop(iters, n)
}

INFO - got notification with method textDocument/didChange
INFO - loading text data Bool { True, False }

def divid

def smallest_multiple(n:i64): i64{
  divide_range(1,n)
}

def main_loop(iters:i64,n:i64): i64{
  let res:i64 = smallest_multiple(n);
  if iters == 1{
    println_i64(res);
    0
  }else {
    main_loop(iters - 1,n)
  }
}

def main(iters:i64,n:i64): i64{
  main_loop(iters, n)
}

INFO - got notification with method textDocument/didChange
INFO - loading text data Bool { True, False }

def divide

def smallest_multiple(n:i64): i64{
  divide_range(1,n)
}

def main_loop(iters:i64,n:i64): i64{
  let res:i64 = smallest_multiple(n);
  if iters == 1{
    println_i64(res);
    0
  }else {
    main_loop(iters - 1,n)
  }
}

def main(iters:i64,n:i64): i64{
  main_loop(iters, n)
}

INFO - got notification with method textDocument/didChange
INFO - loading text data Bool { True, False }

def divide_

def smallest_multiple(n:i64): i64{
  divide_range(1,n)
}

def main_loop(iters:i64,n:i64): i64{
  let res:i64 = smallest_multiple(n);
  if iters == 1{
    println_i64(res);
    0
  }else {
    main_loop(iters - 1,n)
  }
}

def main(iters:i64,n:i64): i64{
  main_loop(iters, n)
}

INFO - got notification with method textDocument/didChange
INFO - loading text data Bool { True, False }

def divide_r

def smallest_multiple(n:i64): i64{
  divide_range(1,n)
}

def main_loop(iters:i64,n:i64): i64{
  let res:i64 = smallest_multiple(n);
  if iters == 1{
    println_i64(res);
    0
  }else {
    main_loop(iters - 1,n)
  }
}

def main(iters:i64,n:i64): i64{
  main_loop(iters, n)
}

INFO - got notification with method textDocument/didChange
INFO - loading text data Bool { True, False }

def divide_ran

def smallest_multiple(n:i64): i64{
  divide_range(1,n)
}

def main_loop(iters:i64,n:i64): i64{
  let res:i64 = smallest_multiple(n);
  if iters == 1{
    println_i64(res);
    0
  }else {
    main_loop(iters - 1,n)
  }
}

def main(iters:i64,n:i64): i64{
  main_loop(iters, n)
}

INFO - got notification with method textDocument/didChange
INFO - loading text data Bool { True, False }

def divide_range

def smallest_multiple(n:i64): i64{
  divide_range(1,n)
}

def main_loop(iters:i64,n:i64): i64{
  let res:i64 = smallest_multiple(n);
  if iters == 1{
    println_i64(res);
    0
  }else {
    main_loop(iters - 1,n)
  }
}

def main(iters:i64,n:i64): i64{
  main_loop(iters, n)
}

INFO - got notification with method textDocument/didChange
INFO - loading text data Bool { True, False }

def divide_range(

def smallest_multiple(n:i64): i64{
  divide_range(1,n)
}

def main_loop(iters:i64,n:i64): i64{
  let res:i64 = smallest_multiple(n);
  if iters == 1{
    println_i64(res);
    0
  }else {
    main_loop(iters - 1,n)
  }
}

def main(iters:i64,n:i64): i64{
  main_loop(iters, n)
}

INFO - got notification with method textDocument/didChange
INFO - loading text data Bool { True, False }

def divide_range(m

def smallest_multiple(n:i64): i64{
  divide_range(1,n)
}

def main_loop(iters:i64,n:i64): i64{
  let res:i64 = smallest_multiple(n);
  if iters == 1{
    println_i64(res);
    0
  }else {
    main_loop(iters - 1,n)
  }
}

def main(iters:i64,n:i64): i64{
  main_loop(iters, n)
}

INFO - got notification with method textDocument/didChange
INFO - loading text data Bool { True, False }

def divide_range(mi

def smallest_multiple(n:i64): i64{
  divide_range(1,n)
}

def main_loop(iters:i64,n:i64): i64{
  let res:i64 = smallest_multiple(n);
  if iters == 1{
    println_i64(res);
    0
  }else {
    main_loop(iters - 1,n)
  }
}

def main(iters:i64,n:i64): i64{
  main_loop(iters, n)
}

INFO - got notification with method textDocument/didChange
INFO - loading text data Bool { True, False }

def divide_range(min

def smallest_multiple(n:i64): i64{
  divide_range(1,n)
}

def main_loop(iters:i64,n:i64): i64{
  let res:i64 = smallest_multiple(n);
  if iters == 1{
    println_i64(res);
    0
  }else {
    main_loop(iters - 1,n)
  }
}

def main(iters:i64,n:i64): i64{
  main_loop(iters, n)
}

INFO - got notification with method textDocument/didChange
INFO - loading text data Bool { True, False }

def divide_range(min:

def smallest_multiple(n:i64): i64{
  divide_range(1,n)
}

def main_loop(iters:i64,n:i64): i64{
  let res:i64 = smallest_multiple(n);
  if iters == 1{
    println_i64(res);
    0
  }else {
    main_loop(iters - 1,n)
  }
}

def main(iters:i64,n:i64): i64{
  main_loop(iters, n)
}

INFO - got notification with method textDocument/didChange
INFO - loading text data Bool { True, False }

def divide_range(min:i

def smallest_multiple(n:i64): i64{
  divide_range(1,n)
}

def main_loop(iters:i64,n:i64): i64{
  let res:i64 = smallest_multiple(n);
  if iters == 1{
    println_i64(res);
    0
  }else {
    main_loop(iters - 1,n)
  }
}

def main(iters:i64,n:i64): i64{
  main_loop(iters, n)
}

INFO - got notification with method textDocument/didChange
INFO - loading text data Bool { True, False }

def divide_range(min:i64

def smallest_multiple(n:i64): i64{
  divide_range(1,n)
}

def main_loop(iters:i64,n:i64): i64{
  let res:i64 = smallest_multiple(n);
  if iters == 1{
    println_i64(res);
    0
  }else {
    main_loop(iters - 1,n)
  }
}

def main(iters:i64,n:i64): i64{
  main_loop(iters, n)
}

INFO - got notification with method textDocument/didChange
INFO - loading text data Bool { True, False }

def divide_range(min:i64,

def smallest_multiple(n:i64): i64{
  divide_range(1,n)
}

def main_loop(iters:i64,n:i64): i64{
  let res:i64 = smallest_multiple(n);
  if iters == 1{
    println_i64(res);
    0
  }else {
    main_loop(iters - 1,n)
  }
}

def main(iters:i64,n:i64): i64{
  main_loop(iters, n)
}

INFO - got notification with method textDocument/didChange
INFO - loading text data Bool { True, False }

def divide_range(min:i64,m

def smallest_multiple(n:i64): i64{
  divide_range(1,n)
}

def main_loop(iters:i64,n:i64): i64{
  let res:i64 = smallest_multiple(n);
  if iters == 1{
    println_i64(res);
    0
  }else {
    main_loop(iters - 1,n)
  }
}

def main(iters:i64,n:i64): i64{
  main_loop(iters, n)
}

INFO - got notification with method textDocument/didChange
INFO - loading text data Bool { True, False }

def divide_range(min:i64,max

def smallest_multiple(n:i64): i64{
  divide_range(1,n)
}

def main_loop(iters:i64,n:i64): i64{
  let res:i64 = smallest_multiple(n);
  if iters == 1{
    println_i64(res);
    0
  }else {
    main_loop(iters - 1,n)
  }
}

def main(iters:i64,n:i64): i64{
  main_loop(iters, n)
}

INFO - got notification with method textDocument/didChange
INFO - loading text data Bool { True, False }

def divide_range(min:i64,max:

def smallest_multiple(n:i64): i64{
  divide_range(1,n)
}

def main_loop(iters:i64,n:i64): i64{
  let res:i64 = smallest_multiple(n);
  if iters == 1{
    println_i64(res);
    0
  }else {
    main_loop(iters - 1,n)
  }
}

def main(iters:i64,n:i64): i64{
  main_loop(iters, n)
}

INFO - got notification with method textDocument/didChange
INFO - loading text data Bool { True, False }

def divide_range(min:i64,max:i

def smallest_multiple(n:i64): i64{
  divide_range(1,n)
}

def main_loop(iters:i64,n:i64): i64{
  let res:i64 = smallest_multiple(n);
  if iters == 1{
    println_i64(res);
    0
  }else {
    main_loop(iters - 1,n)
  }
}

def main(iters:i64,n:i64): i64{
  main_loop(iters, n)
}

INFO - got notification with method textDocument/didChange
INFO - loading text data Bool { True, False }

def divide_range(min:i64,max:i64

def smallest_multiple(n:i64): i64{
  divide_range(1,n)
}

def main_loop(iters:i64,n:i64): i64{
  let res:i64 = smallest_multiple(n);
  if iters == 1{
    println_i64(res);
    0
  }else {
    main_loop(iters - 1,n)
  }
}

def main(iters:i64,n:i64): i64{
  main_loop(iters, n)
}

INFO - got notification with method textDocument/didChange
INFO - loading text data Bool { True, False }

def divide_range(min:i64,max:i64)

def smallest_multiple(n:i64): i64{
  divide_range(1,n)
}

def main_loop(iters:i64,n:i64): i64{
  let res:i64 = smallest_multiple(n);
  if iters == 1{
    println_i64(res);
    0
  }else {
    main_loop(iters - 1,n)
  }
}

def main(iters:i64,n:i64): i64{
  main_loop(iters, n)
}

INFO - got notification with method textDocument/didChange
INFO - loading text data Bool { True, False }

def divide_range(min:i64,max:i64

def smallest_multiple(n:i64): i64{
  divide_range(1,n)
}

def main_loop(iters:i64,n:i64): i64{
  let res:i64 = smallest_multiple(n);
  if iters == 1{
    println_i64(res);
    0
  }else {
    main_loop(iters - 1,n)
  }
}

def main(iters:i64,n:i64): i64{
  main_loop(iters, n)
}

INFO - got notification with method textDocument/didChange
INFO - loading text data Bool { True, False }

def divide_range(min:i64,max:i64,

def smallest_multiple(n:i64): i64{
  divide_range(1,n)
}

def main_loop(iters:i64,n:i64): i64{
  let res:i64 = smallest_multiple(n);
  if iters == 1{
    println_i64(res);
    0
  }else {
    main_loop(iters - 1,n)
  }
}

def main(iters:i64,n:i64): i64{
  main_loop(iters, n)
}

INFO - got notification with method textDocument/didChange
INFO - loading text data Bool { True, False }

def divide_range(min:i64,max:i64, 

def smallest_multiple(n:i64): i64{
  divide_range(1,n)
}

def main_loop(iters:i64,n:i64): i64{
  let res:i64 = smallest_multiple(n);
  if iters == 1{
    println_i64(res);
    0
  }else {
    main_loop(iters - 1,n)
  }
}

def main(iters:i64,n:i64): i64{
  main_loop(iters, n)
}

INFO - got notification with method textDocument/didChange
INFO - loading text data Bool { True, False }

def divide_range(min:i64,max:i64, tes

def smallest_multiple(n:i64): i64{
  divide_range(1,n)
}

def main_loop(iters:i64,n:i64): i64{
  let res:i64 = smallest_multiple(n);
  if iters == 1{
    println_i64(res);
    0
  }else {
    main_loop(iters - 1,n)
  }
}

def main(iters:i64,n:i64): i64{
  main_loop(iters, n)
}

INFO - got notification with method textDocument/didChange
INFO - loading text data Bool { True, False }

def divide_range(min:i64,max:i64, test

def smallest_multiple(n:i64): i64{
  divide_range(1,n)
}

def main_loop(iters:i64,n:i64): i64{
  let res:i64 = smallest_multiple(n);
  if iters == 1{
    println_i64(res);
    0
  }else {
    main_loop(iters - 1,n)
  }
}

def main(iters:i64,n:i64): i64{
  main_loop(iters, n)
}

INFO - got notification with method textDocument/didChange
INFO - loading text data Bool { True, False }

def divide_range(min:i64,max:i64, test:

def smallest_multiple(n:i64): i64{
  divide_range(1,n)
}

def main_loop(iters:i64,n:i64): i64{
  let res:i64 = smallest_multiple(n);
  if iters == 1{
    println_i64(res);
    0
  }else {
    main_loop(iters - 1,n)
  }
}

def main(iters:i64,n:i64): i64{
  main_loop(iters, n)
}

INFO - got notification with method textDocument/didChange
INFO - loading text data Bool { True, False }

def divide_range(min:i64,max:i64, test:i

def smallest_multiple(n:i64): i64{
  divide_range(1,n)
}

def main_loop(iters:i64,n:i64): i64{
  let res:i64 = smallest_multiple(n);
  if iters == 1{
    println_i64(res);
    0
  }else {
    main_loop(iters - 1,n)
  }
}

def main(iters:i64,n:i64): i64{
  main_loop(iters, n)
}

INFO - got notification with method textDocument/didChange
INFO - loading text data Bool { True, False }

def divide_range(min:i64,max:i64, test:i64

def smallest_multiple(n:i64): i64{
  divide_range(1,n)
}

def main_loop(iters:i64,n:i64): i64{
  let res:i64 = smallest_multiple(n);
  if iters == 1{
    println_i64(res);
    0
  }else {
    main_loop(iters - 1,n)
  }
}

def main(iters:i64,n:i64): i64{
  main_loop(iters, n)
}

INFO - got notification with method textDocument/didChange
INFO - loading text data Bool { True, False }

def divide_range(min:i64,max:i64, test:i64)

def smallest_multiple(n:i64): i64{
  divide_range(1,n)
}

def main_loop(iters:i64,n:i64): i64{
  let res:i64 = smallest_multiple(n);
  if iters == 1{
    println_i64(res);
    0
  }else {
    main_loop(iters - 1,n)
  }
}

def main(iters:i64,n:i64): i64{
  main_loop(iters, n)
}

INFO - got notification with method textDocument/didChange
INFO - loading text data Bool { True, False }

def divide_range(min:i64,max:i64, test:i64):

def smallest_multiple(n:i64): i64{
  divide_range(1,n)
}

def main_loop(iters:i64,n:i64): i64{
  let res:i64 = smallest_multiple(n);
  if iters == 1{
    println_i64(res);
    0
  }else {
    main_loop(iters - 1,n)
  }
}

def main(iters:i64,n:i64): i64{
  main_loop(iters, n)
}

INFO - got notification with method textDocument/didChange
INFO - loading text data Bool { True, False }

def divide_range(min:i64,max:i64, test:i64): 

def smallest_multiple(n:i64): i64{
  divide_range(1,n)
}

def main_loop(iters:i64,n:i64): i64{
  let res:i64 = smallest_multiple(n);
  if iters == 1{
    println_i64(res);
    0
  }else {
    main_loop(iters - 1,n)
  }
}

def main(iters:i64,n:i64): i64{
  main_loop(iters, n)
}

INFO - got notification with method textDocument/didChange
INFO - loading text data Bool { True, False }

def divide_range(min:i64,max:i64, test:i64): B

def smallest_multiple(n:i64): i64{
  divide_range(1,n)
}

def main_loop(iters:i64,n:i64): i64{
  let res:i64 = smallest_multiple(n);
  if iters == 1{
    println_i64(res);
    0
  }else {
    main_loop(iters - 1,n)
  }
}

def main(iters:i64,n:i64): i64{
  main_loop(iters, n)
}

INFO - got notification with method textDocument/didChange
INFO - loading text data Bool { True, False }

def divide_range(min:i64,max:i64, test:i64): Bo

def smallest_multiple(n:i64): i64{
  divide_range(1,n)
}

def main_loop(iters:i64,n:i64): i64{
  let res:i64 = smallest_multiple(n);
  if iters == 1{
    println_i64(res);
    0
  }else {
    main_loop(iters - 1,n)
  }
}

def main(iters:i64,n:i64): i64{
  main_loop(iters, n)
}

INFO - got notification with method textDocument/didChange
INFO - loading text data Bool { True, False }

def divide_range(min:i64,max:i64, test:i64): Boo

def smallest_multiple(n:i64): i64{
  divide_range(1,n)
}

def main_loop(iters:i64,n:i64): i64{
  let res:i64 = smallest_multiple(n);
  if iters == 1{
    println_i64(res);
    0
  }else {
    main_loop(iters - 1,n)
  }
}

def main(iters:i64,n:i64): i64{
  main_loop(iters, n)
}

INFO - got notification with method textDocument/didChange
INFO - loading text data Bool { True, False }

def divide_range(min:i64,max:i64, test:i64): Bool

def smallest_multiple(n:i64): i64{
  divide_range(1,n)
}

def main_loop(iters:i64,n:i64): i64{
  let res:i64 = smallest_multiple(n);
  if iters == 1{
    println_i64(res);
    0
  }else {
    main_loop(iters - 1,n)
  }
}

def main(iters:i64,n:i64): i64{
  main_loop(iters, n)
}

INFO - got notification with method textDocument/didChange
INFO - loading text data Bool { True, False }

def divide_range(min:i64,max:i64, test:i64): Bool{

def smallest_multiple(n:i64): i64{
  divide_range(1,n)
}

def main_loop(iters:i64,n:i64): i64{
  let res:i64 = smallest_multiple(n);
  if iters == 1{
    println_i64(res);
    0
  }else {
    main_loop(iters - 1,n)
  }
}

def main(iters:i64,n:i64): i64{
  main_loop(iters, n)
}

INFO - got notification with method textDocument/didChange
INFO - loading text data Bool { True, False }

def divide_range(min:i64,max:i64, test:i64): Bool{
}

def smallest_multiple(n:i64): i64{
  divide_range(1,n)
}

def main_loop(iters:i64,n:i64): i64{
  let res:i64 = smallest_multiple(n);
  if iters == 1{
    println_i64(res);
    0
  }else {
    main_loop(iters - 1,n)
  }
}

def main(iters:i64,n:i64): i64{
  main_loop(iters, n)
}

INFO - got notification with method textDocument/didChange
INFO - loading text data Bool { True, False }

def divide_range(min:i64,max:i64, test:i64): Bool{

}

def smallest_multiple(n:i64): i64{
  divide_range(1,n)
}

def main_loop(iters:i64,n:i64): i64{
  let res:i64 = smallest_multiple(n);
  if iters == 1{
    println_i64(res);
    0
  }else {
    main_loop(iters - 1,n)
  }
}

def main(iters:i64,n:i64): i64{
  main_loop(iters, n)
}

INFO - got notification with method textDocument/didChange
INFO - loading text data Bool { True, False }

def divide_range(min:i64,max:i64, test:i64): Bool{
 
}

def smallest_multiple(n:i64): i64{
  divide_range(1,n)
}

def main_loop(iters:i64,n:i64): i64{
  let res:i64 = smallest_multiple(n);
  if iters == 1{
    println_i64(res);
    0
  }else {
    main_loop(iters - 1,n)
  }
}

def main(iters:i64,n:i64): i64{
  main_loop(iters, n)
}

INFO - got notification with method textDocument/didChange
INFO - loading text data Bool { True, False }

def divide_range(min:i64,max:i64, test:i64): Bool{
  
}

def smallest_multiple(n:i64): i64{
  divide_range(1,n)
}

def main_loop(iters:i64,n:i64): i64{
  let res:i64 = smallest_multiple(n);
  if iters == 1{
    println_i64(res);
    0
  }else {
    main_loop(iters - 1,n)
  }
}

def main(iters:i64,n:i64): i64{
  main_loop(iters, n)
}

INFO - got notification with method textDocument/didChange
INFO - loading text data Bool { True, False }

def divide_range(min:i64,max:i64, est:i64): Bool{
  
}

def smallest_multiple(n:i64): i64{
  divide_range(1,n)
}

def main_loop(iters:i64,n:i64): i64{
  let res:i64 = smallest_multiple(n);
  if iters == 1{
    println_i64(res);
    0
  }else {
    main_loop(iters - 1,n)
  }
}

def main(iters:i64,n:i64): i64{
  main_loop(iters, n)
}

INFO - got notification with method textDocument/didChange
INFO - loading text data Bool { True, False }

def divide_range(min:i64,max:i64,est:i64): Bool{
  
}

def smallest_multiple(n:i64): i64{
  divide_range(1,n)
}

def main_loop(iters:i64,n:i64): i64{
  let res:i64 = smallest_multiple(n);
  if iters == 1{
    println_i64(res);
    0
  }else {
    main_loop(iters - 1,n)
  }
}

def main(iters:i64,n:i64): i64{
  main_loop(iters, n)
}

INFO - got notification with method textDocument/didChange
INFO - loading text data Bool { True, False }

def divide_range(min:i64,max:i64,test:i64): Bool{
  
}

def smallest_multiple(n:i64): i64{
  divide_range(1,n)
}

def main_loop(iters:i64,n:i64): i64{
  let res:i64 = smallest_multiple(n);
  if iters == 1{
    println_i64(res);
    0
  }else {
    main_loop(iters - 1,n)
  }
}

def main(iters:i64,n:i64): i64{
  main_loop(iters, n)
}

INFO - got notification with method textDocument/didChange
INFO - loading text data Bool { True, False }

def divide_range(min:i64,max:i64,test:i64): Bool{
 
}

def smallest_multiple(n:i64): i64{
  divide_range(1,n)
}

def main_loop(iters:i64,n:i64): i64{
  let res:i64 = smallest_multiple(n);
  if iters == 1{
    println_i64(res);
    0
  }else {
    main_loop(iters - 1,n)
  }
}

def main(iters:i64,n:i64): i64{
  main_loop(iters, n)
}

INFO - got notification with method textDocument/didChange
INFO - loading text data Bool { True, False }

def divide_range(min:i64,max:i64,test:i64): Bool{ 
 
}

def smallest_multiple(n:i64): i64{
  divide_range(1,n)
}

def main_loop(iters:i64,n:i64): i64{
  let res:i64 = smallest_multiple(n);
  if iters == 1{
    println_i64(res);
    0
  }else {
    main_loop(iters - 1,n)
  }
}

def main(iters:i64,n:i64): i64{
  main_loop(iters, n)
}

INFO - got notification with method textDocument/didChange
INFO - loading text data Bool { True, False }

def divide_range(min:i64,max:i64,test:i64): Bool{

}

def smallest_multiple(n:i64): i64{
  divide_range(1,n)
}

def main_loop(iters:i64,n:i64): i64{
  let res:i64 = smallest_multiple(n);
  if iters == 1{
    println_i64(res);
    0
  }else {
    main_loop(iters - 1,n)
  }
}

def main(iters:i64,n:i64): i64{
  main_loop(iters, n)
}

INFO - got notification with method textDocument/didChange
INFO - loading text data Bool { True, False }

def divide_range(min:i64,max:i64,test:i64): Bool{
 
}

def smallest_multiple(n:i64): i64{
  divide_range(1,n)
}

def main_loop(iters:i64,n:i64): i64{
  let res:i64 = smallest_multiple(n);
  if iters == 1{
    println_i64(res);
    0
  }else {
    main_loop(iters - 1,n)
  }
}

def main(iters:i64,n:i64): i64{
  main_loop(iters, n)
}

INFO - got notification with method textDocument/didChange
INFO - loading text data Bool { True, False }

def divide_range(min:i64,max:i64,test:i64): Bool{
  
}

def smallest_multiple(n:i64): i64{
  divide_range(1,n)
}

def main_loop(iters:i64,n:i64): i64{
  let res:i64 = smallest_multiple(n);
  if iters == 1{
    println_i64(res);
    0
  }else {
    main_loop(iters - 1,n)
  }
}

def main(iters:i64,n:i64): i64{
  main_loop(iters, n)
}

INFO - got notification with method textDocument/didChange
INFO - loading text data Bool { True, False }

def divide_range(min:i64,max:i64,test:i64): Bool{
   
}

def smallest_multiple(n:i64): i64{
  divide_range(1,n)
}

def main_loop(iters:i64,n:i64): i64{
  let res:i64 = smallest_multiple(n);
  if iters == 1{
    println_i64(res);
    0
  }else {
    main_loop(iters - 1,n)
  }
}

def main(iters:i64,n:i64): i64{
  main_loop(iters, n)
}

INFO - got notification with method textDocument/didChange
INFO - loading text data Bool { True, False }

def divide_range(min:i64,max:i64,test:i64): Bool{
    
}

def smallest_multiple(n:i64): i64{
  divide_range(1,n)
}

def main_loop(iters:i64,n:i64): i64{
  let res:i64 = smallest_multiple(n);
  if iters == 1{
    println_i64(res);
    0
  }else {
    main_loop(iters - 1,n)
  }
}

def main(iters:i64,n:i64): i64{
  main_loop(iters, n)
}

INFO - got notification with method textDocument/didChange
INFO - loading text data Bool { True, False }

def divide_range(min:i64,max:i64,test:i64): Bool{
   
}

def smallest_multiple(n:i64): i64{
  divide_range(1,n)
}

def main_loop(iters:i64,n:i64): i64{
  let res:i64 = smallest_multiple(n);
  if iters == 1{
    println_i64(res);
    0
  }else {
    main_loop(iters - 1,n)
  }
}

def main(iters:i64,n:i64): i64{
  main_loop(iters, n)
}

INFO - got notification with method textDocument/didChange
INFO - loading text data Bool { True, False }

def divide_range(min:i64,max:i64,test:i64): Bool{
  
}

def smallest_multiple(n:i64): i64{
  divide_range(1,n)
}

def main_loop(iters:i64,n:i64): i64{
  let res:i64 = smallest_multiple(n);
  if iters == 1{
    println_i64(res);
    0
  }else {
    main_loop(iters - 1,n)
  }
}

def main(iters:i64,n:i64): i64{
  main_loop(iters, n)
}

INFO - got notification with method textDocument/didChange
INFO - loading text data Bool { True, False }

def divide_range(min:i64,max:i64,test:i64): Bool{

}

def smallest_multiple(n:i64): i64{
  divide_range(1,n)
}

def main_loop(iters:i64,n:i64): i64{
  let res:i64 = smallest_multiple(n);
  if iters == 1{
    println_i64(res);
    0
  }else {
    main_loop(iters - 1,n)
  }
}

def main(iters:i64,n:i64): i64{
  main_loop(iters, n)
}

INFO - got notification with method textDocument/didChange
INFO - loading text data Bool { True, False }

def divide_range(min:i64,max:i64,test:i64): Bool{

}

def smallest_multiple(n:i64): i64{
  divide_range(1,n)
}

def main_loop(iters:i64,n:i64): i64{
  let res:i64 = smallest_multiple(n);
  if iters == 1{
    println_i64(res);
    0
  }else {
    main_loop(iters - 1,n)
  }
}

def main(iters:i64,n:i64): i64{
  main_loop(iters, n)
}

INFO - got notification with method textDocument/didChange
INFO - loading text data Bool { True, False }

def divide_range(min:i64,max:i64,test:i64): Bool{
}

def smallest_multiple(n:i64): i64{
  divide_range(1,n)
}

def main_loop(iters:i64,n:i64): i64{
  let res:i64 = smallest_multiple(n);
  if iters == 1{
    println_i64(res);
    0
  }else {
    main_loop(iters - 1,n)
  }
}

def main(iters:i64,n:i64): i64{
  main_loop(iters, n)
}

INFO - got notification with method textDocument/didChange
INFO - loading text data Bool { True, False }

def divide_range(min:i64,max:i64,test:i64): Bool{

}

def smallest_multiple(n:i64): i64{
  divide_range(1,n)
}

def main_loop(iters:i64,n:i64): i64{
  let res:i64 = smallest_multiple(n);
  if iters == 1{
    println_i64(res);
    0
  }else {
    main_loop(iters - 1,n)
  }
}

def main(iters:i64,n:i64): i64{
  main_loop(iters, n)
}

INFO - got notification with method textDocument/didChange
INFO - loading text data Bool { True, False }

def divide_range(min:i64,max:i64,test:i64): Bool{
 
}

def smallest_multiple(n:i64): i64{
  divide_range(1,n)
}

def main_loop(iters:i64,n:i64): i64{
  let res:i64 = smallest_multiple(n);
  if iters == 1{
    println_i64(res);
    0
  }else {
    main_loop(iters - 1,n)
  }
}

def main(iters:i64,n:i64): i64{
  main_loop(iters, n)
}

INFO - got notification with method textDocument/didChange
INFO - loading text data Bool { True, False }

def divide_range(min:i64,max:i64,test:i64): Bool{
  
}

def smallest_multiple(n:i64): i64{
  divide_range(1,n)
}

def main_loop(iters:i64,n:i64): i64{
  let res:i64 = smallest_multiple(n);
  if iters == 1{
    println_i64(res);
    0
  }else {
    main_loop(iters - 1,n)
  }
}

def main(iters:i64,n:i64): i64{
  main_loop(iters, n)
}

INFO - got notification with method textDocument/didChange
INFO - loading text data Bool { True, False }

def divide_range(min:i64,max:i64,test:i64): Bool{
  q
}

def smallest_multiple(n:i64): i64{
  divide_range(1,n)
}

def main_loop(iters:i64,n:i64): i64{
  let res:i64 = smallest_multiple(n);
  if iters == 1{
    println_i64(res);
    0
  }else {
    main_loop(iters - 1,n)
  }
}

def main(iters:i64,n:i64): i64{
  main_loop(iters, n)
}

INFO - got notification with method textDocument/didChange
INFO - loading text data Bool { True, False }

def divide_range(min:i64,max:i64,test:i64): Bool{
  qi
}

def smallest_multiple(n:i64): i64{
  divide_range(1,n)
}

def main_loop(iters:i64,n:i64): i64{
  let res:i64 = smallest_multiple(n);
  if iters == 1{
    println_i64(res);
    0
  }else {
    main_loop(iters - 1,n)
  }
}

def main(iters:i64,n:i64): i64{
  main_loop(iters, n)
}

INFO - got notification with method textDocument/didChange
INFO - loading text data Bool { True, False }

def divide_range(min:i64,max:i64,test:i64): Bool{
  q
}

def smallest_multiple(n:i64): i64{
  divide_range(1,n)
}

def main_loop(iters:i64,n:i64): i64{
  let res:i64 = smallest_multiple(n);
  if iters == 1{
    println_i64(res);
    0
  }else {
    main_loop(iters - 1,n)
  }
}

def main(iters:i64,n:i64): i64{
  main_loop(iters, n)
}

INFO - got notification with method textDocument/didChange
INFO - loading text data Bool { True, False }

def divide_range(min:i64,max:i64,test:i64): Bool{
  
}

def smallest_multiple(n:i64): i64{
  divide_range(1,n)
}

def main_loop(iters:i64,n:i64): i64{
  let res:i64 = smallest_multiple(n);
  if iters == 1{
    println_i64(res);
    0
  }else {
    main_loop(iters - 1,n)
  }
}

def main(iters:i64,n:i64): i64{
  main_loop(iters, n)
}

INFO - got notification with method textDocument/didChange
INFO - loading text data Bool { True, False }

def divide_range(min:i64,max:i64,test:i64): Bool{
  i
}

def smallest_multiple(n:i64): i64{
  divide_range(1,n)
}

def main_loop(iters:i64,n:i64): i64{
  let res:i64 = smallest_multiple(n);
  if iters == 1{
    println_i64(res);
    0
  }else {
    main_loop(iters - 1,n)
  }
}

def main(iters:i64,n:i64): i64{
  main_loop(iters, n)
}

INFO - got notification with method textDocument/didChange
INFO - loading text data Bool { True, False }

def divide_range(min:i64,max:i64,test:i64): Bool{
  if 
}

def smallest_multiple(n:i64): i64{
  divide_range(1,n)
}

def main_loop(iters:i64,n:i64): i64{
  let res:i64 = smallest_multiple(n);
  if iters == 1{
    println_i64(res);
    0
  }else {
    main_loop(iters - 1,n)
  }
}

def main(iters:i64,n:i64): i64{
  main_loop(iters, n)
}

INFO - got notification with method textDocument/didChange
INFO - loading text data Bool { True, False }

def divide_range(min:i64,max:i64,test:i64): Bool{
  if t
}

def smallest_multiple(n:i64): i64{
  divide_range(1,n)
}

def main_loop(iters:i64,n:i64): i64{
  let res:i64 = smallest_multiple(n);
  if iters == 1{
    println_i64(res);
    0
  }else {
    main_loop(iters - 1,n)
  }
}

def main(iters:i64,n:i64): i64{
  main_loop(iters, n)
}

INFO - got notification with method textDocument/didChange
INFO - loading text data Bool { True, False }

def divide_range(min:i64,max:i64,test:i64): Bool{
  if tes
}

def smallest_multiple(n:i64): i64{
  divide_range(1,n)
}

def main_loop(iters:i64,n:i64): i64{
  let res:i64 = smallest_multiple(n);
  if iters == 1{
    println_i64(res);
    0
  }else {
    main_loop(iters - 1,n)
  }
}

def main(iters:i64,n:i64): i64{
  main_loop(iters, n)
}

INFO - got notification with method textDocument/didChange
INFO - loading text data Bool { True, False }

def divide_range(min:i64,max:i64,test:i64): Bool{
  if test
}

def smallest_multiple(n:i64): i64{
  divide_range(1,n)
}

def main_loop(iters:i64,n:i64): i64{
  let res:i64 = smallest_multiple(n);
  if iters == 1{
    println_i64(res);
    0
  }else {
    main_loop(iters - 1,n)
  }
}

def main(iters:i64,n:i64): i64{
  main_loop(iters, n)
}

INFO - got notification with method textDocument/didChange
INFO - loading text data Bool { True, False }

def divide_range(min:i64,max:i64,test:i64): Bool{
  if test 
}

def smallest_multiple(n:i64): i64{
  divide_range(1,n)
}

def main_loop(iters:i64,n:i64): i64{
  let res:i64 = smallest_multiple(n);
  if iters == 1{
    println_i64(res);
    0
  }else {
    main_loop(iters - 1,n)
  }
}

def main(iters:i64,n:i64): i64{
  main_loop(iters, n)
}

INFO - got notification with method textDocument/didChange
INFO - loading text data Bool { True, False }

def divide_range(min:i64,max:i64,test:i64): Bool{
  if test >
}

def smallest_multiple(n:i64): i64{
  divide_range(1,n)
}

def main_loop(iters:i64,n:i64): i64{
  let res:i64 = smallest_multiple(n);
  if iters == 1{
    println_i64(res);
    0
  }else {
    main_loop(iters - 1,n)
  }
}

def main(iters:i64,n:i64): i64{
  main_loop(iters, n)
}

INFO - got notification with method textDocument/didChange
INFO - loading text data Bool { True, False }

def divide_range(min:i64,max:i64,test:i64): Bool{
  if test >=
}

def smallest_multiple(n:i64): i64{
  divide_range(1,n)
}

def main_loop(iters:i64,n:i64): i64{
  let res:i64 = smallest_multiple(n);
  if iters == 1{
    println_i64(res);
    0
  }else {
    main_loop(iters - 1,n)
  }
}

def main(iters:i64,n:i64): i64{
  main_loop(iters, n)
}

INFO - got notification with method textDocument/didChange
INFO - loading text data Bool { True, False }

def divide_range(min:i64,max:i64,test:i64): Bool{
  if test >= 
}

def smallest_multiple(n:i64): i64{
  divide_range(1,n)
}

def main_loop(iters:i64,n:i64): i64{
  let res:i64 = smallest_multiple(n);
  if iters == 1{
    println_i64(res);
    0
  }else {
    main_loop(iters - 1,n)
  }
}

def main(iters:i64,n:i64): i64{
  main_loop(iters, n)
}

INFO - got notification with method textDocument/didChange
INFO - loading text data Bool { True, False }

def divide_range(min:i64,max:i64,test:i64): Bool{
  if test >= m
}

def smallest_multiple(n:i64): i64{
  divide_range(1,n)
}

def main_loop(iters:i64,n:i64): i64{
  let res:i64 = smallest_multiple(n);
  if iters == 1{
    println_i64(res);
    0
  }else {
    main_loop(iters - 1,n)
  }
}

def main(iters:i64,n:i64): i64{
  main_loop(iters, n)
}

INFO - got notification with method textDocument/didChange
INFO - loading text data Bool { True, False }

def divide_range(min:i64,max:i64,test:i64): Bool{
  if test >= max
}

def smallest_multiple(n:i64): i64{
  divide_range(1,n)
}

def main_loop(iters:i64,n:i64): i64{
  let res:i64 = smallest_multiple(n);
  if iters == 1{
    println_i64(res);
    0
  }else {
    main_loop(iters - 1,n)
  }
}

def main(iters:i64,n:i64): i64{
  main_loop(iters, n)
}

INFO - got notification with method textDocument/didChange
INFO - loading text data Bool { True, False }

def divide_range(min:i64,max:i64,test:i64): Bool{
  if test >= max{
}

def smallest_multiple(n:i64): i64{
  divide_range(1,n)
}

def main_loop(iters:i64,n:i64): i64{
  let res:i64 = smallest_multiple(n);
  if iters == 1{
    println_i64(res);
    0
  }else {
    main_loop(iters - 1,n)
  }
}

def main(iters:i64,n:i64): i64{
  main_loop(iters, n)
}

INFO - got notification with method textDocument/didChange
INFO - loading text data Bool { True, False }

def divide_range(min:i64,max:i64,test:i64): Bool{
  if test >= max{
  
}

def smallest_multiple(n:i64): i64{
  divide_range(1,n)
}

def main_loop(iters:i64,n:i64): i64{
  let res:i64 = smallest_multiple(n);
  if iters == 1{
    println_i64(res);
    0
  }else {
    main_loop(iters - 1,n)
  }
}

def main(iters:i64,n:i64): i64{
  main_loop(iters, n)
}

INFO - got notification with method textDocument/didChange
INFO - loading text data Bool { True, False }

def divide_range(min:i64,max:i64,test:i64): Bool{
  if test >= max{
    
}

def smallest_multiple(n:i64): i64{
  divide_range(1,n)
}

def main_loop(iters:i64,n:i64): i64{
  let res:i64 = smallest_multiple(n);
  if iters == 1{
    println_i64(res);
    0
  }else {
    main_loop(iters - 1,n)
  }
}

def main(iters:i64,n:i64): i64{
  main_loop(iters, n)
}

INFO - got notification with method textDocument/didChange
INFO - loading text data Bool { True, False }

def divide_range(min:i64,max:i64,test:i64): Bool{
  if test >= max{
    T
}

def smallest_multiple(n:i64): i64{
  divide_range(1,n)
}

def main_loop(iters:i64,n:i64): i64{
  let res:i64 = smallest_multiple(n);
  if iters == 1{
    println_i64(res);
    0
  }else {
    main_loop(iters - 1,n)
  }
}

def main(iters:i64,n:i64): i64{
  main_loop(iters, n)
}

INFO - got notification with method textDocument/didChange
INFO - loading text data Bool { True, False }

def divide_range(min:i64,max:i64,test:i64): Bool{
  if test >= max{
    Tr
}

def smallest_multiple(n:i64): i64{
  divide_range(1,n)
}

def main_loop(iters:i64,n:i64): i64{
  let res:i64 = smallest_multiple(n);
  if iters == 1{
    println_i64(res);
    0
  }else {
    main_loop(iters - 1,n)
  }
}

def main(iters:i64,n:i64): i64{
  main_loop(iters, n)
}

INFO - got notification with method textDocument/didChange
INFO - loading text data Bool { True, False }

def divide_range(min:i64,max:i64,test:i64): Bool{
  if test >= max{
    True
}

def smallest_multiple(n:i64): i64{
  divide_range(1,n)
}

def main_loop(iters:i64,n:i64): i64{
  let res:i64 = smallest_multiple(n);
  if iters == 1{
    println_i64(res);
    0
  }else {
    main_loop(iters - 1,n)
  }
}

def main(iters:i64,n:i64): i64{
  main_loop(iters, n)
}

INFO - got notification with method textDocument/didChange
INFO - loading text data Bool { True, False }

def divide_range(min:i64,max:i64,test:i64): Bool{
  if test >= max{
    True
    
}

def smallest_multiple(n:i64): i64{
  divide_range(1,n)
}

def main_loop(iters:i64,n:i64): i64{
  let res:i64 = smallest_multiple(n);
  if iters == 1{
    println_i64(res);
    0
  }else {
    main_loop(iters - 1,n)
  }
}

def main(iters:i64,n:i64): i64{
  main_loop(iters, n)
}

INFO - got notification with method textDocument/didChange
INFO - loading text data Bool { True, False }

def divide_range(min:i64,max:i64,test:i64): Bool{
  if test >= max{
    True
    }
}

def smallest_multiple(n:i64): i64{
  divide_range(1,n)
}

def main_loop(iters:i64,n:i64): i64{
  let res:i64 = smallest_multiple(n);
  if iters == 1{
    println_i64(res);
    0
  }else {
    main_loop(iters - 1,n)
  }
}

def main(iters:i64,n:i64): i64{
  main_loop(iters, n)
}

INFO - got notification with method textDocument/didChange
INFO - loading text data Bool { True, False }

def divide_range(min:i64,max:i64,test:i64): Bool{
  if test >= max{
    True
    }e
}

def smallest_multiple(n:i64): i64{
  divide_range(1,n)
}

def main_loop(iters:i64,n:i64): i64{
  let res:i64 = smallest_multiple(n);
  if iters == 1{
    println_i64(res);
    0
  }else {
    main_loop(iters - 1,n)
  }
}

def main(iters:i64,n:i64): i64{
  main_loop(iters, n)
}

INFO - got notification with method textDocument/didChange
INFO - loading text data Bool { True, False }

def divide_range(min:i64,max:i64,test:i64): Bool{
  if test >= max{
    True
    }els
}

def smallest_multiple(n:i64): i64{
  divide_range(1,n)
}

def main_loop(iters:i64,n:i64): i64{
  let res:i64 = smallest_multiple(n);
  if iters == 1{
    println_i64(res);
    0
  }else {
    main_loop(iters - 1,n)
  }
}

def main(iters:i64,n:i64): i64{
  main_loop(iters, n)
}

INFO - got notification with method textDocument/didChange
INFO - loading text data Bool { True, False }

def divide_range(min:i64,max:i64,test:i64): Bool{
  if test >= max{
    True
    }else
}

def smallest_multiple(n:i64): i64{
  divide_range(1,n)
}

def main_loop(iters:i64,n:i64): i64{
  let res:i64 = smallest_multiple(n);
  if iters == 1{
    println_i64(res);
    0
  }else {
    main_loop(iters - 1,n)
  }
}

def main(iters:i64,n:i64): i64{
  main_loop(iters, n)
}

INFO - got notification with method textDocument/didChange
INFO - loading text data Bool { True, False }

def divide_range(min:i64,max:i64,test:i64): Bool{
  if test >= max{
    True
    }else{
}

def smallest_multiple(n:i64): i64{
  divide_range(1,n)
}

def main_loop(iters:i64,n:i64): i64{
  let res:i64 = smallest_multiple(n);
  if iters == 1{
    println_i64(res);
    0
  }else {
    main_loop(iters - 1,n)
  }
}

def main(iters:i64,n:i64): i64{
  main_loop(iters, n)
}

INFO - got notification with method textDocument/didChange
INFO - loading text data Bool { True, False }

def divide_range(min:i64,max:i64,test:i64): Bool{
  if test >= max{
    True
    }else{
    
}

def smallest_multiple(n:i64): i64{
  divide_range(1,n)
}

def main_loop(iters:i64,n:i64): i64{
  let res:i64 = smallest_multiple(n);
  if iters == 1{
    println_i64(res);
    0
  }else {
    main_loop(iters - 1,n)
  }
}

def main(iters:i64,n:i64): i64{
  main_loop(iters, n)
}

INFO - got notification with method textDocument/didChange
INFO - loading text data Bool { True, False }

def divide_range(min:i64,max:i64,test:i64): Bool{
  if test >= max{
    True
    }else{
    }
}

def smallest_multiple(n:i64): i64{
  divide_range(1,n)
}

def main_loop(iters:i64,n:i64): i64{
  let res:i64 = smallest_multiple(n);
  if iters == 1{
    println_i64(res);
    0
  }else {
    main_loop(iters - 1,n)
  }
}

def main(iters:i64,n:i64): i64{
  main_loop(iters, n)
}

INFO - got notification with method textDocument/didChange
INFO - loading text data Bool { True, False }

def divide_range(min:i64,max:i64,test:i64): Bool{
  if test >= max{
    True
   }else{
    }
}

def smallest_multiple(n:i64): i64{
  divide_range(1,n)
}

def main_loop(iters:i64,n:i64): i64{
  let res:i64 = smallest_multiple(n);
  if iters == 1{
    println_i64(res);
    0
  }else {
    main_loop(iters - 1,n)
  }
}

def main(iters:i64,n:i64): i64{
  main_loop(iters, n)
}

INFO - got notification with method textDocument/didChange
INFO - loading text data Bool { True, False }

def divide_range(min:i64,max:i64,test:i64): Bool{
  if test >= max{
    True
  }else{
    }
}

def smallest_multiple(n:i64): i64{
  divide_range(1,n)
}

def main_loop(iters:i64,n:i64): i64{
  let res:i64 = smallest_multiple(n);
  if iters == 1{
    println_i64(res);
    0
  }else {
    main_loop(iters - 1,n)
  }
}

def main(iters:i64,n:i64): i64{
  main_loop(iters, n)
}

INFO - got notification with method textDocument/didChange
INFO - loading text data Bool { True, False }

def divide_range(min:i64,max:i64,test:i64): Bool{
  if test >= max{
    True
  }else{
   }
}

def smallest_multiple(n:i64): i64{
  divide_range(1,n)
}

def main_loop(iters:i64,n:i64): i64{
  let res:i64 = smallest_multiple(n);
  if iters == 1{
    println_i64(res);
    0
  }else {
    main_loop(iters - 1,n)
  }
}

def main(iters:i64,n:i64): i64{
  main_loop(iters, n)
}

INFO - got notification with method textDocument/didChange
INFO - loading text data Bool { True, False }

def divide_range(min:i64,max:i64,test:i64): Bool{
  if test >= max{
    True
  }else{
  }
}

def smallest_multiple(n:i64): i64{
  divide_range(1,n)
}

def main_loop(iters:i64,n:i64): i64{
  let res:i64 = smallest_multiple(n);
  if iters == 1{
    println_i64(res);
    0
  }else {
    main_loop(iters - 1,n)
  }
}

def main(iters:i64,n:i64): i64{
  main_loop(iters, n)
}

INFO - got notification with method textDocument/didChange
INFO - loading text data Bool { True, False }

def divide_range(min:i64,max:i64,test:i64): Bool{
  if test >= max{
    True
  }else{
  
  }
}

def smallest_multiple(n:i64): i64{
  divide_range(1,n)
}

def main_loop(iters:i64,n:i64): i64{
  let res:i64 = smallest_multiple(n);
  if iters == 1{
    println_i64(res);
    0
  }else {
    main_loop(iters - 1,n)
  }
}

def main(iters:i64,n:i64): i64{
  main_loop(iters, n)
}

INFO - got notification with method textDocument/didChange
INFO - loading text data Bool { True, False }

def divide_range(min:i64,max:i64,test:i64): Bool{
  if test >= max{
    True
  }else{
   
  }
}

def smallest_multiple(n:i64): i64{
  divide_range(1,n)
}

def main_loop(iters:i64,n:i64): i64{
  let res:i64 = smallest_multiple(n);
  if iters == 1{
    println_i64(res);
    0
  }else {
    main_loop(iters - 1,n)
  }
}

def main(iters:i64,n:i64): i64{
  main_loop(iters, n)
}

INFO - got notification with method textDocument/didChange
INFO - loading text data Bool { True, False }

def divide_range(min:i64,max:i64,test:i64): Bool{
  if test >= max{
    True
  }else{
    
  }
}

def smallest_multiple(n:i64): i64{
  divide_range(1,n)
}

def main_loop(iters:i64,n:i64): i64{
  let res:i64 = smallest_multiple(n);
  if iters == 1{
    println_i64(res);
    0
  }else {
    main_loop(iters - 1,n)
  }
}

def main(iters:i64,n:i64): i64{
  main_loop(iters, n)
}

INFO - got notification with method textDocument/didChange
INFO - loading text data Bool { True, False }

def divide_range(min:i64,max:i64,test:i64): Bool{
  if test >= max{
    True
  }else{
    i
  }
}

def smallest_multiple(n:i64): i64{
  divide_range(1,n)
}

def main_loop(iters:i64,n:i64): i64{
  let res:i64 = smallest_multiple(n);
  if iters == 1{
    println_i64(res);
    0
  }else {
    main_loop(iters - 1,n)
  }
}

def main(iters:i64,n:i64): i64{
  main_loop(iters, n)
}

INFO - got notification with method textDocument/didChange
INFO - loading text data Bool { True, False }

def divide_range(min:i64,max:i64,test:i64): Bool{
  if test >= max{
    True
  }else{
    if 
  }
}

def smallest_multiple(n:i64): i64{
  divide_range(1,n)
}

def main_loop(iters:i64,n:i64): i64{
  let res:i64 = smallest_multiple(n);
  if iters == 1{
    println_i64(res);
    0
  }else {
    main_loop(iters - 1,n)
  }
}

def main(iters:i64,n:i64): i64{
  main_loop(iters, n)
}

INFO - got notification with method textDocument/didChange
INFO - loading text data Bool { True, False }

def divide_range(min:i64,max:i64,test:i64): Bool{
  if test >= max{
    True
  }else{
    if t
  }
}

def smallest_multiple(n:i64): i64{
  divide_range(1,n)
}

def main_loop(iters:i64,n:i64): i64{
  let res:i64 = smallest_multiple(n);
  if iters == 1{
    println_i64(res);
    0
  }else {
    main_loop(iters - 1,n)
  }
}

def main(iters:i64,n:i64): i64{
  main_loop(iters, n)
}

INFO - got notification with method textDocument/didChange
INFO - loading text data Bool { True, False }

def divide_range(min:i64,max:i64,test:i64): Bool{
  if test >= max{
    True
  }else{
    if tes
  }
}

def smallest_multiple(n:i64): i64{
  divide_range(1,n)
}

def main_loop(iters:i64,n:i64): i64{
  let res:i64 = smallest_multiple(n);
  if iters == 1{
    println_i64(res);
    0
  }else {
    main_loop(iters - 1,n)
  }
}

def main(iters:i64,n:i64): i64{
  main_loop(iters, n)
}

INFO - got notification with method textDocument/didChange
INFO - loading text data Bool { True, False }

def divide_range(min:i64,max:i64,test:i64): Bool{
  if test >= max{
    True
  }else{
    if test 
  }
}

def smallest_multiple(n:i64): i64{
  divide_range(1,n)
}

def main_loop(iters:i64,n:i64): i64{
  let res:i64 = smallest_multiple(n);
  if iters == 1{
    println_i64(res);
    0
  }else {
    main_loop(iters - 1,n)
  }
}

def main(iters:i64,n:i64): i64{
  main_loop(iters, n)
}

INFO - got notification with method textDocument/didChange
INFO - loading text data Bool { True, False }

def divide_range(min:i64,max:i64,test:i64): Bool{
  if test >= max{
    True
  }else{
    if test %
  }
}

def smallest_multiple(n:i64): i64{
  divide_range(1,n)
}

def main_loop(iters:i64,n:i64): i64{
  let res:i64 = smallest_multiple(n);
  if iters == 1{
    println_i64(res);
    0
  }else {
    main_loop(iters - 1,n)
  }
}

def main(iters:i64,n:i64): i64{
  main_loop(iters, n)
}

INFO - got notification with method textDocument/didChange
INFO - loading text data Bool { True, False }

def divide_range(min:i64,max:i64,test:i64): Bool{
  if test >= max{
    True
  }else{
    if test % 
  }
}

def smallest_multiple(n:i64): i64{
  divide_range(1,n)
}

def main_loop(iters:i64,n:i64): i64{
  let res:i64 = smallest_multiple(n);
  if iters == 1{
    println_i64(res);
    0
  }else {
    main_loop(iters - 1,n)
  }
}

def main(iters:i64,n:i64): i64{
  main_loop(iters, n)
}

INFO - got notification with method textDocument/didChange
INFO - loading text data Bool { True, False }

def divide_range(min:i64,max:i64,test:i64): Bool{
  if test >= max{
    True
  }else{
    if test %
  }
}

def smallest_multiple(n:i64): i64{
  divide_range(1,n)
}

def main_loop(iters:i64,n:i64): i64{
  let res:i64 = smallest_multiple(n);
  if iters == 1{
    println_i64(res);
    0
  }else {
    main_loop(iters - 1,n)
  }
}

def main(iters:i64,n:i64): i64{
  main_loop(iters, n)
}

INFO - got notification with method textDocument/didChange
INFO - loading text data Bool { True, False }

def divide_range(min:i64,max:i64,test:i64): Bool{
  if test >= max{
    True
  }else{
    if 
  }
}

def smallest_multiple(n:i64): i64{
  divide_range(1,n)
}

def main_loop(iters:i64,n:i64): i64{
  let res:i64 = smallest_multiple(n);
  if iters == 1{
    println_i64(res);
    0
  }else {
    main_loop(iters - 1,n)
  }
}

def main(iters:i64,n:i64): i64{
  main_loop(iters, n)
}

INFO - got notification with method textDocument/didChange
INFO - loading text data Bool { True, False }

def divide_range(min:i64,max:i64,test:i64): Bool{
  if test >= max{
    True
  }else{
    if m
  }
}

def smallest_multiple(n:i64): i64{
  divide_range(1,n)
}

def main_loop(iters:i64,n:i64): i64{
  let res:i64 = smallest_multiple(n);
  if iters == 1{
    println_i64(res);
    0
  }else {
    main_loop(iters - 1,n)
  }
}

def main(iters:i64,n:i64): i64{
  main_loop(iters, n)
}

INFO - got notification with method textDocument/didChange
INFO - loading text data Bool { True, False }

def divide_range(min:i64,max:i64,test:i64): Bool{
  if test >= max{
    True
  }else{
    if min
  }
}

def smallest_multiple(n:i64): i64{
  divide_range(1,n)
}

def main_loop(iters:i64,n:i64): i64{
  let res:i64 = smallest_multiple(n);
  if iters == 1{
    println_i64(res);
    0
  }else {
    main_loop(iters - 1,n)
  }
}

def main(iters:i64,n:i64): i64{
  main_loop(iters, n)
}

INFO - got notification with method textDocument/didChange
INFO - loading text data Bool { True, False }

def divide_range(min:i64,max:i64,test:i64): Bool{
  if test >= max{
    True
  }else{
    if min 
  }
}

def smallest_multiple(n:i64): i64{
  divide_range(1,n)
}

def main_loop(iters:i64,n:i64): i64{
  let res:i64 = smallest_multiple(n);
  if iters == 1{
    println_i64(res);
    0
  }else {
    main_loop(iters - 1,n)
  }
}

def main(iters:i64,n:i64): i64{
  main_loop(iters, n)
}

INFO - got notification with method textDocument/didChange
INFO - loading text data Bool { True, False }

def divide_range(min:i64,max:i64,test:i64): Bool{
  if test >= max{
    True
  }else{
    if min %
  }
}

def smallest_multiple(n:i64): i64{
  divide_range(1,n)
}

def main_loop(iters:i64,n:i64): i64{
  let res:i64 = smallest_multiple(n);
  if iters == 1{
    println_i64(res);
    0
  }else {
    main_loop(iters - 1,n)
  }
}

def main(iters:i64,n:i64): i64{
  main_loop(iters, n)
}

INFO - got notification with method textDocument/didChange
INFO - loading text data Bool { True, False }

def divide_range(min:i64,max:i64,test:i64): Bool{
  if test >= max{
    True
  }else{
    if min % 
  }
}

def smallest_multiple(n:i64): i64{
  divide_range(1,n)
}

def main_loop(iters:i64,n:i64): i64{
  let res:i64 = smallest_multiple(n);
  if iters == 1{
    println_i64(res);
    0
  }else {
    main_loop(iters - 1,n)
  }
}

def main(iters:i64,n:i64): i64{
  main_loop(iters, n)
}

INFO - got notification with method textDocument/didChange
INFO - loading text data Bool { True, False }

def divide_range(min:i64,max:i64,test:i64): Bool{
  if test >= max{
    True
  }else{
    if min % t
  }
}

def smallest_multiple(n:i64): i64{
  divide_range(1,n)
}

def main_loop(iters:i64,n:i64): i64{
  let res:i64 = smallest_multiple(n);
  if iters == 1{
    println_i64(res);
    0
  }else {
    main_loop(iters - 1,n)
  }
}

def main(iters:i64,n:i64): i64{
  main_loop(iters, n)
}

INFO - got notification with method textDocument/didChange
INFO - loading text data Bool { True, False }

def divide_range(min:i64,max:i64,test:i64): Bool{
  if test >= max{
    True
  }else{
    if min % tes
  }
}

def smallest_multiple(n:i64): i64{
  divide_range(1,n)
}

def main_loop(iters:i64,n:i64): i64{
  let res:i64 = smallest_multiple(n);
  if iters == 1{
    println_i64(res);
    0
  }else {
    main_loop(iters - 1,n)
  }
}

def main(iters:i64,n:i64): i64{
  main_loop(iters, n)
}

INFO - got notification with method textDocument/didChange
INFO - loading text data Bool { True, False }

def divide_range(min:i64,max:i64,test:i64): Bool{
  if test >= max{
    True
  }else{
    if min % test 
  }
}

def smallest_multiple(n:i64): i64{
  divide_range(1,n)
}

def main_loop(iters:i64,n:i64): i64{
  let res:i64 = smallest_multiple(n);
  if iters == 1{
    println_i64(res);
    0
  }else {
    main_loop(iters - 1,n)
  }
}

def main(iters:i64,n:i64): i64{
  main_loop(iters, n)
}

INFO - got notification with method textDocument/didChange
INFO - loading text data Bool { True, False }

def divide_range(min:i64,max:i64,test:i64): Bool{
  if test >= max{
    True
  }else{
    if min % test =
  }
}

def smallest_multiple(n:i64): i64{
  divide_range(1,n)
}

def main_loop(iters:i64,n:i64): i64{
  let res:i64 = smallest_multiple(n);
  if iters == 1{
    println_i64(res);
    0
  }else {
    main_loop(iters - 1,n)
  }
}

def main(iters:i64,n:i64): i64{
  main_loop(iters, n)
}

INFO - got notification with method textDocument/didChange
INFO - loading text data Bool { True, False }

def divide_range(min:i64,max:i64,test:i64): Bool{
  if test >= max{
    True
  }else{
    if min % test ==
  }
}

def smallest_multiple(n:i64): i64{
  divide_range(1,n)
}

def main_loop(iters:i64,n:i64): i64{
  let res:i64 = smallest_multiple(n);
  if iters == 1{
    println_i64(res);
    0
  }else {
    main_loop(iters - 1,n)
  }
}

def main(iters:i64,n:i64): i64{
  main_loop(iters, n)
}

INFO - got notification with method textDocument/didChange
INFO - loading text data Bool { True, False }

def divide_range(min:i64,max:i64,test:i64): Bool{
  if test >= max{
    True
  }else{
    if min % test == 
  }
}

def smallest_multiple(n:i64): i64{
  divide_range(1,n)
}

def main_loop(iters:i64,n:i64): i64{
  let res:i64 = smallest_multiple(n);
  if iters == 1{
    println_i64(res);
    0
  }else {
    main_loop(iters - 1,n)
  }
}

def main(iters:i64,n:i64): i64{
  main_loop(iters, n)
}

INFO - got notification with method textDocument/didChange
INFO - loading text data Bool { True, False }

def divide_range(min:i64,max:i64,test:i64): Bool{
  if test >= max{
    True
  }else{
    if min % test == 0 
  }
}

def smallest_multiple(n:i64): i64{
  divide_range(1,n)
}

def main_loop(iters:i64,n:i64): i64{
  let res:i64 = smallest_multiple(n);
  if iters == 1{
    println_i64(res);
    0
  }else {
    main_loop(iters - 1,n)
  }
}

def main(iters:i64,n:i64): i64{
  main_loop(iters, n)
}

INFO - got notification with method textDocument/didChange
INFO - loading text data Bool { True, False }

def divide_range(min:i64,max:i64,test:i64): Bool{
  if test >= max{
    True
  }else{
    if min % test == 0 {
  }
}

def smallest_multiple(n:i64): i64{
  divide_range(1,n)
}

def main_loop(iters:i64,n:i64): i64{
  let res:i64 = smallest_multiple(n);
  if iters == 1{
    println_i64(res);
    0
  }else {
    main_loop(iters - 1,n)
  }
}

def main(iters:i64,n:i64): i64{
  main_loop(iters, n)
}

INFO - got notification with method textDocument/didChange
INFO - loading text data Bool { True, False }

def divide_range(min:i64,max:i64,test:i64): Bool{
  if test >= max{
    True
  }else{
    if min % test == 0 {
    
  }
}

def smallest_multiple(n:i64): i64{
  divide_range(1,n)
}

def main_loop(iters:i64,n:i64): i64{
  let res:i64 = smallest_multiple(n);
  if iters == 1{
    println_i64(res);
    0
  }else {
    main_loop(iters - 1,n)
  }
}

def main(iters:i64,n:i64): i64{
  main_loop(iters, n)
}

INFO - got notification with method textDocument/didChange
INFO - loading text data Bool { True, False }

def divide_range(min:i64,max:i64,test:i64): Bool{
  if test >= max{
    True
  }else{
    if min % test == 0 {
    }
  }
}

def smallest_multiple(n:i64): i64{
  divide_range(1,n)
}

def main_loop(iters:i64,n:i64): i64{
  let res:i64 = smallest_multiple(n);
  if iters == 1{
    println_i64(res);
    0
  }else {
    main_loop(iters - 1,n)
  }
}

def main(iters:i64,n:i64): i64{
  main_loop(iters, n)
}

INFO - got notification with method textDocument/didChange
INFO - loading text data Bool { True, False }

def divide_range(min:i64,max:i64,test:i64): Bool{
  if test >= max{
    True
  }else{
    if min % test == 0 {
    }e
  }
}

def smallest_multiple(n:i64): i64{
  divide_range(1,n)
}

def main_loop(iters:i64,n:i64): i64{
  let res:i64 = smallest_multiple(n);
  if iters == 1{
    println_i64(res);
    0
  }else {
    main_loop(iters - 1,n)
  }
}

def main(iters:i64,n:i64): i64{
  main_loop(iters, n)
}

INFO - got notification with method textDocument/didChange
INFO - loading text data Bool { True, False }

def divide_range(min:i64,max:i64,test:i64): Bool{
  if test >= max{
    True
  }else{
    if min % test == 0 {
    }els
  }
}

def smallest_multiple(n:i64): i64{
  divide_range(1,n)
}

def main_loop(iters:i64,n:i64): i64{
  let res:i64 = smallest_multiple(n);
  if iters == 1{
    println_i64(res);
    0
  }else {
    main_loop(iters - 1,n)
  }
}

def main(iters:i64,n:i64): i64{
  main_loop(iters, n)
}

INFO - got notification with method textDocument/didChange
INFO - loading text data Bool { True, False }

def divide_range(min:i64,max:i64,test:i64): Bool{
  if test >= max{
    True
  }else{
    if min % test == 0 {
    }else
  }
}

def smallest_multiple(n:i64): i64{
  divide_range(1,n)
}

def main_loop(iters:i64,n:i64): i64{
  let res:i64 = smallest_multiple(n);
  if iters == 1{
    println_i64(res);
    0
  }else {
    main_loop(iters - 1,n)
  }
}

def main(iters:i64,n:i64): i64{
  main_loop(iters, n)
}

INFO - got notification with method textDocument/didChange
INFO - loading text data Bool { True, False }

def divide_range(min:i64,max:i64,test:i64): Bool{
  if test >= max{
    True
  }else{
    if min % test == 0 {
    }else{
    
  }
}

def smallest_multiple(n:i64): i64{
  divide_range(1,n)
}

def main_loop(iters:i64,n:i64): i64{
  let res:i64 = smallest_multiple(n);
  if iters == 1{
    println_i64(res);
    0
  }else {
    main_loop(iters - 1,n)
  }
}

def main(iters:i64,n:i64): i64{
  main_loop(iters, n)
}

INFO - got notification with method textDocument/didChange
INFO - loading text data Bool { True, False }

def divide_range(min:i64,max:i64,test:i64): Bool{
  if test >= max{
    True
  }else{
    if min % test == 0 {
    }else{
    }
  }
}

def smallest_multiple(n:i64): i64{
  divide_range(1,n)
}

def main_loop(iters:i64,n:i64): i64{
  let res:i64 = smallest_multiple(n);
  if iters == 1{
    println_i64(res);
    0
  }else {
    main_loop(iters - 1,n)
  }
}

def main(iters:i64,n:i64): i64{
  main_loop(iters, n)
}

INFO - got notification with method textDocument/didChange
INFO - loading text data Bool { True, False }

def divide_range(min:i64,max:i64,test:i64): Bool{
  if test >= max{
    True
  }else{
    if min % test == 0 {
    }else{
    
    }
  }
}

def smallest_multiple(n:i64): i64{
  divide_range(1,n)
}

def main_loop(iters:i64,n:i64): i64{
  let res:i64 = smallest_multiple(n);
  if iters == 1{
    println_i64(res);
    0
  }else {
    main_loop(iters - 1,n)
  }
}

def main(iters:i64,n:i64): i64{
  main_loop(iters, n)
}

INFO - got notification with method textDocument/didChange
INFO - loading text data Bool { True, False }

def divide_range(min:i64,max:i64,test:i64): Bool{
  if test >= max{
    True
  }else{
    if min % test == 0 {
    }else{
     
    }
  }
}

def smallest_multiple(n:i64): i64{
  divide_range(1,n)
}

def main_loop(iters:i64,n:i64): i64{
  let res:i64 = smallest_multiple(n);
  if iters == 1{
    println_i64(res);
    0
  }else {
    main_loop(iters - 1,n)
  }
}

def main(iters:i64,n:i64): i64{
  main_loop(iters, n)
}

INFO - got notification with method textDocument/didChange
INFO - loading text data Bool { True, False }

def divide_range(min:i64,max:i64,test:i64): Bool{
  if test >= max{
    True
  }else{
    if min % test == 0 {
    }else{
      
    }
  }
}

def smallest_multiple(n:i64): i64{
  divide_range(1,n)
}

def main_loop(iters:i64,n:i64): i64{
  let res:i64 = smallest_multiple(n);
  if iters == 1{
    println_i64(res);
    0
  }else {
    main_loop(iters - 1,n)
  }
}

def main(iters:i64,n:i64): i64{
  main_loop(iters, n)
}

INFO - got notification with method textDocument/didChange
INFO - loading text data Bool { True, False }

def divide_range(min:i64,max:i64,test:i64): Bool{
  if test >= max{
    True
  }else{
    if min % test == 0 {
    }else{
      F
    }
  }
}

def smallest_multiple(n:i64): i64{
  divide_range(1,n)
}

def main_loop(iters:i64,n:i64): i64{
  let res:i64 = smallest_multiple(n);
  if iters == 1{
    println_i64(res);
    0
  }else {
    main_loop(iters - 1,n)
  }
}

def main(iters:i64,n:i64): i64{
  main_loop(iters, n)
}

INFO - got notification with method textDocument/didChange
INFO - loading text data Bool { True, False }

def divide_range(min:i64,max:i64,test:i64): Bool{
  if test >= max{
    True
  }else{
    if min % test == 0 {
    }else{
      Fa
    }
  }
}

def smallest_multiple(n:i64): i64{
  divide_range(1,n)
}

def main_loop(iters:i64,n:i64): i64{
  let res:i64 = smallest_multiple(n);
  if iters == 1{
    println_i64(res);
    0
  }else {
    main_loop(iters - 1,n)
  }
}

def main(iters:i64,n:i64): i64{
  main_loop(iters, n)
}

INFO - got notification with method textDocument/didChange
INFO - loading text data Bool { True, False }

def divide_range(min:i64,max:i64,test:i64): Bool{
  if test >= max{
    True
  }else{
    if min % test == 0 {
    }else{
      False
    }
  }
}

def smallest_multiple(n:i64): i64{
  divide_range(1,n)
}

def main_loop(iters:i64,n:i64): i64{
  let res:i64 = smallest_multiple(n);
  if iters == 1{
    println_i64(res);
    0
  }else {
    main_loop(iters - 1,n)
  }
}

def main(iters:i64,n:i64): i64{
  main_loop(iters, n)
}

INFO - got notification with method textDocument/didChange
INFO - loading text data Bool { True, False }

def divide_range(min:i64,max:i64,test:i64): Bool{
  if test >= max{
    True
  }else{
    if min % test == 0 {
    
    }else{
      False
    }
  }
}

def smallest_multiple(n:i64): i64{
  divide_range(1,n)
}

def main_loop(iters:i64,n:i64): i64{
  let res:i64 = smallest_multiple(n);
  if iters == 1{
    println_i64(res);
    0
  }else {
    main_loop(iters - 1,n)
  }
}

def main(iters:i64,n:i64): i64{
  main_loop(iters, n)
}

INFO - got notification with method textDocument/didChange
INFO - loading text data Bool { True, False }

def divide_range(min:i64,max:i64,test:i64): Bool{
  if test >= max{
    True
  }else{
    if min % test == 0 {
     
    }else{
      False
    }
  }
}

def smallest_multiple(n:i64): i64{
  divide_range(1,n)
}

def main_loop(iters:i64,n:i64): i64{
  let res:i64 = smallest_multiple(n);
  if iters == 1{
    println_i64(res);
    0
  }else {
    main_loop(iters - 1,n)
  }
}

def main(iters:i64,n:i64): i64{
  main_loop(iters, n)
}

INFO - got notification with method textDocument/didChange
INFO - loading text data Bool { True, False }

def divide_range(min:i64,max:i64,test:i64): Bool{
  if test >= max{
    True
  }else{
    if min % test == 0 {
      
    }else{
      False
    }
  }
}

def smallest_multiple(n:i64): i64{
  divide_range(1,n)
}

def main_loop(iters:i64,n:i64): i64{
  let res:i64 = smallest_multiple(n);
  if iters == 1{
    println_i64(res);
    0
  }else {
    main_loop(iters - 1,n)
  }
}

def main(iters:i64,n:i64): i64{
  main_loop(iters, n)
}

INFO - got notification with method textDocument/didChange
INFO - loading text data Bool { True, False }

def divide_range(min:i64,max:i64,test:i64): Bool{
  if test >= max{
    True
  }else{
    if min % test == 0 {
      d
    }else{
      False
    }
  }
}

def smallest_multiple(n:i64): i64{
  divide_range(1,n)
}

def main_loop(iters:i64,n:i64): i64{
  let res:i64 = smallest_multiple(n);
  if iters == 1{
    println_i64(res);
    0
  }else {
    main_loop(iters - 1,n)
  }
}

def main(iters:i64,n:i64): i64{
  main_loop(iters, n)
}

INFO - got notification with method textDocument/didChange
INFO - loading text data Bool { True, False }

def divide_range(min:i64,max:i64,test:i64): Bool{
  if test >= max{
    True
  }else{
    if min % test == 0 {
      di
    }else{
      False
    }
  }
}

def smallest_multiple(n:i64): i64{
  divide_range(1,n)
}

def main_loop(iters:i64,n:i64): i64{
  let res:i64 = smallest_multiple(n);
  if iters == 1{
    println_i64(res);
    0
  }else {
    main_loop(iters - 1,n)
  }
}

def main(iters:i64,n:i64): i64{
  main_loop(iters, n)
}

INFO - got notification with method textDocument/didChange
INFO - loading text data Bool { True, False }

def divide_range(min:i64,max:i64,test:i64): Bool{
  if test >= max{
    True
  }else{
    if min % test == 0 {
      divi
    }else{
      False
    }
  }
}

def smallest_multiple(n:i64): i64{
  divide_range(1,n)
}

def main_loop(iters:i64,n:i64): i64{
  let res:i64 = smallest_multiple(n);
  if iters == 1{
    println_i64(res);
    0
  }else {
    main_loop(iters - 1,n)
  }
}

def main(iters:i64,n:i64): i64{
  main_loop(iters, n)
}

INFO - got notification with method textDocument/didChange
INFO - loading text data Bool { True, False }

def divide_range(min:i64,max:i64,test:i64): Bool{
  if test >= max{
    True
  }else{
    if min % test == 0 {
      divid
    }else{
      False
    }
  }
}

def smallest_multiple(n:i64): i64{
  divide_range(1,n)
}

def main_loop(iters:i64,n:i64): i64{
  let res:i64 = smallest_multiple(n);
  if iters == 1{
    println_i64(res);
    0
  }else {
    main_loop(iters - 1,n)
  }
}

def main(iters:i64,n:i64): i64{
  main_loop(iters, n)
}

INFO - got notification with method textDocument/didChange
INFO - loading text data Bool { True, False }

def divide_range(min:i64,max:i64,test:i64): Bool{
  if test >= max{
    True
  }else{
    if min % test == 0 {
      divide
    }else{
      False
    }
  }
}

def smallest_multiple(n:i64): i64{
  divide_range(1,n)
}

def main_loop(iters:i64,n:i64): i64{
  let res:i64 = smallest_multiple(n);
  if iters == 1{
    println_i64(res);
    0
  }else {
    main_loop(iters - 1,n)
  }
}

def main(iters:i64,n:i64): i64{
  main_loop(iters, n)
}

INFO - got notification with method textDocument/didChange
INFO - loading text data Bool { True, False }

def divide_range(min:i64,max:i64,test:i64): Bool{
  if test >= max{
    True
  }else{
    if min % test == 0 {
      divide_
    }else{
      False
    }
  }
}

def smallest_multiple(n:i64): i64{
  divide_range(1,n)
}

def main_loop(iters:i64,n:i64): i64{
  let res:i64 = smallest_multiple(n);
  if iters == 1{
    println_i64(res);
    0
  }else {
    main_loop(iters - 1,n)
  }
}

def main(iters:i64,n:i64): i64{
  main_loop(iters, n)
}

INFO - got notification with method textDocument/didChange
INFO - loading text data Bool { True, False }

def divide_range(min:i64,max:i64,test:i64): Bool{
  if test >= max{
    True
  }else{
    if min % test == 0 {
      divide_r
    }else{
      False
    }
  }
}

def smallest_multiple(n:i64): i64{
  divide_range(1,n)
}

def main_loop(iters:i64,n:i64): i64{
  let res:i64 = smallest_multiple(n);
  if iters == 1{
    println_i64(res);
    0
  }else {
    main_loop(iters - 1,n)
  }
}

def main(iters:i64,n:i64): i64{
  main_loop(iters, n)
}

INFO - got notification with method textDocument/didChange
INFO - loading text data Bool { True, False }

def divide_range(min:i64,max:i64,test:i64): Bool{
  if test >= max{
    True
  }else{
    if min % test == 0 {
      divide_ran
    }else{
      False
    }
  }
}

def smallest_multiple(n:i64): i64{
  divide_range(1,n)
}

def main_loop(iters:i64,n:i64): i64{
  let res:i64 = smallest_multiple(n);
  if iters == 1{
    println_i64(res);
    0
  }else {
    main_loop(iters - 1,n)
  }
}

def main(iters:i64,n:i64): i64{
  main_loop(iters, n)
}

INFO - got notification with method textDocument/didChange
INFO - loading text data Bool { True, False }

def divide_range(min:i64,max:i64,test:i64): Bool{
  if test >= max{
    True
  }else{
    if min % test == 0 {
      divide_range
    }else{
      False
    }
  }
}

def smallest_multiple(n:i64): i64{
  divide_range(1,n)
}

def main_loop(iters:i64,n:i64): i64{
  let res:i64 = smallest_multiple(n);
  if iters == 1{
    println_i64(res);
    0
  }else {
    main_loop(iters - 1,n)
  }
}

def main(iters:i64,n:i64): i64{
  main_loop(iters, n)
}

INFO - got notification with method textDocument/didChange
INFO - loading text data Bool { True, False }

def divide_range(min:i64,max:i64,test:i64): Bool{
  if test >= max{
    True
  }else{
    if min % test == 0 {
      divide_range(
    }else{
      False
    }
  }
}

def smallest_multiple(n:i64): i64{
  divide_range(1,n)
}

def main_loop(iters:i64,n:i64): i64{
  let res:i64 = smallest_multiple(n);
  if iters == 1{
    println_i64(res);
    0
  }else {
    main_loop(iters - 1,n)
  }
}

def main(iters:i64,n:i64): i64{
  main_loop(iters, n)
}

INFO - got notification with method textDocument/didChange
INFO - loading text data Bool { True, False }

def divide_range(min:i64,max:i64,test:i64): Bool{
  if test >= max{
    True
  }else{
    if min % test == 0 {
      divide_range(m
    }else{
      False
    }
  }
}

def smallest_multiple(n:i64): i64{
  divide_range(1,n)
}

def main_loop(iters:i64,n:i64): i64{
  let res:i64 = smallest_multiple(n);
  if iters == 1{
    println_i64(res);
    0
  }else {
    main_loop(iters - 1,n)
  }
}

def main(iters:i64,n:i64): i64{
  main_loop(iters, n)
}

INFO - got notification with method textDocument/didChange
INFO - loading text data Bool { True, False }

def divide_range(min:i64,max:i64,test:i64): Bool{
  if test >= max{
    True
  }else{
    if min % test == 0 {
      divide_range(mi
    }else{
      False
    }
  }
}

def smallest_multiple(n:i64): i64{
  divide_range(1,n)
}

def main_loop(iters:i64,n:i64): i64{
  let res:i64 = smallest_multiple(n);
  if iters == 1{
    println_i64(res);
    0
  }else {
    main_loop(iters - 1,n)
  }
}

def main(iters:i64,n:i64): i64{
  main_loop(iters, n)
}

INFO - got notification with method textDocument/didChange
INFO - loading text data Bool { True, False }

def divide_range(min:i64,max:i64,test:i64): Bool{
  if test >= max{
    True
  }else{
    if min % test == 0 {
      divide_range(min 
    }else{
      False
    }
  }
}

def smallest_multiple(n:i64): i64{
  divide_range(1,n)
}

def main_loop(iters:i64,n:i64): i64{
  let res:i64 = smallest_multiple(n);
  if iters == 1{
    println_i64(res);
    0
  }else {
    main_loop(iters - 1,n)
  }
}

def main(iters:i64,n:i64): i64{
  main_loop(iters, n)
}

INFO - got notification with method textDocument/didChange
INFO - loading text data Bool { True, False }

def divide_range(min:i64,max:i64,test:i64): Bool{
  if test >= max{
    True
  }else{
    if min % test == 0 {
      divide_range(min +
    }else{
      False
    }
  }
}

def smallest_multiple(n:i64): i64{
  divide_range(1,n)
}

def main_loop(iters:i64,n:i64): i64{
  let res:i64 = smallest_multiple(n);
  if iters == 1{
    println_i64(res);
    0
  }else {
    main_loop(iters - 1,n)
  }
}

def main(iters:i64,n:i64): i64{
  main_loop(iters, n)
}

INFO - got notification with method textDocument/didChange
INFO - loading text data Bool { True, False }

def divide_range(min:i64,max:i64,test:i64): Bool{
  if test >= max{
    True
  }else{
    if min % test == 0 {
      divide_range(min + 
    }else{
      False
    }
  }
}

def smallest_multiple(n:i64): i64{
  divide_range(1,n)
}

def main_loop(iters:i64,n:i64): i64{
  let res:i64 = smallest_multiple(n);
  if iters == 1{
    println_i64(res);
    0
  }else {
    main_loop(iters - 1,n)
  }
}

def main(iters:i64,n:i64): i64{
  main_loop(iters, n)
}

INFO - got notification with method textDocument/didChange
INFO - loading text data Bool { True, False }

def divide_range(min:i64,max:i64,test:i64): Bool{
  if test >= max{
    True
  }else{
    if min % test == 0 {
      divide_range(min + 1
    }else{
      False
    }
  }
}

def smallest_multiple(n:i64): i64{
  divide_range(1,n)
}

def main_loop(iters:i64,n:i64): i64{
  let res:i64 = smallest_multiple(n);
  if iters == 1{
    println_i64(res);
    0
  }else {
    main_loop(iters - 1,n)
  }
}

def main(iters:i64,n:i64): i64{
  main_loop(iters, n)
}

INFO - got notification with method textDocument/didChange
INFO - loading text data Bool { True, False }

def divide_range(min:i64,max:i64,test:i64): Bool{
  if test >= max{
    True
  }else{
    if min % test == 0 {
      divide_range(min + 1 ,
    }else{
      False
    }
  }
}

def smallest_multiple(n:i64): i64{
  divide_range(1,n)
}

def main_loop(iters:i64,n:i64): i64{
  let res:i64 = smallest_multiple(n);
  if iters == 1{
    println_i64(res);
    0
  }else {
    main_loop(iters - 1,n)
  }
}

def main(iters:i64,n:i64): i64{
  main_loop(iters, n)
}

INFO - got notification with method textDocument/didChange
INFO - loading text data Bool { True, False }

def divide_range(min:i64,max:i64,test:i64): Bool{
  if test >= max{
    True
  }else{
    if min % test == 0 {
      divide_range(min + 1 
    }else{
      False
    }
  }
}

def smallest_multiple(n:i64): i64{
  divide_range(1,n)
}

def main_loop(iters:i64,n:i64): i64{
  let res:i64 = smallest_multiple(n);
  if iters == 1{
    println_i64(res);
    0
  }else {
    main_loop(iters - 1,n)
  }
}

def main(iters:i64,n:i64): i64{
  main_loop(iters, n)
}

INFO - got notification with method textDocument/didChange
INFO - loading text data Bool { True, False }

def divide_range(min:i64,max:i64,test:i64): Bool{
  if test >= max{
    True
  }else{
    if min % test == 0 {
      divide_range(min + 1
    }else{
      False
    }
  }
}

def smallest_multiple(n:i64): i64{
  divide_range(1,n)
}

def main_loop(iters:i64,n:i64): i64{
  let res:i64 = smallest_multiple(n);
  if iters == 1{
    println_i64(res);
    0
  }else {
    main_loop(iters - 1,n)
  }
}

def main(iters:i64,n:i64): i64{
  main_loop(iters, n)
}

INFO - got notification with method textDocument/didChange
INFO - loading text data Bool { True, False }

def divide_range(min:i64,max:i64,test:i64): Bool{
  if test >= max{
    True
  }else{
    if min % test == 0 {
      divide_range(min + 1, 
    }else{
      False
    }
  }
}

def smallest_multiple(n:i64): i64{
  divide_range(1,n)
}

def main_loop(iters:i64,n:i64): i64{
  let res:i64 = smallest_multiple(n);
  if iters == 1{
    println_i64(res);
    0
  }else {
    main_loop(iters - 1,n)
  }
}

def main(iters:i64,n:i64): i64{
  main_loop(iters, n)
}

INFO - got notification with method textDocument/didChange
INFO - loading text data Bool { True, False }

def divide_range(min:i64,max:i64,test:i64): Bool{
  if test >= max{
    True
  }else{
    if min % test == 0 {
      divide_range(min + 1, x
    }else{
      False
    }
  }
}

def smallest_multiple(n:i64): i64{
  divide_range(1,n)
}

def main_loop(iters:i64,n:i64): i64{
  let res:i64 = smallest_multiple(n);
  if iters == 1{
    println_i64(res);
    0
  }else {
    main_loop(iters - 1,n)
  }
}

def main(iters:i64,n:i64): i64{
  main_loop(iters, n)
}

INFO - got notification with method textDocument/didChange
INFO - loading text data Bool { True, False }

def divide_range(min:i64,max:i64,test:i64): Bool{
  if test >= max{
    True
  }else{
    if min % test == 0 {
      divide_range(min + 1, 
    }else{
      False
    }
  }
}

def smallest_multiple(n:i64): i64{
  divide_range(1,n)
}

def main_loop(iters:i64,n:i64): i64{
  let res:i64 = smallest_multiple(n);
  if iters == 1{
    println_i64(res);
    0
  }else {
    main_loop(iters - 1,n)
  }
}

def main(iters:i64,n:i64): i64{
  main_loop(iters, n)
}

INFO - got notification with method textDocument/didChange
INFO - loading text data Bool { True, False }

def divide_range(min:i64,max:i64,test:i64): Bool{
  if test >= max{
    True
  }else{
    if min % test == 0 {
      divide_range(min + 1, m
    }else{
      False
    }
  }
}

def smallest_multiple(n:i64): i64{
  divide_range(1,n)
}

def main_loop(iters:i64,n:i64): i64{
  let res:i64 = smallest_multiple(n);
  if iters == 1{
    println_i64(res);
    0
  }else {
    main_loop(iters - 1,n)
  }
}

def main(iters:i64,n:i64): i64{
  main_loop(iters, n)
}

INFO - got notification with method textDocument/didChange
INFO - loading text data Bool { True, False }

def divide_range(min:i64,max:i64,test:i64): Bool{
  if test >= max{
    True
  }else{
    if min % test == 0 {
      divide_range(min + 1, max
    }else{
      False
    }
  }
}

def smallest_multiple(n:i64): i64{
  divide_range(1,n)
}

def main_loop(iters:i64,n:i64): i64{
  let res:i64 = smallest_multiple(n);
  if iters == 1{
    println_i64(res);
    0
  }else {
    main_loop(iters - 1,n)
  }
}

def main(iters:i64,n:i64): i64{
  main_loop(iters, n)
}

INFO - got notification with method textDocument/didChange
INFO - loading text data Bool { True, False }

def divide_range(min:i64,max:i64,test:i64): Bool{
  if test >= max{
    True
  }else{
    if min % test == 0 {
      divide_range(min + 1, max,
    }else{
      False
    }
  }
}

def smallest_multiple(n:i64): i64{
  divide_range(1,n)
}

def main_loop(iters:i64,n:i64): i64{
  let res:i64 = smallest_multiple(n);
  if iters == 1{
    println_i64(res);
    0
  }else {
    main_loop(iters - 1,n)
  }
}

def main(iters:i64,n:i64): i64{
  main_loop(iters, n)
}

INFO - got notification with method textDocument/didChange
INFO - loading text data Bool { True, False }

def divide_range(min:i64,max:i64,test:i64): Bool{
  if test >= max{
    True
  }else{
    if min % test == 0 {
      divide_range(min + 1, max,te
    }else{
      False
    }
  }
}

def smallest_multiple(n:i64): i64{
  divide_range(1,n)
}

def main_loop(iters:i64,n:i64): i64{
  let res:i64 = smallest_multiple(n);
  if iters == 1{
    println_i64(res);
    0
  }else {
    main_loop(iters - 1,n)
  }
}

def main(iters:i64,n:i64): i64{
  main_loop(iters, n)
}

INFO - got notification with method textDocument/didChange
INFO - loading text data Bool { True, False }

def divide_range(min:i64,max:i64,test:i64): Bool{
  if test >= max{
    True
  }else{
    if min % test == 0 {
      divide_range(min + 1, max,test
    }else{
      False
    }
  }
}

def smallest_multiple(n:i64): i64{
  divide_range(1,n)
}

def main_loop(iters:i64,n:i64): i64{
  let res:i64 = smallest_multiple(n);
  if iters == 1{
    println_i64(res);
    0
  }else {
    main_loop(iters - 1,n)
  }
}

def main(iters:i64,n:i64): i64{
  main_loop(iters, n)
}

INFO - got notification with method textDocument/didChange
INFO - loading text data Bool { True, False }

def divide_range(min:i64,max:i64,test:i64): Bool{
  if test >= max{
    True
  }else{
    if min % test == 0 {
      divide_range(min + 1, max,test)
    }else{
      False
    }
  }
}

def smallest_multiple(n:i64): i64{
  divide_range(1,n)
}

def main_loop(iters:i64,n:i64): i64{
  let res:i64 = smallest_multiple(n);
  if iters == 1{
    println_i64(res);
    0
  }else {
    main_loop(iters - 1,n)
  }
}

def main(iters:i64,n:i64): i64{
  main_loop(iters, n)
}

INFO - got notification with method textDocument/didChange
INFO - loading text data Bool { True, False }

def divide_range(min:i64,max:i64,test:i64): Bool{
  if test >= max{
    True
  }else{
    if min % test == 0 {
      divide_range(min + 1, max,test)
    }else{
      False
    }
  }
}

def smallest_multiple(n:i64): i64{
}

def main_loop(iters:i64,n:i64): i64{
  let res:i64 = smallest_multiple(n);
  if iters == 1{
    println_i64(res);
    0
  }else {
    main_loop(iters - 1,n)
  }
}

def main(iters:i64,n:i64): i64{
  main_loop(iters, n)
}

INFO - got notification with method textDocument/didChange
INFO - loading text data Bool { True, False }

def divide_range(min:i64,max:i64,test:i64): Bool{
  if test >= max{
    True
  }else{
    if min % test == 0 {
      divide_range(min + 1, max,test)
    }else{
      False
    }
  }
}

def smallest_multiple(n:i64): i64{

}

def main_loop(iters:i64,n:i64): i64{
  let res:i64 = smallest_multiple(n);
  if iters == 1{
    println_i64(res);
    0
  }else {
    main_loop(iters - 1,n)
  }
}

def main(iters:i64,n:i64): i64{
  main_loop(iters, n)
}

INFO - got notification with method textDocument/didChange
INFO - loading text data Bool { True, False }

def divide_range(min:i64,max:i64,test:i64): Bool{
  if test >= max{
    True
  }else{
    if min % test == 0 {
      divide_range(min + 1, max,test)
    }else{
      False
    }
  }
}

def smallest_multiple(n:i64): i64{
 
}

def main_loop(iters:i64,n:i64): i64{
  let res:i64 = smallest_multiple(n);
  if iters == 1{
    println_i64(res);
    0
  }else {
    main_loop(iters - 1,n)
  }
}

def main(iters:i64,n:i64): i64{
  main_loop(iters, n)
}

INFO - got notification with method textDocument/didChange
INFO - loading text data Bool { True, False }

def divide_range(min:i64,max:i64,test:i64): Bool{
  if test >= max{
    True
  }else{
    if min % test == 0 {
      divide_range(min + 1, max,test)
    }else{
      False
    }
  }
}

def smallest_multiple(n:i64): i64{
  
}

def main_loop(iters:i64,n:i64): i64{
  let res:i64 = smallest_multiple(n);
  if iters == 1{
    println_i64(res);
    0
  }else {
    main_loop(iters - 1,n)
  }
}

def main(iters:i64,n:i64): i64{
  main_loop(iters, n)
}

INFO - got notification with method textDocument/didChange
INFO - loading text data Bool { True, False }

def divide_range(min:i64,max:i64,test:i64): Bool{
  if test >= max{
    True
  }else{
    if min % test == 0 {
      divide_range(min + 1, max,test)
    }else{
      False
    }
  }
}

def smallest_multiple(n:i64): i64{
  d
}

def main_loop(iters:i64,n:i64): i64{
  let res:i64 = smallest_multiple(n);
  if iters == 1{
    println_i64(res);
    0
  }else {
    main_loop(iters - 1,n)
  }
}

def main(iters:i64,n:i64): i64{
  main_loop(iters, n)
}

INFO - got notification with method textDocument/didChange
INFO - loading text data Bool { True, False }

def divide_range(min:i64,max:i64,test:i64): Bool{
  if test >= max{
    True
  }else{
    if min % test == 0 {
      divide_range(min + 1, max,test)
    }else{
      False
    }
  }
}

def smallest_multiple(n:i64): i64{
  div
}

def main_loop(iters:i64,n:i64): i64{
  let res:i64 = smallest_multiple(n);
  if iters == 1{
    println_i64(res);
    0
  }else {
    main_loop(iters - 1,n)
  }
}

def main(iters:i64,n:i64): i64{
  main_loop(iters, n)
}

INFO - got notification with method textDocument/didChange
INFO - loading text data Bool { True, False }

def divide_range(min:i64,max:i64,test:i64): Bool{
  if test >= max{
    True
  }else{
    if min % test == 0 {
      divide_range(min + 1, max,test)
    }else{
      False
    }
  }
}

def smallest_multiple(n:i64): i64{
  divi
}

def main_loop(iters:i64,n:i64): i64{
  let res:i64 = smallest_multiple(n);
  if iters == 1{
    println_i64(res);
    0
  }else {
    main_loop(iters - 1,n)
  }
}

def main(iters:i64,n:i64): i64{
  main_loop(iters, n)
}

INFO - got notification with method textDocument/didChange
INFO - loading text data Bool { True, False }

def divide_range(min:i64,max:i64,test:i64): Bool{
  if test >= max{
    True
  }else{
    if min % test == 0 {
      divide_range(min + 1, max,test)
    }else{
      False
    }
  }
}

def smallest_multiple(n:i64): i64{
  divid
}

def main_loop(iters:i64,n:i64): i64{
  let res:i64 = smallest_multiple(n);
  if iters == 1{
    println_i64(res);
    0
  }else {
    main_loop(iters - 1,n)
  }
}

def main(iters:i64,n:i64): i64{
  main_loop(iters, n)
}

INFO - got notification with method textDocument/didChange
INFO - loading text data Bool { True, False }

def divide_range(min:i64,max:i64,test:i64): Bool{
  if test >= max{
    True
  }else{
    if min % test == 0 {
      divide_range(min + 1, max,test)
    }else{
      False
    }
  }
}

def smallest_multiple(n:i64): i64{
  divide
}

def main_loop(iters:i64,n:i64): i64{
  let res:i64 = smallest_multiple(n);
  if iters == 1{
    println_i64(res);
    0
  }else {
    main_loop(iters - 1,n)
  }
}

def main(iters:i64,n:i64): i64{
  main_loop(iters, n)
}

INFO - got notification with method textDocument/didChange
INFO - loading text data Bool { True, False }

def divide_range(min:i64,max:i64,test:i64): Bool{
  if test >= max{
    True
  }else{
    if min % test == 0 {
      divide_range(min + 1, max,test)
    }else{
      False
    }
  }
}

def smallest_multiple(n:i64): i64{
  divide_
}

def main_loop(iters:i64,n:i64): i64{
  let res:i64 = smallest_multiple(n);
  if iters == 1{
    println_i64(res);
    0
  }else {
    main_loop(iters - 1,n)
  }
}

def main(iters:i64,n:i64): i64{
  main_loop(iters, n)
}

INFO - got notification with method textDocument/didChange
INFO - loading text data Bool { True, False }

def divide_range(min:i64,max:i64,test:i64): Bool{
  if test >= max{
    True
  }else{
    if min % test == 0 {
      divide_range(min + 1, max,test)
    }else{
      False
    }
  }
}

def smallest_multiple(n:i64): i64{
  divide_r
}

def main_loop(iters:i64,n:i64): i64{
  let res:i64 = smallest_multiple(n);
  if iters == 1{
    println_i64(res);
    0
  }else {
    main_loop(iters - 1,n)
  }
}

def main(iters:i64,n:i64): i64{
  main_loop(iters, n)
}

INFO - got notification with method textDocument/didChange
INFO - loading text data Bool { True, False }

def divide_range(min:i64,max:i64,test:i64): Bool{
  if test >= max{
    True
  }else{
    if min % test == 0 {
      divide_range(min + 1, max,test)
    }else{
      False
    }
  }
}

def smallest_multiple(n:i64): i64{
  divide_rang
}

def main_loop(iters:i64,n:i64): i64{
  let res:i64 = smallest_multiple(n);
  if iters == 1{
    println_i64(res);
    0
  }else {
    main_loop(iters - 1,n)
  }
}

def main(iters:i64,n:i64): i64{
  main_loop(iters, n)
}

INFO - got notification with method textDocument/didChange
INFO - loading text data Bool { True, False }

def divide_range(min:i64,max:i64,test:i64): Bool{
  if test >= max{
    True
  }else{
    if min % test == 0 {
      divide_range(min + 1, max,test)
    }else{
      False
    }
  }
}

def smallest_multiple(n:i64): i64{
  divide_range
}

def main_loop(iters:i64,n:i64): i64{
  let res:i64 = smallest_multiple(n);
  if iters == 1{
    println_i64(res);
    0
  }else {
    main_loop(iters - 1,n)
  }
}

def main(iters:i64,n:i64): i64{
  main_loop(iters, n)
}

INFO - got notification with method textDocument/didChange
INFO - loading text data Bool { True, False }

def divide_range(min:i64,max:i64,test:i64): Bool{
  if test >= max{
    True
  }else{
    if min % test == 0 {
      divide_range(min + 1, max,test)
    }else{
      False
    }
  }
}

def smallest_multiple(n:i64): i64{
  divide_range(
}

def main_loop(iters:i64,n:i64): i64{
  let res:i64 = smallest_multiple(n);
  if iters == 1{
    println_i64(res);
    0
  }else {
    main_loop(iters - 1,n)
  }
}

def main(iters:i64,n:i64): i64{
  main_loop(iters, n)
}

INFO - got notification with method textDocument/didChange
INFO - loading text data Bool { True, False }

def divide_range(min:i64,max:i64,test:i64): Bool{
  if test >= max{
    True
  }else{
    if min % test == 0 {
      divide_range(min + 1, max,test)
    }else{
      False
    }
  }
}

def smallest_multiple(n:i64): i64{
  divide_range(1
}

def main_loop(iters:i64,n:i64): i64{
  let res:i64 = smallest_multiple(n);
  if iters == 1{
    println_i64(res);
    0
  }else {
    main_loop(iters - 1,n)
  }
}

def main(iters:i64,n:i64): i64{
  main_loop(iters, n)
}

INFO - got notification with method textDocument/didChange
INFO - loading text data Bool { True, False }

def divide_range(min:i64,max:i64,test:i64): Bool{
  if test >= max{
    True
  }else{
    if min % test == 0 {
      divide_range(min + 1, max,test)
    }else{
      False
    }
  }
}

def smallest_multiple(n:i64): i64{
  divide_range(1,
}

def main_loop(iters:i64,n:i64): i64{
  let res:i64 = smallest_multiple(n);
  if iters == 1{
    println_i64(res);
    0
  }else {
    main_loop(iters - 1,n)
  }
}

def main(iters:i64,n:i64): i64{
  main_loop(iters, n)
}

INFO - got notification with method textDocument/didChange
INFO - loading text data Bool { True, False }

def divide_range(min:i64,max:i64,test:i64): Bool{
  if test >= max{
    True
  }else{
    if min % test == 0 {
      divide_range(min + 1, max,test)
    }else{
      False
    }
  }
}

def smallest_multiple(n:i64): i64{
  divide_range(1,n
}

def main_loop(iters:i64,n:i64): i64{
  let res:i64 = smallest_multiple(n);
  if iters == 1{
    println_i64(res);
    0
  }else {
    main_loop(iters - 1,n)
  }
}

def main(iters:i64,n:i64): i64{
  main_loop(iters, n)
}

INFO - got notification with method textDocument/didChange
INFO - loading text data Bool { True, False }

def divide_range(min:i64,max:i64,test:i64): Bool{
  if test >= max{
    True
  }else{
    if min % test == 0 {
      divide_range(min + 1, max,test)
    }else{
      False
    }
  }
}

def smallest_multiple(n:i64): i64{
  divide_range(1,n0
}

def main_loop(iters:i64,n:i64): i64{
  let res:i64 = smallest_multiple(n);
  if iters == 1{
    println_i64(res);
    0
  }else {
    main_loop(iters - 1,n)
  }
}

def main(iters:i64,n:i64): i64{
  main_loop(iters, n)
}

INFO - got notification with method textDocument/didChange
INFO - loading text data Bool { True, False }

def divide_range(min:i64,max:i64,test:i64): Bool{
  if test >= max{
    True
  }else{
    if min % test == 0 {
      divide_range(min + 1, max,test)
    }else{
      False
    }
  }
}

def smallest_multiple(n:i64): i64{
  divide_range(1,n
}

def main_loop(iters:i64,n:i64): i64{
  let res:i64 = smallest_multiple(n);
  if iters == 1{
    println_i64(res);
    0
  }else {
    main_loop(iters - 1,n)
  }
}

def main(iters:i64,n:i64): i64{
  main_loop(iters, n)
}

INFO - got notification with method textDocument/didChange
INFO - loading text data Bool { True, False }

def divide_range(min:i64,max:i64,test:i64): Bool{
  if test >= max{
    True
  }else{
    if min % test == 0 {
      divide_range(min + 1, max,test)
    }else{
      False
    }
  }
}

def smallest_multiple(n:i64): i64{
  divide_range(1,n)
}

def main_loop(iters:i64,n:i64): i64{
  let res:i64 = smallest_multiple(n);
  if iters == 1{
    println_i64(res);
    0
  }else {
    main_loop(iters - 1,n)
  }
}

def main(iters:i64,n:i64): i64{
  main_loop(iters, n)
}

INFO - got notification with method textDocument/didChange
INFO - loading text data Bool { True, False }

def divide_range(min:i64,max:i64,test:i64): Bool{
  if test >= max{
    True
  }else{
    if min % test == 0 {
      divide_range(min + 1, max,test)
    }else{
      False
    }
  }
}

def smallest_multiple(n:i64): i64{
}

def main_loop(iters:i64,n:i64): i64{
  let res:i64 = smallest_multiple(n);
  if iters == 1{
    println_i64(res);
    0
  }else {
    main_loop(iters - 1,n)
  }
}

def main(iters:i64,n:i64): i64{
  main_loop(iters, n)
}

INFO - got notification with method textDocument/didChange
INFO - loading text data Bool { True, False }

def divide_range(min:i64,max:i64,test:i64): Bool{
  if test >= max{
    True
  }else{
    if min % test == 0 {
      divide_range(min + 1, max,test)
    }else{
      False
    }
  }
}

def smallest_multiple(n:i64): i64{

}

def main_loop(iters:i64,n:i64): i64{
  let res:i64 = smallest_multiple(n);
  if iters == 1{
    println_i64(res);
    0
  }else {
    main_loop(iters - 1,n)
  }
}

def main(iters:i64,n:i64): i64{
  main_loop(iters, n)
}

INFO - got notification with method textDocument/didChange
INFO - loading text data Bool { True, False }

def divide_range(min:i64,max:i64,test:i64): Bool{
  if test >= max{
    True
  }else{
    if min % test == 0 {
      divide_range(min + 1, max,test)
    }else{
      False
    }
  }
}

def smallest_multiple(n:i64): i64{
 
}

def main_loop(iters:i64,n:i64): i64{
  let res:i64 = smallest_multiple(n);
  if iters == 1{
    println_i64(res);
    0
  }else {
    main_loop(iters - 1,n)
  }
}

def main(iters:i64,n:i64): i64{
  main_loop(iters, n)
}

INFO - got notification with method textDocument/didChange
INFO - loading text data Bool { True, False }

def divide_range(min:i64,max:i64,test:i64): Bool{
  if test >= max{
    True
  }else{
    if min % test == 0 {
      divide_range(min + 1, max,test)
    }else{
      False
    }
  }
}

def smallest_multiple(n:i64): i64{
  
}

def main_loop(iters:i64,n:i64): i64{
  let res:i64 = smallest_multiple(n);
  if iters == 1{
    println_i64(res);
    0
  }else {
    main_loop(iters - 1,n)
  }
}

def main(iters:i64,n:i64): i64{
  main_loop(iters, n)
}

INFO - got notification with method textDocument/didChange
INFO - loading text data Bool { True, False }

def divide_range(min:i64,max:i64,test:i64): Bool{
  if test >= max{
    True
  }else{
    if min % test == 0 {
      divide_range(min + 1, max,test)
    }else{
      False
    }
  }
}

def smallest_multiple(n:i64): i64{
  s
}

def main_loop(iters:i64,n:i64): i64{
  let res:i64 = smallest_multiple(n);
  if iters == 1{
    println_i64(res);
    0
  }else {
    main_loop(iters - 1,n)
  }
}

def main(iters:i64,n:i64): i64{
  main_loop(iters, n)
}

INFO - got notification with method textDocument/didChange
INFO - loading text data Bool { True, False }

def divide_range(min:i64,max:i64,test:i64): Bool{
  if test >= max{
    True
  }else{
    if min % test == 0 {
      divide_range(min + 1, max,test)
    }else{
      False
    }
  }
}

def smallest_multiple(n:i64): i64{
  sm
}

def main_loop(iters:i64,n:i64): i64{
  let res:i64 = smallest_multiple(n);
  if iters == 1{
    println_i64(res);
    0
  }else {
    main_loop(iters - 1,n)
  }
}

def main(iters:i64,n:i64): i64{
  main_loop(iters, n)
}

INFO - got notification with method textDocument/didChange
INFO - loading text data Bool { True, False }

def divide_range(min:i64,max:i64,test:i64): Bool{
  if test >= max{
    True
  }else{
    if min % test == 0 {
      divide_range(min + 1, max,test)
    }else{
      False
    }
  }
}

def smallest_multiple(n:i64): i64{
  smal
}

def main_loop(iters:i64,n:i64): i64{
  let res:i64 = smallest_multiple(n);
  if iters == 1{
    println_i64(res);
    0
  }else {
    main_loop(iters - 1,n)
  }
}

def main(iters:i64,n:i64): i64{
  main_loop(iters, n)
}

INFO - got notification with method textDocument/didChange
INFO - loading text data Bool { True, False }

def divide_range(min:i64,max:i64,test:i64): Bool{
  if test >= max{
    True
  }else{
    if min % test == 0 {
      divide_range(min + 1, max,test)
    }else{
      False
    }
  }
}

def smallest_multiple(n:i64): i64{
  small
}

def main_loop(iters:i64,n:i64): i64{
  let res:i64 = smallest_multiple(n);
  if iters == 1{
    println_i64(res);
    0
  }else {
    main_loop(iters - 1,n)
  }
}

def main(iters:i64,n:i64): i64{
  main_loop(iters, n)
}

INFO - got notification with method textDocument/didChange
INFO - loading text data Bool { True, False }

def divide_range(min:i64,max:i64,test:i64): Bool{
  if test >= max{
    True
  }else{
    if min % test == 0 {
      divide_range(min + 1, max,test)
    }else{
      False
    }
  }
}

def smallest_multiple(n:i64): i64{
  smalles
}

def main_loop(iters:i64,n:i64): i64{
  let res:i64 = smallest_multiple(n);
  if iters == 1{
    println_i64(res);
    0
  }else {
    main_loop(iters - 1,n)
  }
}

def main(iters:i64,n:i64): i64{
  main_loop(iters, n)
}

INFO - got notification with method textDocument/didChange
INFO - loading text data Bool { True, False }

def divide_range(min:i64,max:i64,test:i64): Bool{
  if test >= max{
    True
  }else{
    if min % test == 0 {
      divide_range(min + 1, max,test)
    }else{
      False
    }
  }
}

def smallest_multiple(n:i64): i64{
  smallest
}

def main_loop(iters:i64,n:i64): i64{
  let res:i64 = smallest_multiple(n);
  if iters == 1{
    println_i64(res);
    0
  }else {
    main_loop(iters - 1,n)
  }
}

def main(iters:i64,n:i64): i64{
  main_loop(iters, n)
}

INFO - got notification with method textDocument/didChange
INFO - loading text data Bool { True, False }

def divide_range(min:i64,max:i64,test:i64): Bool{
  if test >= max{
    True
  }else{
    if min % test == 0 {
      divide_range(min + 1, max,test)
    }else{
      False
    }
  }
}

def smallest_multiple(n:i64): i64{
  smallest_
}

def main_loop(iters:i64,n:i64): i64{
  let res:i64 = smallest_multiple(n);
  if iters == 1{
    println_i64(res);
    0
  }else {
    main_loop(iters - 1,n)
  }
}

def main(iters:i64,n:i64): i64{
  main_loop(iters, n)
}

INFO - got notification with method textDocument/didChange
INFO - loading text data Bool { True, False }

def divide_range(min:i64,max:i64,test:i64): Bool{
  if test >= max{
    True
  }else{
    if min % test == 0 {
      divide_range(min + 1, max,test)
    }else{
      False
    }
  }
}

def smallest_multiple(n:i64): i64{
  smallest_m
}

def main_loop(iters:i64,n:i64): i64{
  let res:i64 = smallest_multiple(n);
  if iters == 1{
    println_i64(res);
    0
  }else {
    main_loop(iters - 1,n)
  }
}

def main(iters:i64,n:i64): i64{
  main_loop(iters, n)
}

INFO - got notification with method textDocument/didChange
INFO - loading text data Bool { True, False }

def divide_range(min:i64,max:i64,test:i64): Bool{
  if test >= max{
    True
  }else{
    if min % test == 0 {
      divide_range(min + 1, max,test)
    }else{
      False
    }
  }
}

def smallest_multiple(n:i64): i64{
  smallest_mul
}

def main_loop(iters:i64,n:i64): i64{
  let res:i64 = smallest_multiple(n);
  if iters == 1{
    println_i64(res);
    0
  }else {
    main_loop(iters - 1,n)
  }
}

def main(iters:i64,n:i64): i64{
  main_loop(iters, n)
}

INFO - got notification with method textDocument/didChange
INFO - loading text data Bool { True, False }

def divide_range(min:i64,max:i64,test:i64): Bool{
  if test >= max{
    True
  }else{
    if min % test == 0 {
      divide_range(min + 1, max,test)
    }else{
      False
    }
  }
}

def smallest_multiple(n:i64): i64{
  smallest_mult
}

def main_loop(iters:i64,n:i64): i64{
  let res:i64 = smallest_multiple(n);
  if iters == 1{
    println_i64(res);
    0
  }else {
    main_loop(iters - 1,n)
  }
}

def main(iters:i64,n:i64): i64{
  main_loop(iters, n)
}

INFO - got notification with method textDocument/didChange
INFO - loading text data Bool { True, False }

def divide_range(min:i64,max:i64,test:i64): Bool{
  if test >= max{
    True
  }else{
    if min % test == 0 {
      divide_range(min + 1, max,test)
    }else{
      False
    }
  }
}

def smallest_multiple(n:i64): i64{
  smallest_multi
}

def main_loop(iters:i64,n:i64): i64{
  let res:i64 = smallest_multiple(n);
  if iters == 1{
    println_i64(res);
    0
  }else {
    main_loop(iters - 1,n)
  }
}

def main(iters:i64,n:i64): i64{
  main_loop(iters, n)
}

INFO - got notification with method textDocument/didChange
INFO - loading text data Bool { True, False }

def divide_range(min:i64,max:i64,test:i64): Bool{
  if test >= max{
    True
  }else{
    if min % test == 0 {
      divide_range(min + 1, max,test)
    }else{
      False
    }
  }
}

def smallest_multiple(n:i64): i64{
  smallest_multip
}

def main_loop(iters:i64,n:i64): i64{
  let res:i64 = smallest_multiple(n);
  if iters == 1{
    println_i64(res);
    0
  }else {
    main_loop(iters - 1,n)
  }
}

def main(iters:i64,n:i64): i64{
  main_loop(iters, n)
}

INFO - got notification with method textDocument/didChange
INFO - loading text data Bool { True, False }

def divide_range(min:i64,max:i64,test:i64): Bool{
  if test >= max{
    True
  }else{
    if min % test == 0 {
      divide_range(min + 1, max,test)
    }else{
      False
    }
  }
}

def smallest_multiple(n:i64): i64{
  smallest_multiple
}

def main_loop(iters:i64,n:i64): i64{
  let res:i64 = smallest_multiple(n);
  if iters == 1{
    println_i64(res);
    0
  }else {
    main_loop(iters - 1,n)
  }
}

def main(iters:i64,n:i64): i64{
  main_loop(iters, n)
}

INFO - got notification with method textDocument/didChange
INFO - loading text data Bool { True, False }

def divide_range(min:i64,max:i64,test:i64): Bool{
  if test >= max{
    True
  }else{
    if min % test == 0 {
      divide_range(min + 1, max,test)
    }else{
      False
    }
  }
}

def smallest_multiple(n:i64): i64{
  smallest_multiple(
}

def main_loop(iters:i64,n:i64): i64{
  let res:i64 = smallest_multiple(n);
  if iters == 1{
    println_i64(res);
    0
  }else {
    main_loop(iters - 1,n)
  }
}

def main(iters:i64,n:i64): i64{
  main_loop(iters, n)
}

INFO - got notification with method textDocument/didChange
INFO - loading text data Bool { True, False }

def divide_range(min:i64,max:i64,test:i64): Bool{
  if test >= max{
    True
  }else{
    if min % test == 0 {
      divide_range(min + 1, max,test)
    }else{
      False
    }
  }
}

def smallest_multiple(n:i64): i64{
  smallest_multiple(
}

def main_loop(iters:i64,n:i64): i64{
  let res:i64 = smallest_multiple(n);
  if iters == 1{
    println_i64(res);
    0
  }else {
    main_loop(iters - 1,n)
  }
}

def main(iters:i64,n:i64): i64{
  main_loop(iters, n)
}

INFO - got notification with method textDocument/didChange
INFO - loading text data Bool { True, False }

def divide_range(min:i64,max:i64,test:i64): Bool{
  if test >= max{
    True
  }else{
    if min % test == 0 {
      divide_range(min + 1, max,test)
    }else{
      False
    }
  }
}

def smallest_multiple(n:i64): i64{
  smallest_multiple(_
}

def main_loop(iters:i64,n:i64): i64{
  let res:i64 = smallest_multiple(n);
  if iters == 1{
    println_i64(res);
    0
  }else {
    main_loop(iters - 1,n)
  }
}

def main(iters:i64,n:i64): i64{
  main_loop(iters, n)
}

INFO - got notification with method textDocument/didChange
INFO - loading text data Bool { True, False }

def divide_range(min:i64,max:i64,test:i64): Bool{
  if test >= max{
    True
  }else{
    if min % test == 0 {
      divide_range(min + 1, max,test)
    }else{
      False
    }
  }
}

def smallest_multiple(n:i64): i64{
  smallest_multiple(
}

def main_loop(iters:i64,n:i64): i64{
  let res:i64 = smallest_multiple(n);
  if iters == 1{
    println_i64(res);
    0
  }else {
    main_loop(iters - 1,n)
  }
}

def main(iters:i64,n:i64): i64{
  main_loop(iters, n)
}

INFO - got notification with method textDocument/didChange
INFO - loading text data Bool { True, False }

def divide_range(min:i64,max:i64,test:i64): Bool{
  if test >= max{
    True
  }else{
    if min % test == 0 {
      divide_range(min + 1, max,test)
    }else{
      False
    }
  }
}

def smallest_multiple(n:i64): i64{
  smallest_multiple
}

def main_loop(iters:i64,n:i64): i64{
  let res:i64 = smallest_multiple(n);
  if iters == 1{
    println_i64(res);
    0
  }else {
    main_loop(iters - 1,n)
  }
}

def main(iters:i64,n:i64): i64{
  main_loop(iters, n)
}

INFO - got notification with method textDocument/didChange
INFO - loading text data Bool { True, False }

def divide_range(min:i64,max:i64,test:i64): Bool{
  if test >= max{
    True
  }else{
    if min % test == 0 {
      divide_range(min + 1, max,test)
    }else{
      False
    }
  }
}

def smallest_multiple(n:i64): i64{
  smallest_multiple_
}

def main_loop(iters:i64,n:i64): i64{
  let res:i64 = smallest_multiple(n);
  if iters == 1{
    println_i64(res);
    0
  }else {
    main_loop(iters - 1,n)
  }
}

def main(iters:i64,n:i64): i64{
  main_loop(iters, n)
}

INFO - got notification with method textDocument/didChange
INFO - loading text data Bool { True, False }

def divide_range(min:i64,max:i64,test:i64): Bool{
  if test >= max{
    True
  }else{
    if min % test == 0 {
      divide_range(min + 1, max,test)
    }else{
      False
    }
  }
}

def smallest_multiple(n:i64): i64{
  smallest_multiple_re
}

def main_loop(iters:i64,n:i64): i64{
  let res:i64 = smallest_multiple(n);
  if iters == 1{
    println_i64(res);
    0
  }else {
    main_loop(iters - 1,n)
  }
}

def main(iters:i64,n:i64): i64{
  main_loop(iters, n)
}

INFO - got notification with method textDocument/didChange
INFO - loading text data Bool { True, False }

def divide_range(min:i64,max:i64,test:i64): Bool{
  if test >= max{
    True
  }else{
    if min % test == 0 {
      divide_range(min + 1, max,test)
    }else{
      False
    }
  }
}

def smallest_multiple(n:i64): i64{
  smallest_multiple_rec
}

def main_loop(iters:i64,n:i64): i64{
  let res:i64 = smallest_multiple(n);
  if iters == 1{
    println_i64(res);
    0
  }else {
    main_loop(iters - 1,n)
  }
}

def main(iters:i64,n:i64): i64{
  main_loop(iters, n)
}

INFO - got notification with method textDocument/didChange
INFO - loading text data Bool { True, False }

def divide_range(min:i64,max:i64,test:i64): Bool{
  if test >= max{
    True
  }else{
    if min % test == 0 {
      divide_range(min + 1, max,test)
    }else{
      False
    }
  }
}

def smallest_multiple(n:i64): i64{
  smallest_multiple_rec(
}

def main_loop(iters:i64,n:i64): i64{
  let res:i64 = smallest_multiple(n);
  if iters == 1{
    println_i64(res);
    0
  }else {
    main_loop(iters - 1,n)
  }
}

def main(iters:i64,n:i64): i64{
  main_loop(iters, n)
}

INFO - got notification with method textDocument/didChange
INFO - loading text data Bool { True, False }

def divide_range(min:i64,max:i64,test:i64): Bool{
  if test >= max{
    True
  }else{
    if min % test == 0 {
      divide_range(min + 1, max,test)
    }else{
      False
    }
  }
}

def smallest_multiple(n:i64): i64{
  smallest_multiple_rec(n
}

def main_loop(iters:i64,n:i64): i64{
  let res:i64 = smallest_multiple(n);
  if iters == 1{
    println_i64(res);
    0
  }else {
    main_loop(iters - 1,n)
  }
}

def main(iters:i64,n:i64): i64{
  main_loop(iters, n)
}

INFO - got notification with method textDocument/didChange
INFO - loading text data Bool { True, False }

def divide_range(min:i64,max:i64,test:i64): Bool{
  if test >= max{
    True
  }else{
    if min % test == 0 {
      divide_range(min + 1, max,test)
    }else{
      False
    }
  }
}

def smallest_multiple(n:i64): i64{
  smallest_multiple_rec(n)
}

def main_loop(iters:i64,n:i64): i64{
  let res:i64 = smallest_multiple(n);
  if iters == 1{
    println_i64(res);
    0
  }else {
    main_loop(iters - 1,n)
  }
}

def main(iters:i64,n:i64): i64{
  main_loop(iters, n)
}

INFO - got notification with method textDocument/didChange
INFO - loading text data Bool { True, False }

def divide_range(min:i64,max:i64,test:i64): Bool{
  if test >= max{
    True
  }else{
    if min % test == 0 {
      divide_range(min + 1, max,test)
    }else{
      False
    }
  }
}


def smallest_multiple(n:i64): i64{
  smallest_multiple_rec(n)
}

def main_loop(iters:i64,n:i64): i64{
  let res:i64 = smallest_multiple(n);
  if iters == 1{
    println_i64(res);
    0
  }else {
    main_loop(iters - 1,n)
  }
}

def main(iters:i64,n:i64): i64{
  main_loop(iters, n)
}

INFO - got notification with method textDocument/didChange
INFO - loading text data Bool { True, False }

def divide_range(min:i64,max:i64,test:i64): Bool{
  if test >= max{
    True
  }else{
    if min % test == 0 {
      divide_range(min + 1, max,test)
    }else{
      False
    }
  }
}
d

def smallest_multiple(n:i64): i64{
  smallest_multiple_rec(n)
}

def main_loop(iters:i64,n:i64): i64{
  let res:i64 = smallest_multiple(n);
  if iters == 1{
    println_i64(res);
    0
  }else {
    main_loop(iters - 1,n)
  }
}

def main(iters:i64,n:i64): i64{
  main_loop(iters, n)
}

INFO - got notification with method textDocument/didChange
INFO - loading text data Bool { True, False }

def divide_range(min:i64,max:i64,test:i64): Bool{
  if test >= max{
    True
  }else{
    if min % test == 0 {
      divide_range(min + 1, max,test)
    }else{
      False
    }
  }
}
d


def smallest_multiple(n:i64): i64{
  smallest_multiple_rec(n)
}

def main_loop(iters:i64,n:i64): i64{
  let res:i64 = smallest_multiple(n);
  if iters == 1{
    println_i64(res);
    0
  }else {
    main_loop(iters - 1,n)
  }
}

def main(iters:i64,n:i64): i64{
  main_loop(iters, n)
}

INFO - got notification with method textDocument/didChange
INFO - loading text data Bool { True, False }

def divide_range(min:i64,max:i64,test:i64): Bool{
  if test >= max{
    True
  }else{
    if min % test == 0 {
      divide_range(min + 1, max,test)
    }else{
      False
    }
  }
}
d


def smallest_multiple(n:i64): i64{
  smallest_multiple_rec(n)
}

def main_loop(iters:i64,n:i64): i64{
  let res:i64 = smallest_multiple(n);
  if iters == 1{
    println_i64(res);
    0
  }else {
    main_loop(iters - 1,n)
  }
}

def main(iters:i64,n:i64): i64{
  main_loop(iters, n)
}

INFO - got notification with method textDocument/didChange
INFO - loading text data Bool { True, False }

def divide_range(min:i64,max:i64,test:i64): Bool{
  if test >= max{
    True
  }else{
    if min % test == 0 {
      divide_range(min + 1, max,test)
    }else{
      False
    }
  }
}
d

def smallest_multiple(n:i64): i64{
  smallest_multiple_rec(n)
}

def main_loop(iters:i64,n:i64): i64{
  let res:i64 = smallest_multiple(n);
  if iters == 1{
    println_i64(res);
    0
  }else {
    main_loop(iters - 1,n)
  }
}

def main(iters:i64,n:i64): i64{
  main_loop(iters, n)
}

INFO - got notification with method textDocument/didChange
INFO - loading text data Bool { True, False }

def divide_range(min:i64,max:i64,test:i64): Bool{
  if test >= max{
    True
  }else{
    if min % test == 0 {
      divide_range(min + 1, max,test)
    }else{
      False
    }
  }
}


def smallest_multiple(n:i64): i64{
  smallest_multiple_rec(n)
}

def main_loop(iters:i64,n:i64): i64{
  let res:i64 = smallest_multiple(n);
  if iters == 1{
    println_i64(res);
    0
  }else {
    main_loop(iters - 1,n)
  }
}

def main(iters:i64,n:i64): i64{
  main_loop(iters, n)
}

INFO - got notification with method textDocument/didChange
INFO - loading text data Bool { True, False }

def divide_range(min:i64,max:i64,test:i64): Bool{
  if test >= max{
    True
  }else{
    if min % test == 0 {
      divide_range(min + 1, max,test)
    }else{
      False
    }
  }
}



def smallest_multiple(n:i64): i64{
  smallest_multiple_rec(n)
}

def main_loop(iters:i64,n:i64): i64{
  let res:i64 = smallest_multiple(n);
  if iters == 1{
    println_i64(res);
    0
  }else {
    main_loop(iters - 1,n)
  }
}

def main(iters:i64,n:i64): i64{
  main_loop(iters, n)
}

INFO - got notification with method textDocument/didChange
INFO - loading text data Bool { True, False }

def divide_range(min:i64,max:i64,test:i64): Bool{
  if test >= max{
    True
  }else{
    if min % test == 0 {
      divide_range(min + 1, max,test)
    }else{
      False
    }
  }
}

d

def smallest_multiple(n:i64): i64{
  smallest_multiple_rec(n)
}

def main_loop(iters:i64,n:i64): i64{
  let res:i64 = smallest_multiple(n);
  if iters == 1{
    println_i64(res);
    0
  }else {
    main_loop(iters - 1,n)
  }
}

def main(iters:i64,n:i64): i64{
  main_loop(iters, n)
}

INFO - got notification with method textDocument/didChange
INFO - loading text data Bool { True, False }

def divide_range(min:i64,max:i64,test:i64): Bool{
  if test >= max{
    True
  }else{
    if min % test == 0 {
      divide_range(min + 1, max,test)
    }else{
      False
    }
  }
}

de

def smallest_multiple(n:i64): i64{
  smallest_multiple_rec(n)
}

def main_loop(iters:i64,n:i64): i64{
  let res:i64 = smallest_multiple(n);
  if iters == 1{
    println_i64(res);
    0
  }else {
    main_loop(iters - 1,n)
  }
}

def main(iters:i64,n:i64): i64{
  main_loop(iters, n)
}

INFO - got notification with method textDocument/didChange
INFO - loading text data Bool { True, False }

def divide_range(min:i64,max:i64,test:i64): Bool{
  if test >= max{
    True
  }else{
    if min % test == 0 {
      divide_range(min + 1, max,test)
    }else{
      False
    }
  }
}

def 

def smallest_multiple(n:i64): i64{
  smallest_multiple_rec(n)
}

def main_loop(iters:i64,n:i64): i64{
  let res:i64 = smallest_multiple(n);
  if iters == 1{
    println_i64(res);
    0
  }else {
    main_loop(iters - 1,n)
  }
}

def main(iters:i64,n:i64): i64{
  main_loop(iters, n)
}

INFO - got notification with method textDocument/didChange
INFO - loading text data Bool { True, False }

def divide_range(min:i64,max:i64,test:i64): Bool{
  if test >= max{
    True
  }else{
    if min % test == 0 {
      divide_range(min + 1, max,test)
    }else{
      False
    }
  }
}

def am

def smallest_multiple(n:i64): i64{
  smallest_multiple_rec(n)
}

def main_loop(iters:i64,n:i64): i64{
  let res:i64 = smallest_multiple(n);
  if iters == 1{
    println_i64(res);
    0
  }else {
    main_loop(iters - 1,n)
  }
}

def main(iters:i64,n:i64): i64{
  main_loop(iters, n)
}

INFO - got notification with method textDocument/didChange
INFO - loading text data Bool { True, False }

def divide_range(min:i64,max:i64,test:i64): Bool{
  if test >= max{
    True
  }else{
    if min % test == 0 {
      divide_range(min + 1, max,test)
    }else{
      False
    }
  }
}

def a

def smallest_multiple(n:i64): i64{
  smallest_multiple_rec(n)
}

def main_loop(iters:i64,n:i64): i64{
  let res:i64 = smallest_multiple(n);
  if iters == 1{
    println_i64(res);
    0
  }else {
    main_loop(iters - 1,n)
  }
}

def main(iters:i64,n:i64): i64{
  main_loop(iters, n)
}

INFO - got notification with method textDocument/didChange
INFO - loading text data Bool { True, False }

def divide_range(min:i64,max:i64,test:i64): Bool{
  if test >= max{
    True
  }else{
    if min % test == 0 {
      divide_range(min + 1, max,test)
    }else{
      False
    }
  }
}

def 

def smallest_multiple(n:i64): i64{
  smallest_multiple_rec(n)
}

def main_loop(iters:i64,n:i64): i64{
  let res:i64 = smallest_multiple(n);
  if iters == 1{
    println_i64(res);
    0
  }else {
    main_loop(iters - 1,n)
  }
}

def main(iters:i64,n:i64): i64{
  main_loop(iters, n)
}

INFO - got notification with method textDocument/didChange
INFO - loading text data Bool { True, False }

def divide_range(min:i64,max:i64,test:i64): Bool{
  if test >= max{
    True
  }else{
    if min % test == 0 {
      divide_range(min + 1, max,test)
    }else{
      False
    }
  }
}

def sm

def smallest_multiple(n:i64): i64{
  smallest_multiple_rec(n)
}

def main_loop(iters:i64,n:i64): i64{
  let res:i64 = smallest_multiple(n);
  if iters == 1{
    println_i64(res);
    0
  }else {
    main_loop(iters - 1,n)
  }
}

def main(iters:i64,n:i64): i64{
  main_loop(iters, n)
}

INFO - got notification with method textDocument/didChange
INFO - loading text data Bool { True, False }

def divide_range(min:i64,max:i64,test:i64): Bool{
  if test >= max{
    True
  }else{
    if min % test == 0 {
      divide_range(min + 1, max,test)
    }else{
      False
    }
  }
}

def sma

def smallest_multiple(n:i64): i64{
  smallest_multiple_rec(n)
}

def main_loop(iters:i64,n:i64): i64{
  let res:i64 = smallest_multiple(n);
  if iters == 1{
    println_i64(res);
    0
  }else {
    main_loop(iters - 1,n)
  }
}

def main(iters:i64,n:i64): i64{
  main_loop(iters, n)
}

INFO - got notification with method textDocument/didChange
INFO - loading text data Bool { True, False }

def divide_range(min:i64,max:i64,test:i64): Bool{
  if test >= max{
    True
  }else{
    if min % test == 0 {
      divide_range(min + 1, max,test)
    }else{
      False
    }
  }
}

def smal

def smallest_multiple(n:i64): i64{
  smallest_multiple_rec(n)
}

def main_loop(iters:i64,n:i64): i64{
  let res:i64 = smallest_multiple(n);
  if iters == 1{
    println_i64(res);
    0
  }else {
    main_loop(iters - 1,n)
  }
}

def main(iters:i64,n:i64): i64{
  main_loop(iters, n)
}

INFO - got notification with method textDocument/didChange
INFO - loading text data Bool { True, False }

def divide_range(min:i64,max:i64,test:i64): Bool{
  if test >= max{
    True
  }else{
    if min % test == 0 {
      divide_range(min + 1, max,test)
    }else{
      False
    }
  }
}

def small

def smallest_multiple(n:i64): i64{
  smallest_multiple_rec(n)
}

def main_loop(iters:i64,n:i64): i64{
  let res:i64 = smallest_multiple(n);
  if iters == 1{
    println_i64(res);
    0
  }else {
    main_loop(iters - 1,n)
  }
}

def main(iters:i64,n:i64): i64{
  main_loop(iters, n)
}

INFO - got notification with method textDocument/didChange
INFO - loading text data Bool { True, False }

def divide_range(min:i64,max:i64,test:i64): Bool{
  if test >= max{
    True
  }else{
    if min % test == 0 {
      divide_range(min + 1, max,test)
    }else{
      False
    }
  }
}

def smalles

def smallest_multiple(n:i64): i64{
  smallest_multiple_rec(n)
}

def main_loop(iters:i64,n:i64): i64{
  let res:i64 = smallest_multiple(n);
  if iters == 1{
    println_i64(res);
    0
  }else {
    main_loop(iters - 1,n)
  }
}

def main(iters:i64,n:i64): i64{
  main_loop(iters, n)
}

INFO - got notification with method textDocument/didChange
INFO - loading text data Bool { True, False }

def divide_range(min:i64,max:i64,test:i64): Bool{
  if test >= max{
    True
  }else{
    if min % test == 0 {
      divide_range(min + 1, max,test)
    }else{
      False
    }
  }
}

def smallest

def smallest_multiple(n:i64): i64{
  smallest_multiple_rec(n)
}

def main_loop(iters:i64,n:i64): i64{
  let res:i64 = smallest_multiple(n);
  if iters == 1{
    println_i64(res);
    0
  }else {
    main_loop(iters - 1,n)
  }
}

def main(iters:i64,n:i64): i64{
  main_loop(iters, n)
}

INFO - got notification with method textDocument/didChange
INFO - loading text data Bool { True, False }

def divide_range(min:i64,max:i64,test:i64): Bool{
  if test >= max{
    True
  }else{
    if min % test == 0 {
      divide_range(min + 1, max,test)
    }else{
      False
    }
  }
}

def smallest_

def smallest_multiple(n:i64): i64{
  smallest_multiple_rec(n)
}

def main_loop(iters:i64,n:i64): i64{
  let res:i64 = smallest_multiple(n);
  if iters == 1{
    println_i64(res);
    0
  }else {
    main_loop(iters - 1,n)
  }
}

def main(iters:i64,n:i64): i64{
  main_loop(iters, n)
}

INFO - got notification with method textDocument/didChange
INFO - loading text data Bool { True, False }

def divide_range(min:i64,max:i64,test:i64): Bool{
  if test >= max{
    True
  }else{
    if min % test == 0 {
      divide_range(min + 1, max,test)
    }else{
      False
    }
  }
}

def smallest_m

def smallest_multiple(n:i64): i64{
  smallest_multiple_rec(n)
}

def main_loop(iters:i64,n:i64): i64{
  let res:i64 = smallest_multiple(n);
  if iters == 1{
    println_i64(res);
    0
  }else {
    main_loop(iters - 1,n)
  }
}

def main(iters:i64,n:i64): i64{
  main_loop(iters, n)
}

INFO - got notification with method textDocument/didChange
INFO - loading text data Bool { True, False }

def divide_range(min:i64,max:i64,test:i64): Bool{
  if test >= max{
    True
  }else{
    if min % test == 0 {
      divide_range(min + 1, max,test)
    }else{
      False
    }
  }
}

def smallest_mu

def smallest_multiple(n:i64): i64{
  smallest_multiple_rec(n)
}

def main_loop(iters:i64,n:i64): i64{
  let res:i64 = smallest_multiple(n);
  if iters == 1{
    println_i64(res);
    0
  }else {
    main_loop(iters - 1,n)
  }
}

def main(iters:i64,n:i64): i64{
  main_loop(iters, n)
}

INFO - got notification with method textDocument/didChange
INFO - loading text data Bool { True, False }

def divide_range(min:i64,max:i64,test:i64): Bool{
  if test >= max{
    True
  }else{
    if min % test == 0 {
      divide_range(min + 1, max,test)
    }else{
      False
    }
  }
}

def smallest_mult

def smallest_multiple(n:i64): i64{
  smallest_multiple_rec(n)
}

def main_loop(iters:i64,n:i64): i64{
  let res:i64 = smallest_multiple(n);
  if iters == 1{
    println_i64(res);
    0
  }else {
    main_loop(iters - 1,n)
  }
}

def main(iters:i64,n:i64): i64{
  main_loop(iters, n)
}

INFO - got notification with method textDocument/didChange
INFO - loading text data Bool { True, False }

def divide_range(min:i64,max:i64,test:i64): Bool{
  if test >= max{
    True
  }else{
    if min % test == 0 {
      divide_range(min + 1, max,test)
    }else{
      False
    }
  }
}

def smallest_multi

def smallest_multiple(n:i64): i64{
  smallest_multiple_rec(n)
}

def main_loop(iters:i64,n:i64): i64{
  let res:i64 = smallest_multiple(n);
  if iters == 1{
    println_i64(res);
    0
  }else {
    main_loop(iters - 1,n)
  }
}

def main(iters:i64,n:i64): i64{
  main_loop(iters, n)
}

INFO - got notification with method textDocument/didChange
INFO - loading text data Bool { True, False }

def divide_range(min:i64,max:i64,test:i64): Bool{
  if test >= max{
    True
  }else{
    if min % test == 0 {
      divide_range(min + 1, max,test)
    }else{
      False
    }
  }
}

def smallest_multip

def smallest_multiple(n:i64): i64{
  smallest_multiple_rec(n)
}

def main_loop(iters:i64,n:i64): i64{
  let res:i64 = smallest_multiple(n);
  if iters == 1{
    println_i64(res);
    0
  }else {
    main_loop(iters - 1,n)
  }
}

def main(iters:i64,n:i64): i64{
  main_loop(iters, n)
}

INFO - got notification with method textDocument/didChange
INFO - loading text data Bool { True, False }

def divide_range(min:i64,max:i64,test:i64): Bool{
  if test >= max{
    True
  }else{
    if min % test == 0 {
      divide_range(min + 1, max,test)
    }else{
      False
    }
  }
}

def smallest_multiple

def smallest_multiple(n:i64): i64{
  smallest_multiple_rec(n)
}

def main_loop(iters:i64,n:i64): i64{
  let res:i64 = smallest_multiple(n);
  if iters == 1{
    println_i64(res);
    0
  }else {
    main_loop(iters - 1,n)
  }
}

def main(iters:i64,n:i64): i64{
  main_loop(iters, n)
}

INFO - got notification with method textDocument/didChange
INFO - loading text data Bool { True, False }

def divide_range(min:i64,max:i64,test:i64): Bool{
  if test >= max{
    True
  }else{
    if min % test == 0 {
      divide_range(min + 1, max,test)
    }else{
      False
    }
  }
}

def smallest_multiple_

def smallest_multiple(n:i64): i64{
  smallest_multiple_rec(n)
}

def main_loop(iters:i64,n:i64): i64{
  let res:i64 = smallest_multiple(n);
  if iters == 1{
    println_i64(res);
    0
  }else {
    main_loop(iters - 1,n)
  }
}

def main(iters:i64,n:i64): i64{
  main_loop(iters, n)
}

INFO - got notification with method textDocument/didChange
INFO - loading text data Bool { True, False }

def divide_range(min:i64,max:i64,test:i64): Bool{
  if test >= max{
    True
  }else{
    if min % test == 0 {
      divide_range(min + 1, max,test)
    }else{
      False
    }
  }
}

def smallest_multiple_re

def smallest_multiple(n:i64): i64{
  smallest_multiple_rec(n)
}

def main_loop(iters:i64,n:i64): i64{
  let res:i64 = smallest_multiple(n);
  if iters == 1{
    println_i64(res);
    0
  }else {
    main_loop(iters - 1,n)
  }
}

def main(iters:i64,n:i64): i64{
  main_loop(iters, n)
}

INFO - got notification with method textDocument/didChange
INFO - loading text data Bool { True, False }

def divide_range(min:i64,max:i64,test:i64): Bool{
  if test >= max{
    True
  }else{
    if min % test == 0 {
      divide_range(min + 1, max,test)
    }else{
      False
    }
  }
}

def smallest_multiple_rec

def smallest_multiple(n:i64): i64{
  smallest_multiple_rec(n)
}

def main_loop(iters:i64,n:i64): i64{
  let res:i64 = smallest_multiple(n);
  if iters == 1{
    println_i64(res);
    0
  }else {
    main_loop(iters - 1,n)
  }
}

def main(iters:i64,n:i64): i64{
  main_loop(iters, n)
}

INFO - got notification with method textDocument/didChange
INFO - loading text data Bool { True, False }

def divide_range(min:i64,max:i64,test:i64): Bool{
  if test >= max{
    True
  }else{
    if min % test == 0 {
      divide_range(min + 1, max,test)
    }else{
      False
    }
  }
}

def smallest_multiple_rec(

def smallest_multiple(n:i64): i64{
  smallest_multiple_rec(n)
}

def main_loop(iters:i64,n:i64): i64{
  let res:i64 = smallest_multiple(n);
  if iters == 1{
    println_i64(res);
    0
  }else {
    main_loop(iters - 1,n)
  }
}

def main(iters:i64,n:i64): i64{
  main_loop(iters, n)
}

INFO - got notification with method textDocument/didChange
INFO - loading text data Bool { True, False }

def divide_range(min:i64,max:i64,test:i64): Bool{
  if test >= max{
    True
  }else{
    if min % test == 0 {
      divide_range(min + 1, max,test)
    }else{
      False
    }
  }
}

def smallest_multiple_rec(n

def smallest_multiple(n:i64): i64{
  smallest_multiple_rec(n)
}

def main_loop(iters:i64,n:i64): i64{
  let res:i64 = smallest_multiple(n);
  if iters == 1{
    println_i64(res);
    0
  }else {
    main_loop(iters - 1,n)
  }
}

def main(iters:i64,n:i64): i64{
  main_loop(iters, n)
}

INFO - got notification with method textDocument/didChange
INFO - loading text data Bool { True, False }

def divide_range(min:i64,max:i64,test:i64): Bool{
  if test >= max{
    True
  }else{
    if min % test == 0 {
      divide_range(min + 1, max,test)
    }else{
      False
    }
  }
}

def smallest_multiple_rec(n:

def smallest_multiple(n:i64): i64{
  smallest_multiple_rec(n)
}

def main_loop(iters:i64,n:i64): i64{
  let res:i64 = smallest_multiple(n);
  if iters == 1{
    println_i64(res);
    0
  }else {
    main_loop(iters - 1,n)
  }
}

def main(iters:i64,n:i64): i64{
  main_loop(iters, n)
}

INFO - got notification with method textDocument/didChange
INFO - loading text data Bool { True, False }

def divide_range(min:i64,max:i64,test:i64): Bool{
  if test >= max{
    True
  }else{
    if min % test == 0 {
      divide_range(min + 1, max,test)
    }else{
      False
    }
  }
}

def smallest_multiple_rec(n:i

def smallest_multiple(n:i64): i64{
  smallest_multiple_rec(n)
}

def main_loop(iters:i64,n:i64): i64{
  let res:i64 = smallest_multiple(n);
  if iters == 1{
    println_i64(res);
    0
  }else {
    main_loop(iters - 1,n)
  }
}

def main(iters:i64,n:i64): i64{
  main_loop(iters, n)
}

INFO - got notification with method textDocument/didChange
INFO - loading text data Bool { True, False }

def divide_range(min:i64,max:i64,test:i64): Bool{
  if test >= max{
    True
  }else{
    if min % test == 0 {
      divide_range(min + 1, max,test)
    }else{
      False
    }
  }
}

def smallest_multiple_rec(n:i6

def smallest_multiple(n:i64): i64{
  smallest_multiple_rec(n)
}

def main_loop(iters:i64,n:i64): i64{
  let res:i64 = smallest_multiple(n);
  if iters == 1{
    println_i64(res);
    0
  }else {
    main_loop(iters - 1,n)
  }
}

def main(iters:i64,n:i64): i64{
  main_loop(iters, n)
}

INFO - got notification with method textDocument/didChange
INFO - loading text data Bool { True, False }

def divide_range(min:i64,max:i64,test:i64): Bool{
  if test >= max{
    True
  }else{
    if min % test == 0 {
      divide_range(min + 1, max,test)
    }else{
      False
    }
  }
}

def smallest_multiple_rec(n:i64,

def smallest_multiple(n:i64): i64{
  smallest_multiple_rec(n)
}

def main_loop(iters:i64,n:i64): i64{
  let res:i64 = smallest_multiple(n);
  if iters == 1{
    println_i64(res);
    0
  }else {
    main_loop(iters - 1,n)
  }
}

def main(iters:i64,n:i64): i64{
  main_loop(iters, n)
}

INFO - got notification with method textDocument/didChange
INFO - loading text data Bool { True, False }

def divide_range(min:i64,max:i64,test:i64): Bool{
  if test >= max{
    True
  }else{
    if min % test == 0 {
      divide_range(min + 1, max,test)
    }else{
      False
    }
  }
}

def smallest_multiple_rec(n:i64,c

def smallest_multiple(n:i64): i64{
  smallest_multiple_rec(n)
}

def main_loop(iters:i64,n:i64): i64{
  let res:i64 = smallest_multiple(n);
  if iters == 1{
    println_i64(res);
    0
  }else {
    main_loop(iters - 1,n)
  }
}

def main(iters:i64,n:i64): i64{
  main_loop(iters, n)
}

INFO - got notification with method textDocument/didChange
INFO - loading text data Bool { True, False }

def divide_range(min:i64,max:i64,test:i64): Bool{
  if test >= max{
    True
  }else{
    if min % test == 0 {
      divide_range(min + 1, max,test)
    }else{
      False
    }
  }
}

def smallest_multiple_rec(n:i64,cu

def smallest_multiple(n:i64): i64{
  smallest_multiple_rec(n)
}

def main_loop(iters:i64,n:i64): i64{
  let res:i64 = smallest_multiple(n);
  if iters == 1{
    println_i64(res);
    0
  }else {
    main_loop(iters - 1,n)
  }
}

def main(iters:i64,n:i64): i64{
  main_loop(iters, n)
}

INFO - got notification with method textDocument/didChange
INFO - loading text data Bool { True, False }

def divide_range(min:i64,max:i64,test:i64): Bool{
  if test >= max{
    True
  }else{
    if min % test == 0 {
      divide_range(min + 1, max,test)
    }else{
      False
    }
  }
}

def smallest_multiple_rec(n:i64,curr

def smallest_multiple(n:i64): i64{
  smallest_multiple_rec(n)
}

def main_loop(iters:i64,n:i64): i64{
  let res:i64 = smallest_multiple(n);
  if iters == 1{
    println_i64(res);
    0
  }else {
    main_loop(iters - 1,n)
  }
}

def main(iters:i64,n:i64): i64{
  main_loop(iters, n)
}

INFO - got notification with method textDocument/didChange
INFO - loading text data Bool { True, False }

def divide_range(min:i64,max:i64,test:i64): Bool{
  if test >= max{
    True
  }else{
    if min % test == 0 {
      divide_range(min + 1, max,test)
    }else{
      False
    }
  }
}

def smallest_multiple_rec(n:i64,curr:

def smallest_multiple(n:i64): i64{
  smallest_multiple_rec(n)
}

def main_loop(iters:i64,n:i64): i64{
  let res:i64 = smallest_multiple(n);
  if iters == 1{
    println_i64(res);
    0
  }else {
    main_loop(iters - 1,n)
  }
}

def main(iters:i64,n:i64): i64{
  main_loop(iters, n)
}

INFO - got notification with method textDocument/didChange
INFO - loading text data Bool { True, False }

def divide_range(min:i64,max:i64,test:i64): Bool{
  if test >= max{
    True
  }else{
    if min % test == 0 {
      divide_range(min + 1, max,test)
    }else{
      False
    }
  }
}

def smallest_multiple_rec(n:i64,curr:i

def smallest_multiple(n:i64): i64{
  smallest_multiple_rec(n)
}

def main_loop(iters:i64,n:i64): i64{
  let res:i64 = smallest_multiple(n);
  if iters == 1{
    println_i64(res);
    0
  }else {
    main_loop(iters - 1,n)
  }
}

def main(iters:i64,n:i64): i64{
  main_loop(iters, n)
}

INFO - got notification with method textDocument/didChange
INFO - loading text data Bool { True, False }

def divide_range(min:i64,max:i64,test:i64): Bool{
  if test >= max{
    True
  }else{
    if min % test == 0 {
      divide_range(min + 1, max,test)
    }else{
      False
    }
  }
}

def smallest_multiple_rec(n:i64,curr:i64

def smallest_multiple(n:i64): i64{
  smallest_multiple_rec(n)
}

def main_loop(iters:i64,n:i64): i64{
  let res:i64 = smallest_multiple(n);
  if iters == 1{
    println_i64(res);
    0
  }else {
    main_loop(iters - 1,n)
  }
}

def main(iters:i64,n:i64): i64{
  main_loop(iters, n)
}

INFO - got notification with method textDocument/didChange
INFO - loading text data Bool { True, False }

def divide_range(min:i64,max:i64,test:i64): Bool{
  if test >= max{
    True
  }else{
    if min % test == 0 {
      divide_range(min + 1, max,test)
    }else{
      False
    }
  }
}

def smallest_multiple_rec(n:i64,curr:i64)

def smallest_multiple(n:i64): i64{
  smallest_multiple_rec(n)
}

def main_loop(iters:i64,n:i64): i64{
  let res:i64 = smallest_multiple(n);
  if iters == 1{
    println_i64(res);
    0
  }else {
    main_loop(iters - 1,n)
  }
}

def main(iters:i64,n:i64): i64{
  main_loop(iters, n)
}

INFO - got notification with method textDocument/didChange
INFO - loading text data Bool { True, False }

def divide_range(min:i64,max:i64,test:i64): Bool{
  if test >= max{
    True
  }else{
    if min % test == 0 {
      divide_range(min + 1, max,test)
    }else{
      False
    }
  }
}

def smallest_multiple_rec(n:i64,curr:i64):

def smallest_multiple(n:i64): i64{
  smallest_multiple_rec(n)
}

def main_loop(iters:i64,n:i64): i64{
  let res:i64 = smallest_multiple(n);
  if iters == 1{
    println_i64(res);
    0
  }else {
    main_loop(iters - 1,n)
  }
}

def main(iters:i64,n:i64): i64{
  main_loop(iters, n)
}

INFO - got notification with method textDocument/didChange
INFO - loading text data Bool { True, False }

def divide_range(min:i64,max:i64,test:i64): Bool{
  if test >= max{
    True
  }else{
    if min % test == 0 {
      divide_range(min + 1, max,test)
    }else{
      False
    }
  }
}

def smallest_multiple_rec(n:i64,curr:i64): 

def smallest_multiple(n:i64): i64{
  smallest_multiple_rec(n)
}

def main_loop(iters:i64,n:i64): i64{
  let res:i64 = smallest_multiple(n);
  if iters == 1{
    println_i64(res);
    0
  }else {
    main_loop(iters - 1,n)
  }
}

def main(iters:i64,n:i64): i64{
  main_loop(iters, n)
}

INFO - got notification with method textDocument/didChange
INFO - loading text data Bool { True, False }

def divide_range(min:i64,max:i64,test:i64): Bool{
  if test >= max{
    True
  }else{
    if min % test == 0 {
      divide_range(min + 1, max,test)
    }else{
      False
    }
  }
}

def smallest_multiple_rec(n:i64,curr:i64): i

def smallest_multiple(n:i64): i64{
  smallest_multiple_rec(n)
}

def main_loop(iters:i64,n:i64): i64{
  let res:i64 = smallest_multiple(n);
  if iters == 1{
    println_i64(res);
    0
  }else {
    main_loop(iters - 1,n)
  }
}

def main(iters:i64,n:i64): i64{
  main_loop(iters, n)
}

INFO - got notification with method textDocument/didChange
INFO - loading text data Bool { True, False }

def divide_range(min:i64,max:i64,test:i64): Bool{
  if test >= max{
    True
  }else{
    if min % test == 0 {
      divide_range(min + 1, max,test)
    }else{
      False
    }
  }
}

def smallest_multiple_rec(n:i64,curr:i64): i64

def smallest_multiple(n:i64): i64{
  smallest_multiple_rec(n)
}

def main_loop(iters:i64,n:i64): i64{
  let res:i64 = smallest_multiple(n);
  if iters == 1{
    println_i64(res);
    0
  }else {
    main_loop(iters - 1,n)
  }
}

def main(iters:i64,n:i64): i64{
  main_loop(iters, n)
}

INFO - got notification with method textDocument/didChange
INFO - loading text data Bool { True, False }

def divide_range(min:i64,max:i64,test:i64): Bool{
  if test >= max{
    True
  }else{
    if min % test == 0 {
      divide_range(min + 1, max,test)
    }else{
      False
    }
  }
}

def smallest_multiple_rec(n:i64,curr:i64): i64{

def smallest_multiple(n:i64): i64{
  smallest_multiple_rec(n)
}

def main_loop(iters:i64,n:i64): i64{
  let res:i64 = smallest_multiple(n);
  if iters == 1{
    println_i64(res);
    0
  }else {
    main_loop(iters - 1,n)
  }
}

def main(iters:i64,n:i64): i64{
  main_loop(iters, n)
}

INFO - got notification with method textDocument/didChange
INFO - loading text data Bool { True, False }

def divide_range(min:i64,max:i64,test:i64): Bool{
  if test >= max{
    True
  }else{
    if min % test == 0 {
      divide_range(min + 1, max,test)
    }else{
      False
    }
  }
}

def smallest_multiple_rec(n:i64,curr:i64): i64{


def smallest_multiple(n:i64): i64{
  smallest_multiple_rec(n)
}

def main_loop(iters:i64,n:i64): i64{
  let res:i64 = smallest_multiple(n);
  if iters == 1{
    println_i64(res);
    0
  }else {
    main_loop(iters - 1,n)
  }
}

def main(iters:i64,n:i64): i64{
  main_loop(iters, n)
}

INFO - got notification with method textDocument/didChange
INFO - loading text data Bool { True, False }

def divide_range(min:i64,max:i64,test:i64): Bool{
  if test >= max{
    True
  }else{
    if min % test == 0 {
      divide_range(min + 1, max,test)
    }else{
      False
    }
  }
}

def smallest_multiple_rec(n:i64,curr:i64): i64{
}

def smallest_multiple(n:i64): i64{
  smallest_multiple_rec(n)
}

def main_loop(iters:i64,n:i64): i64{
  let res:i64 = smallest_multiple(n);
  if iters == 1{
    println_i64(res);
    0
  }else {
    main_loop(iters - 1,n)
  }
}

def main(iters:i64,n:i64): i64{
  main_loop(iters, n)
}

INFO - got notification with method textDocument/didChange
INFO - loading text data Bool { True, False }

def divide_range(min:i64,max:i64,test:i64): Bool{
  if test >= max{
    True
  }else{
    if min % test == 0 {
      divide_range(min + 1, max,test)
    }else{
      False
    }
  }
}

def smallest_multiple_rec(n:i64,curr:i64): i64{
}

def smallest_multiple(n:i64): i64{
  smallest_multiple_rec(n,)
}

def main_loop(iters:i64,n:i64): i64{
  let res:i64 = smallest_multiple(n);
  if iters == 1{
    println_i64(res);
    0
  }else {
    main_loop(iters - 1,n)
  }
}

def main(iters:i64,n:i64): i64{
  main_loop(iters, n)
}

INFO - got notification with method textDocument/didChange
INFO - loading text data Bool { True, False }

def divide_range(min:i64,max:i64,test:i64): Bool{
  if test >= max{
    True
  }else{
    if min % test == 0 {
      divide_range(min + 1, max,test)
    }else{
      False
    }
  }
}

def smallest_multiple_rec(n:i64,curr:i64): i64{
}

def smallest_multiple(n:i64): i64{
  smallest_multiple_rec(n,1)
}

def main_loop(iters:i64,n:i64): i64{
  let res:i64 = smallest_multiple(n);
  if iters == 1{
    println_i64(res);
    0
  }else {
    main_loop(iters - 1,n)
  }
}

def main(iters:i64,n:i64): i64{
  main_loop(iters, n)
}

INFO - got notification with method textDocument/didChange
INFO - loading text data Bool { True, False }

def divide_range(min:i64,max:i64,test:i64): Bool{
  if test >= max{
    True
  }else{
    if min % test == 0 {
      divide_range(min + 1, max,test)
    }else{
      False
    }
  }
}

def smallest_multiple_rec(n:i64,curr:i64): i64{

}

def smallest_multiple(n:i64): i64{
  smallest_multiple_rec(n,1)
}

def main_loop(iters:i64,n:i64): i64{
  let res:i64 = smallest_multiple(n);
  if iters == 1{
    println_i64(res);
    0
  }else {
    main_loop(iters - 1,n)
  }
}

def main(iters:i64,n:i64): i64{
  main_loop(iters, n)
}

INFO - got notification with method textDocument/didChange
INFO - loading text data Bool { True, False }

def divide_range(min:i64,max:i64,test:i64): Bool{
  if test >= max{
    True
  }else{
    if min % test == 0 {
      divide_range(min + 1, max,test)
    }else{
      False
    }
  }
}

def smallest_multiple_rec(n:i64,curr:i64): i64{
  
}

def smallest_multiple(n:i64): i64{
  smallest_multiple_rec(n,1)
}

def main_loop(iters:i64,n:i64): i64{
  let res:i64 = smallest_multiple(n);
  if iters == 1{
    println_i64(res);
    0
  }else {
    main_loop(iters - 1,n)
  }
}

def main(iters:i64,n:i64): i64{
  main_loop(iters, n)
}

INFO - got notification with method textDocument/didChange
INFO - loading text data Bool { True, False }

def divide_range(min:i64,max:i64,test:i64): Bool{
  if test >= max{
    True
  }else{
    if min % test == 0 {
      divide_range(min + 1, max,test)
    }else{
      False
    }
  }
}

def smallest_multiple_rec(n:i64,curr:i64): i64{
  d
}

def smallest_multiple(n:i64): i64{
  smallest_multiple_rec(n,1)
}

def main_loop(iters:i64,n:i64): i64{
  let res:i64 = smallest_multiple(n);
  if iters == 1{
    println_i64(res);
    0
  }else {
    main_loop(iters - 1,n)
  }
}

def main(iters:i64,n:i64): i64{
  main_loop(iters, n)
}

INFO - got notification with method textDocument/didChange
INFO - loading text data Bool { True, False }

def divide_range(min:i64,max:i64,test:i64): Bool{
  if test >= max{
    True
  }else{
    if min % test == 0 {
      divide_range(min + 1, max,test)
    }else{
      False
    }
  }
}

def smallest_multiple_rec(n:i64,curr:i64): i64{
  div
}

def smallest_multiple(n:i64): i64{
  smallest_multiple_rec(n,1)
}

def main_loop(iters:i64,n:i64): i64{
  let res:i64 = smallest_multiple(n);
  if iters == 1{
    println_i64(res);
    0
  }else {
    main_loop(iters - 1,n)
  }
}

def main(iters:i64,n:i64): i64{
  main_loop(iters, n)
}

INFO - got notification with method textDocument/didChange
INFO - loading text data Bool { True, False }

def divide_range(min:i64,max:i64,test:i64): Bool{
  if test >= max{
    True
  }else{
    if min % test == 0 {
      divide_range(min + 1, max,test)
    }else{
      False
    }
  }
}

def smallest_multiple_rec(n:i64,curr:i64): i64{
  divi
}

def smallest_multiple(n:i64): i64{
  smallest_multiple_rec(n,1)
}

def main_loop(iters:i64,n:i64): i64{
  let res:i64 = smallest_multiple(n);
  if iters == 1{
    println_i64(res);
    0
  }else {
    main_loop(iters - 1,n)
  }
}

def main(iters:i64,n:i64): i64{
  main_loop(iters, n)
}

INFO - got notification with method textDocument/didChange
INFO - loading text data Bool { True, False }

def divide_range(min:i64,max:i64,test:i64): Bool{
  if test >= max{
    True
  }else{
    if min % test == 0 {
      divide_range(min + 1, max,test)
    }else{
      False
    }
  }
}

def smallest_multiple_rec(n:i64,curr:i64): i64{
  divis
}

def smallest_multiple(n:i64): i64{
  smallest_multiple_rec(n,1)
}

def main_loop(iters:i64,n:i64): i64{
  let res:i64 = smallest_multiple(n);
  if iters == 1{
    println_i64(res);
    0
  }else {
    main_loop(iters - 1,n)
  }
}

def main(iters:i64,n:i64): i64{
  main_loop(iters, n)
}

INFO - got notification with method textDocument/didChange
INFO - loading text data Bool { True, False }

def divide_range(min:i64,max:i64,test:i64): Bool{
  if test >= max{
    True
  }else{
    if min % test == 0 {
      divide_range(min + 1, max,test)
    }else{
      False
    }
  }
}

def smallest_multiple_rec(n:i64,curr:i64): i64{
  divi
}

def smallest_multiple(n:i64): i64{
  smallest_multiple_rec(n,1)
}

def main_loop(iters:i64,n:i64): i64{
  let res:i64 = smallest_multiple(n);
  if iters == 1{
    println_i64(res);
    0
  }else {
    main_loop(iters - 1,n)
  }
}

def main(iters:i64,n:i64): i64{
  main_loop(iters, n)
}

INFO - got notification with method textDocument/didChange
INFO - loading text data Bool { True, False }

def divide_range(min:i64,max:i64,test:i64): Bool{
  if test >= max{
    True
  }else{
    if min % test == 0 {
      divide_range(min + 1, max,test)
    }else{
      False
    }
  }
}

def smallest_multiple_rec(n:i64,curr:i64): i64{
  divide
}

def smallest_multiple(n:i64): i64{
  smallest_multiple_rec(n,1)
}

def main_loop(iters:i64,n:i64): i64{
  let res:i64 = smallest_multiple(n);
  if iters == 1{
    println_i64(res);
    0
  }else {
    main_loop(iters - 1,n)
  }
}

def main(iters:i64,n:i64): i64{
  main_loop(iters, n)
}

INFO - got notification with method textDocument/didChange
INFO - loading text data Bool { True, False }

def divide_range(min:i64,max:i64,test:i64): Bool{
  if test >= max{
    True
  }else{
    if min % test == 0 {
      divide_range(min + 1, max,test)
    }else{
      False
    }
  }
}

def smallest_multiple_rec(n:i64,curr:i64): i64{
  divide_
}

def smallest_multiple(n:i64): i64{
  smallest_multiple_rec(n,1)
}

def main_loop(iters:i64,n:i64): i64{
  let res:i64 = smallest_multiple(n);
  if iters == 1{
    println_i64(res);
    0
  }else {
    main_loop(iters - 1,n)
  }
}

def main(iters:i64,n:i64): i64{
  main_loop(iters, n)
}

INFO - got notification with method textDocument/didChange
INFO - loading text data Bool { True, False }

def divide_range(min:i64,max:i64,test:i64): Bool{
  if test >= max{
    True
  }else{
    if min % test == 0 {
      divide_range(min + 1, max,test)
    }else{
      False
    }
  }
}

def smallest_multiple_rec(n:i64,curr:i64): i64{
  divide_r
}

def smallest_multiple(n:i64): i64{
  smallest_multiple_rec(n,1)
}

def main_loop(iters:i64,n:i64): i64{
  let res:i64 = smallest_multiple(n);
  if iters == 1{
    println_i64(res);
    0
  }else {
    main_loop(iters - 1,n)
  }
}

def main(iters:i64,n:i64): i64{
  main_loop(iters, n)
}

INFO - got notification with method textDocument/didChange
INFO - loading text data Bool { True, False }

def divide_range(min:i64,max:i64,test:i64): Bool{
  if test >= max{
    True
  }else{
    if min % test == 0 {
      divide_range(min + 1, max,test)
    }else{
      False
    }
  }
}

def smallest_multiple_rec(n:i64,curr:i64): i64{
  divide_ra
}

def smallest_multiple(n:i64): i64{
  smallest_multiple_rec(n,1)
}

def main_loop(iters:i64,n:i64): i64{
  let res:i64 = smallest_multiple(n);
  if iters == 1{
    println_i64(res);
    0
  }else {
    main_loop(iters - 1,n)
  }
}

def main(iters:i64,n:i64): i64{
  main_loop(iters, n)
}

INFO - got notification with method textDocument/didChange
INFO - loading text data Bool { True, False }

def divide_range(min:i64,max:i64,test:i64): Bool{
  if test >= max{
    True
  }else{
    if min % test == 0 {
      divide_range(min + 1, max,test)
    }else{
      False
    }
  }
}

def smallest_multiple_rec(n:i64,curr:i64): i64{
  divide_ragne
}

def smallest_multiple(n:i64): i64{
  smallest_multiple_rec(n,1)
}

def main_loop(iters:i64,n:i64): i64{
  let res:i64 = smallest_multiple(n);
  if iters == 1{
    println_i64(res);
    0
  }else {
    main_loop(iters - 1,n)
  }
}

def main(iters:i64,n:i64): i64{
  main_loop(iters, n)
}

INFO - got notification with method textDocument/didChange
INFO - loading text data Bool { True, False }

def divide_range(min:i64,max:i64,test:i64): Bool{
  if test >= max{
    True
  }else{
    if min % test == 0 {
      divide_range(min + 1, max,test)
    }else{
      False
    }
  }
}

def smallest_multiple_rec(n:i64,curr:i64): i64{
  divide_ragne(
}

def smallest_multiple(n:i64): i64{
  smallest_multiple_rec(n,1)
}

def main_loop(iters:i64,n:i64): i64{
  let res:i64 = smallest_multiple(n);
  if iters == 1{
    println_i64(res);
    0
  }else {
    main_loop(iters - 1,n)
  }
}

def main(iters:i64,n:i64): i64{
  main_loop(iters, n)
}

INFO - got notification with method textDocument/didChange
INFO - loading text data Bool { True, False }

def divide_range(min:i64,max:i64,test:i64): Bool{
  if test >= max{
    True
  }else{
    if min % test == 0 {
      divide_range(min + 1, max,test)
    }else{
      False
    }
  }
}

def smallest_multiple_rec(n:i64,curr:i64): i64{
  divide_ragne
}

def smallest_multiple(n:i64): i64{
  smallest_multiple_rec(n,1)
}

def main_loop(iters:i64,n:i64): i64{
  let res:i64 = smallest_multiple(n);
  if iters == 1{
    println_i64(res);
    0
  }else {
    main_loop(iters - 1,n)
  }
}

def main(iters:i64,n:i64): i64{
  main_loop(iters, n)
}

INFO - got notification with method textDocument/didChange
INFO - loading text data Bool { True, False }

def divide_range(min:i64,max:i64,test:i64): Bool{
  if test >= max{
    True
  }else{
    if min % test == 0 {
      divide_range(min + 1, max,test)
    }else{
      False
    }
  }
}

def smallest_multiple_rec(n:i64,curr:i64): i64{
  divide_ragn
}

def smallest_multiple(n:i64): i64{
  smallest_multiple_rec(n,1)
}

def main_loop(iters:i64,n:i64): i64{
  let res:i64 = smallest_multiple(n);
  if iters == 1{
    println_i64(res);
    0
  }else {
    main_loop(iters - 1,n)
  }
}

def main(iters:i64,n:i64): i64{
  main_loop(iters, n)
}

INFO - got notification with method textDocument/didChange
INFO - loading text data Bool { True, False }

def divide_range(min:i64,max:i64,test:i64): Bool{
  if test >= max{
    True
  }else{
    if min % test == 0 {
      divide_range(min + 1, max,test)
    }else{
      False
    }
  }
}

def smallest_multiple_rec(n:i64,curr:i64): i64{
  divide_rag
}

def smallest_multiple(n:i64): i64{
  smallest_multiple_rec(n,1)
}

def main_loop(iters:i64,n:i64): i64{
  let res:i64 = smallest_multiple(n);
  if iters == 1{
    println_i64(res);
    0
  }else {
    main_loop(iters - 1,n)
  }
}

def main(iters:i64,n:i64): i64{
  main_loop(iters, n)
}

INFO - got notification with method textDocument/didChange
INFO - loading text data Bool { True, False }

def divide_range(min:i64,max:i64,test:i64): Bool{
  if test >= max{
    True
  }else{
    if min % test == 0 {
      divide_range(min + 1, max,test)
    }else{
      False
    }
  }
}

def smallest_multiple_rec(n:i64,curr:i64): i64{
  divide_ragn
}

def smallest_multiple(n:i64): i64{
  smallest_multiple_rec(n,1)
}

def main_loop(iters:i64,n:i64): i64{
  let res:i64 = smallest_multiple(n);
  if iters == 1{
    println_i64(res);
    0
  }else {
    main_loop(iters - 1,n)
  }
}

def main(iters:i64,n:i64): i64{
  main_loop(iters, n)
}

INFO - got notification with method textDocument/didChange
INFO - loading text data Bool { True, False }

def divide_range(min:i64,max:i64,test:i64): Bool{
  if test >= max{
    True
  }else{
    if min % test == 0 {
      divide_range(min + 1, max,test)
    }else{
      False
    }
  }
}

def smallest_multiple_rec(n:i64,curr:i64): i64{
  divide_rag
}

def smallest_multiple(n:i64): i64{
  smallest_multiple_rec(n,1)
}

def main_loop(iters:i64,n:i64): i64{
  let res:i64 = smallest_multiple(n);
  if iters == 1{
    println_i64(res);
    0
  }else {
    main_loop(iters - 1,n)
  }
}

def main(iters:i64,n:i64): i64{
  main_loop(iters, n)
}

INFO - got notification with method textDocument/didChange
INFO - loading text data Bool { True, False }

def divide_range(min:i64,max:i64,test:i64): Bool{
  if test >= max{
    True
  }else{
    if min % test == 0 {
      divide_range(min + 1, max,test)
    }else{
      False
    }
  }
}

def smallest_multiple_rec(n:i64,curr:i64): i64{
  divide_ra
}

def smallest_multiple(n:i64): i64{
  smallest_multiple_rec(n,1)
}

def main_loop(iters:i64,n:i64): i64{
  let res:i64 = smallest_multiple(n);
  if iters == 1{
    println_i64(res);
    0
  }else {
    main_loop(iters - 1,n)
  }
}

def main(iters:i64,n:i64): i64{
  main_loop(iters, n)
}

INFO - got notification with method textDocument/didChange
INFO - loading text data Bool { True, False }

def divide_range(min:i64,max:i64,test:i64): Bool{
  if test >= max{
    True
  }else{
    if min % test == 0 {
      divide_range(min + 1, max,test)
    }else{
      False
    }
  }
}

def smallest_multiple_rec(n:i64,curr:i64): i64{
  divide_rang
}

def smallest_multiple(n:i64): i64{
  smallest_multiple_rec(n,1)
}

def main_loop(iters:i64,n:i64): i64{
  let res:i64 = smallest_multiple(n);
  if iters == 1{
    println_i64(res);
    0
  }else {
    main_loop(iters - 1,n)
  }
}

def main(iters:i64,n:i64): i64{
  main_loop(iters, n)
}

INFO - got notification with method textDocument/didChange
INFO - loading text data Bool { True, False }

def divide_range(min:i64,max:i64,test:i64): Bool{
  if test >= max{
    True
  }else{
    if min % test == 0 {
      divide_range(min + 1, max,test)
    }else{
      False
    }
  }
}

def smallest_multiple_rec(n:i64,curr:i64): i64{
  divide_range
}

def smallest_multiple(n:i64): i64{
  smallest_multiple_rec(n,1)
}

def main_loop(iters:i64,n:i64): i64{
  let res:i64 = smallest_multiple(n);
  if iters == 1{
    println_i64(res);
    0
  }else {
    main_loop(iters - 1,n)
  }
}

def main(iters:i64,n:i64): i64{
  main_loop(iters, n)
}

INFO - got notification with method textDocument/didChange
INFO - loading text data Bool { True, False }

def divide_range(min:i64,max:i64,test:i64): Bool{
  if test >= max{
    True
  }else{
    if min % test == 0 {
      divide_range(min + 1, max,test)
    }else{
      False
    }
  }
}

def smallest_multiple_rec(n:i64,curr:i64): i64{
  divide_range)
}

def smallest_multiple(n:i64): i64{
  smallest_multiple_rec(n,1)
}

def main_loop(iters:i64,n:i64): i64{
  let res:i64 = smallest_multiple(n);
  if iters == 1{
    println_i64(res);
    0
  }else {
    main_loop(iters - 1,n)
  }
}

def main(iters:i64,n:i64): i64{
  main_loop(iters, n)
}

INFO - got notification with method textDocument/didChange
INFO - loading text data Bool { True, False }

def divide_range(min:i64,max:i64,test:i64): Bool{
  if test >= max{
    True
  }else{
    if min % test == 0 {
      divide_range(min + 1, max,test)
    }else{
      False
    }
  }
}

def smallest_multiple_rec(n:i64,curr:i64): i64{
  divide_range)(
}

def smallest_multiple(n:i64): i64{
  smallest_multiple_rec(n,1)
}

def main_loop(iters:i64,n:i64): i64{
  let res:i64 = smallest_multiple(n);
  if iters == 1{
    println_i64(res);
    0
  }else {
    main_loop(iters - 1,n)
  }
}

def main(iters:i64,n:i64): i64{
  main_loop(iters, n)
}

INFO - got notification with method textDocument/didChange
INFO - loading text data Bool { True, False }

def divide_range(min:i64,max:i64,test:i64): Bool{
  if test >= max{
    True
  }else{
    if min % test == 0 {
      divide_range(min + 1, max,test)
    }else{
      False
    }
  }
}

def smallest_multiple_rec(n:i64,curr:i64): i64{
  divide_range)(1
}

def smallest_multiple(n:i64): i64{
  smallest_multiple_rec(n,1)
}

def main_loop(iters:i64,n:i64): i64{
  let res:i64 = smallest_multiple(n);
  if iters == 1{
    println_i64(res);
    0
  }else {
    main_loop(iters - 1,n)
  }
}

def main(iters:i64,n:i64): i64{
  main_loop(iters, n)
}

INFO - got notification with method textDocument/didChange
INFO - loading text data Bool { True, False }

def divide_range(min:i64,max:i64,test:i64): Bool{
  if test >= max{
    True
  }else{
    if min % test == 0 {
      divide_range(min + 1, max,test)
    }else{
      False
    }
  }
}

def smallest_multiple_rec(n:i64,curr:i64): i64{
  divide_range)(
}

def smallest_multiple(n:i64): i64{
  smallest_multiple_rec(n,1)
}

def main_loop(iters:i64,n:i64): i64{
  let res:i64 = smallest_multiple(n);
  if iters == 1{
    println_i64(res);
    0
  }else {
    main_loop(iters - 1,n)
  }
}

def main(iters:i64,n:i64): i64{
  main_loop(iters, n)
}

INFO - got notification with method textDocument/didChange
INFO - loading text data Bool { True, False }

def divide_range(min:i64,max:i64,test:i64): Bool{
  if test >= max{
    True
  }else{
    if min % test == 0 {
      divide_range(min + 1, max,test)
    }else{
      False
    }
  }
}

def smallest_multiple_rec(n:i64,curr:i64): i64{
  divide_range)
}

def smallest_multiple(n:i64): i64{
  smallest_multiple_rec(n,1)
}

def main_loop(iters:i64,n:i64): i64{
  let res:i64 = smallest_multiple(n);
  if iters == 1{
    println_i64(res);
    0
  }else {
    main_loop(iters - 1,n)
  }
}

def main(iters:i64,n:i64): i64{
  main_loop(iters, n)
}

INFO - got notification with method textDocument/didChange
INFO - loading text data Bool { True, False }

def divide_range(min:i64,max:i64,test:i64): Bool{
  if test >= max{
    True
  }else{
    if min % test == 0 {
      divide_range(min + 1, max,test)
    }else{
      False
    }
  }
}

def smallest_multiple_rec(n:i64,curr:i64): i64{
  divide_range
}

def smallest_multiple(n:i64): i64{
  smallest_multiple_rec(n,1)
}

def main_loop(iters:i64,n:i64): i64{
  let res:i64 = smallest_multiple(n);
  if iters == 1{
    println_i64(res);
    0
  }else {
    main_loop(iters - 1,n)
  }
}

def main(iters:i64,n:i64): i64{
  main_loop(iters, n)
}

INFO - got notification with method textDocument/didChange
INFO - loading text data Bool { True, False }

def divide_range(min:i64,max:i64,test:i64): Bool{
  if test >= max{
    True
  }else{
    if min % test == 0 {
      divide_range(min + 1, max,test)
    }else{
      False
    }
  }
}

def smallest_multiple_rec(n:i64,curr:i64): i64{
  divide_range(
}

def smallest_multiple(n:i64): i64{
  smallest_multiple_rec(n,1)
}

def main_loop(iters:i64,n:i64): i64{
  let res:i64 = smallest_multiple(n);
  if iters == 1{
    println_i64(res);
    0
  }else {
    main_loop(iters - 1,n)
  }
}

def main(iters:i64,n:i64): i64{
  main_loop(iters, n)
}

INFO - got notification with method textDocument/didChange
INFO - loading text data Bool { True, False }

def divide_range(min:i64,max:i64,test:i64): Bool{
  if test >= max{
    True
  }else{
    if min % test == 0 {
      divide_range(min + 1, max,test)
    }else{
      False
    }
  }
}

def smallest_multiple_rec(n:i64,curr:i64): i64{
  divide_range(1
}

def smallest_multiple(n:i64): i64{
  smallest_multiple_rec(n,1)
}

def main_loop(iters:i64,n:i64): i64{
  let res:i64 = smallest_multiple(n);
  if iters == 1{
    println_i64(res);
    0
  }else {
    main_loop(iters - 1,n)
  }
}

def main(iters:i64,n:i64): i64{
  main_loop(iters, n)
}

INFO - got notification with method textDocument/didChange
INFO - loading text data Bool { True, False }

def divide_range(min:i64,max:i64,test:i64): Bool{
  if test >= max{
    True
  }else{
    if min % test == 0 {
      divide_range(min + 1, max,test)
    }else{
      False
    }
  }
}

def smallest_multiple_rec(n:i64,curr:i64): i64{
  divide_range(1,
}

def smallest_multiple(n:i64): i64{
  smallest_multiple_rec(n,1)
}

def main_loop(iters:i64,n:i64): i64{
  let res:i64 = smallest_multiple(n);
  if iters == 1{
    println_i64(res);
    0
  }else {
    main_loop(iters - 1,n)
  }
}

def main(iters:i64,n:i64): i64{
  main_loop(iters, n)
}

INFO - got notification with method textDocument/didChange
INFO - loading text data Bool { True, False }

def divide_range(min:i64,max:i64,test:i64): Bool{
  if test >= max{
    True
  }else{
    if min % test == 0 {
      divide_range(min + 1, max,test)
    }else{
      False
    }
  }
}

def smallest_multiple_rec(n:i64,curr:i64): i64{
  divide_range(1,cn
}

def smallest_multiple(n:i64): i64{
  smallest_multiple_rec(n,1)
}

def main_loop(iters:i64,n:i64): i64{
  let res:i64 = smallest_multiple(n);
  if iters == 1{
    println_i64(res);
    0
  }else {
    main_loop(iters - 1,n)
  }
}

def main(iters:i64,n:i64): i64{
  main_loop(iters, n)
}

INFO - got notification with method textDocument/didChange
INFO - loading text data Bool { True, False }

def divide_range(min:i64,max:i64,test:i64): Bool{
  if test >= max{
    True
  }else{
    if min % test == 0 {
      divide_range(min + 1, max,test)
    }else{
      False
    }
  }
}

def smallest_multiple_rec(n:i64,curr:i64): i64{
  divide_range(1,c
}

def smallest_multiple(n:i64): i64{
  smallest_multiple_rec(n,1)
}

def main_loop(iters:i64,n:i64): i64{
  let res:i64 = smallest_multiple(n);
  if iters == 1{
    println_i64(res);
    0
  }else {
    main_loop(iters - 1,n)
  }
}

def main(iters:i64,n:i64): i64{
  main_loop(iters, n)
}

INFO - got notification with method textDocument/didChange
INFO - loading text data Bool { True, False }

def divide_range(min:i64,max:i64,test:i64): Bool{
  if test >= max{
    True
  }else{
    if min % test == 0 {
      divide_range(min + 1, max,test)
    }else{
      False
    }
  }
}

def smallest_multiple_rec(n:i64,curr:i64): i64{
  divide_range(1,
}

def smallest_multiple(n:i64): i64{
  smallest_multiple_rec(n,1)
}

def main_loop(iters:i64,n:i64): i64{
  let res:i64 = smallest_multiple(n);
  if iters == 1{
    println_i64(res);
    0
  }else {
    main_loop(iters - 1,n)
  }
}

def main(iters:i64,n:i64): i64{
  main_loop(iters, n)
}

INFO - got notification with method textDocument/didChange
INFO - loading text data Bool { True, False }

def divide_range(min:i64,max:i64,test:i64): Bool{
  if test >= max{
    True
  }else{
    if min % test == 0 {
      divide_range(min + 1, max,test)
    }else{
      False
    }
  }
}

def smallest_multiple_rec(n:i64,curr:i64): i64{
  divide_range(1,n
}

def smallest_multiple(n:i64): i64{
  smallest_multiple_rec(n,1)
}

def main_loop(iters:i64,n:i64): i64{
  let res:i64 = smallest_multiple(n);
  if iters == 1{
    println_i64(res);
    0
  }else {
    main_loop(iters - 1,n)
  }
}

def main(iters:i64,n:i64): i64{
  main_loop(iters, n)
}

INFO - got notification with method textDocument/didChange
INFO - loading text data Bool { True, False }

def divide_range(min:i64,max:i64,test:i64): Bool{
  if test >= max{
    True
  }else{
    if min % test == 0 {
      divide_range(min + 1, max,test)
    }else{
      False
    }
  }
}

def smallest_multiple_rec(n:i64,curr:i64): i64{
  divide_range(1,n,
}

def smallest_multiple(n:i64): i64{
  smallest_multiple_rec(n,1)
}

def main_loop(iters:i64,n:i64): i64{
  let res:i64 = smallest_multiple(n);
  if iters == 1{
    println_i64(res);
    0
  }else {
    main_loop(iters - 1,n)
  }
}

def main(iters:i64,n:i64): i64{
  main_loop(iters, n)
}

INFO - got notification with method textDocument/didChange
INFO - loading text data Bool { True, False }

def divide_range(min:i64,max:i64,test:i64): Bool{
  if test >= max{
    True
  }else{
    if min % test == 0 {
      divide_range(min + 1, max,test)
    }else{
      False
    }
  }
}

def smallest_multiple_rec(n:i64,curr:i64): i64{
  divide_range(1,n,c
}

def smallest_multiple(n:i64): i64{
  smallest_multiple_rec(n,1)
}

def main_loop(iters:i64,n:i64): i64{
  let res:i64 = smallest_multiple(n);
  if iters == 1{
    println_i64(res);
    0
  }else {
    main_loop(iters - 1,n)
  }
}

def main(iters:i64,n:i64): i64{
  main_loop(iters, n)
}

INFO - got notification with method textDocument/didChange
INFO - loading text data Bool { True, False }

def divide_range(min:i64,max:i64,test:i64): Bool{
  if test >= max{
    True
  }else{
    if min % test == 0 {
      divide_range(min + 1, max,test)
    }else{
      False
    }
  }
}

def smallest_multiple_rec(n:i64,curr:i64): i64{
  divide_range(1,n,cu
}

def smallest_multiple(n:i64): i64{
  smallest_multiple_rec(n,1)
}

def main_loop(iters:i64,n:i64): i64{
  let res:i64 = smallest_multiple(n);
  if iters == 1{
    println_i64(res);
    0
  }else {
    main_loop(iters - 1,n)
  }
}

def main(iters:i64,n:i64): i64{
  main_loop(iters, n)
}

INFO - got notification with method textDocument/didChange
INFO - loading text data Bool { True, False }

def divide_range(min:i64,max:i64,test:i64): Bool{
  if test >= max{
    True
  }else{
    if min % test == 0 {
      divide_range(min + 1, max,test)
    }else{
      False
    }
  }
}

def smallest_multiple_rec(n:i64,curr:i64): i64{
  divide_range(1,n,curr
}

def smallest_multiple(n:i64): i64{
  smallest_multiple_rec(n,1)
}

def main_loop(iters:i64,n:i64): i64{
  let res:i64 = smallest_multiple(n);
  if iters == 1{
    println_i64(res);
    0
  }else {
    main_loop(iters - 1,n)
  }
}

def main(iters:i64,n:i64): i64{
  main_loop(iters, n)
}

INFO - got notification with method textDocument/didChange
INFO - loading text data Bool { True, False }

def divide_range(min:i64,max:i64,test:i64): Bool{
  if test >= max{
    True
  }else{
    if min % test == 0 {
      divide_range(min + 1, max,test)
    }else{
      False
    }
  }
}

def smallest_multiple_rec(n:i64,curr:i64): i64{
  divide_range(1,n,curr)
}

def smallest_multiple(n:i64): i64{
  smallest_multiple_rec(n,1)
}

def main_loop(iters:i64,n:i64): i64{
  let res:i64 = smallest_multiple(n);
  if iters == 1{
    println_i64(res);
    0
  }else {
    main_loop(iters - 1,n)
  }
}

def main(iters:i64,n:i64): i64{
  main_loop(iters, n)
}

INFO - got notification with method textDocument/didChange
INFO - loading text data Bool { True, False }

def divide_range(min:i64,max:i64,test:i64): Bool{
  if test >= max{
    True
  }else{
    if min % test == 0 {
      divide_range(min + 1, max,test)
    }else{
      False
    }
  }
}

def smallest_multiple_rec(n:i64,curr:i64): i64{
  divide_range(1,n,curr).
}

def smallest_multiple(n:i64): i64{
  smallest_multiple_rec(n,1)
}

def main_loop(iters:i64,n:i64): i64{
  let res:i64 = smallest_multiple(n);
  if iters == 1{
    println_i64(res);
    0
  }else {
    main_loop(iters - 1,n)
  }
}

def main(iters:i64,n:i64): i64{
  main_loop(iters, n)
}

INFO - got notification with method textDocument/didChange
INFO - loading text data Bool { True, False }

def divide_range(min:i64,max:i64,test:i64): Bool{
  if test >= max{
    True
  }else{
    if min % test == 0 {
      divide_range(min + 1, max,test)
    }else{
      False
    }
  }
}

def smallest_multiple_rec(n:i64,curr:i64): i64{
  divide_range(1,n,curr).c
}

def smallest_multiple(n:i64): i64{
  smallest_multiple_rec(n,1)
}

def main_loop(iters:i64,n:i64): i64{
  let res:i64 = smallest_multiple(n);
  if iters == 1{
    println_i64(res);
    0
  }else {
    main_loop(iters - 1,n)
  }
}

def main(iters:i64,n:i64): i64{
  main_loop(iters, n)
}

INFO - got notification with method textDocument/didChange
INFO - loading text data Bool { True, False }

def divide_range(min:i64,max:i64,test:i64): Bool{
  if test >= max{
    True
  }else{
    if min % test == 0 {
      divide_range(min + 1, max,test)
    }else{
      False
    }
  }
}

def smallest_multiple_rec(n:i64,curr:i64): i64{
  divide_range(1,n,curr).cas
}

def smallest_multiple(n:i64): i64{
  smallest_multiple_rec(n,1)
}

def main_loop(iters:i64,n:i64): i64{
  let res:i64 = smallest_multiple(n);
  if iters == 1{
    println_i64(res);
    0
  }else {
    main_loop(iters - 1,n)
  }
}

def main(iters:i64,n:i64): i64{
  main_loop(iters, n)
}

INFO - got notification with method textDocument/didChange
INFO - loading text data Bool { True, False }

def divide_range(min:i64,max:i64,test:i64): Bool{
  if test >= max{
    True
  }else{
    if min % test == 0 {
      divide_range(min + 1, max,test)
    }else{
      False
    }
  }
}

def smallest_multiple_rec(n:i64,curr:i64): i64{
  divide_range(1,n,curr).case
}

def smallest_multiple(n:i64): i64{
  smallest_multiple_rec(n,1)
}

def main_loop(iters:i64,n:i64): i64{
  let res:i64 = smallest_multiple(n);
  if iters == 1{
    println_i64(res);
    0
  }else {
    main_loop(iters - 1,n)
  }
}

def main(iters:i64,n:i64): i64{
  main_loop(iters, n)
}

INFO - got notification with method textDocument/didChange
INFO - loading text data Bool { True, False }

def divide_range(min:i64,max:i64,test:i64): Bool{
  if test >= max{
    True
  }else{
    if min % test == 0 {
      divide_range(min + 1, max,test)
    }else{
      False
    }
  }
}

def smallest_multiple_rec(n:i64,curr:i64): i64{
  divide_range(1,n,curr).case{
  
}

def smallest_multiple(n:i64): i64{
  smallest_multiple_rec(n,1)
}

def main_loop(iters:i64,n:i64): i64{
  let res:i64 = smallest_multiple(n);
  if iters == 1{
    println_i64(res);
    0
  }else {
    main_loop(iters - 1,n)
  }
}

def main(iters:i64,n:i64): i64{
  main_loop(iters, n)
}

INFO - got notification with method textDocument/didChange
INFO - loading text data Bool { True, False }

def divide_range(min:i64,max:i64,test:i64): Bool{
  if test >= max{
    True
  }else{
    if min % test == 0 {
      divide_range(min + 1, max,test)
    }else{
      False
    }
  }
}

def smallest_multiple_rec(n:i64,curr:i64): i64{
  divide_range(1,n,curr).case{
   
}

def smallest_multiple(n:i64): i64{
  smallest_multiple_rec(n,1)
}

def main_loop(iters:i64,n:i64): i64{
  let res:i64 = smallest_multiple(n);
  if iters == 1{
    println_i64(res);
    0
  }else {
    main_loop(iters - 1,n)
  }
}

def main(iters:i64,n:i64): i64{
  main_loop(iters, n)
}

INFO - got notification with method textDocument/didChange
INFO - loading text data Bool { True, False }

def divide_range(min:i64,max:i64,test:i64): Bool{
  if test >= max{
    True
  }else{
    if min % test == 0 {
      divide_range(min + 1, max,test)
    }else{
      False
    }
  }
}

def smallest_multiple_rec(n:i64,curr:i64): i64{
  divide_range(1,n,curr).case{
    
}

def smallest_multiple(n:i64): i64{
  smallest_multiple_rec(n,1)
}

def main_loop(iters:i64,n:i64): i64{
  let res:i64 = smallest_multiple(n);
  if iters == 1{
    println_i64(res);
    0
  }else {
    main_loop(iters - 1,n)
  }
}

def main(iters:i64,n:i64): i64{
  main_loop(iters, n)
}

INFO - got notification with method textDocument/didChange
INFO - loading text data Bool { True, False }

def divide_range(min:i64,max:i64,test:i64): Bool{
  if test >= max{
    True
  }else{
    if min % test == 0 {
      divide_range(min + 1, max,test)
    }else{
      False
    }
  }
}

def smallest_multiple_rec(n:i64,curr:i64): i64{
  divide_range(1,n,curr).case{
    T
}

def smallest_multiple(n:i64): i64{
  smallest_multiple_rec(n,1)
}

def main_loop(iters:i64,n:i64): i64{
  let res:i64 = smallest_multiple(n);
  if iters == 1{
    println_i64(res);
    0
  }else {
    main_loop(iters - 1,n)
  }
}

def main(iters:i64,n:i64): i64{
  main_loop(iters, n)
}

INFO - got notification with method textDocument/didChange
INFO - loading text data Bool { True, False }

def divide_range(min:i64,max:i64,test:i64): Bool{
  if test >= max{
    True
  }else{
    if min % test == 0 {
      divide_range(min + 1, max,test)
    }else{
      False
    }
  }
}

def smallest_multiple_rec(n:i64,curr:i64): i64{
  divide_range(1,n,curr).case{
    Tr
}

def smallest_multiple(n:i64): i64{
  smallest_multiple_rec(n,1)
}

def main_loop(iters:i64,n:i64): i64{
  let res:i64 = smallest_multiple(n);
  if iters == 1{
    println_i64(res);
    0
  }else {
    main_loop(iters - 1,n)
  }
}

def main(iters:i64,n:i64): i64{
  main_loop(iters, n)
}

INFO - got notification with method textDocument/didChange
INFO - loading text data Bool { True, False }

def divide_range(min:i64,max:i64,test:i64): Bool{
  if test >= max{
    True
  }else{
    if min % test == 0 {
      divide_range(min + 1, max,test)
    }else{
      False
    }
  }
}

def smallest_multiple_rec(n:i64,curr:i64): i64{
  divide_range(1,n,curr).case{
    True
}

def smallest_multiple(n:i64): i64{
  smallest_multiple_rec(n,1)
}

def main_loop(iters:i64,n:i64): i64{
  let res:i64 = smallest_multiple(n);
  if iters == 1{
    println_i64(res);
    0
  }else {
    main_loop(iters - 1,n)
  }
}

def main(iters:i64,n:i64): i64{
  main_loop(iters, n)
}

INFO - got notification with method textDocument/didChange
INFO - loading text data Bool { True, False }

def divide_range(min:i64,max:i64,test:i64): Bool{
  if test >= max{
    True
  }else{
    if min % test == 0 {
      divide_range(min + 1, max,test)
    }else{
      False
    }
  }
}

def smallest_multiple_rec(n:i64,curr:i64): i64{
  divide_range(1,n,curr).case{
    True 
}

def smallest_multiple(n:i64): i64{
  smallest_multiple_rec(n,1)
}

def main_loop(iters:i64,n:i64): i64{
  let res:i64 = smallest_multiple(n);
  if iters == 1{
    println_i64(res);
    0
  }else {
    main_loop(iters - 1,n)
  }
}

def main(iters:i64,n:i64): i64{
  main_loop(iters, n)
}

INFO - got notification with method textDocument/didChange
INFO - loading text data Bool { True, False }

def divide_range(min:i64,max:i64,test:i64): Bool{
  if test >= max{
    True
  }else{
    if min % test == 0 {
      divide_range(min + 1, max,test)
    }else{
      False
    }
  }
}

def smallest_multiple_rec(n:i64,curr:i64): i64{
  divide_range(1,n,curr).case{
    True =
}

def smallest_multiple(n:i64): i64{
  smallest_multiple_rec(n,1)
}

def main_loop(iters:i64,n:i64): i64{
  let res:i64 = smallest_multiple(n);
  if iters == 1{
    println_i64(res);
    0
  }else {
    main_loop(iters - 1,n)
  }
}

def main(iters:i64,n:i64): i64{
  main_loop(iters, n)
}

INFO - got notification with method textDocument/didChange
INFO - loading text data Bool { True, False }

def divide_range(min:i64,max:i64,test:i64): Bool{
  if test >= max{
    True
  }else{
    if min % test == 0 {
      divide_range(min + 1, max,test)
    }else{
      False
    }
  }
}

def smallest_multiple_rec(n:i64,curr:i64): i64{
  divide_range(1,n,curr).case{
    True =>
}

def smallest_multiple(n:i64): i64{
  smallest_multiple_rec(n,1)
}

def main_loop(iters:i64,n:i64): i64{
  let res:i64 = smallest_multiple(n);
  if iters == 1{
    println_i64(res);
    0
  }else {
    main_loop(iters - 1,n)
  }
}

def main(iters:i64,n:i64): i64{
  main_loop(iters, n)
}

INFO - got notification with method textDocument/didChange
INFO - loading text data Bool { True, False }

def divide_range(min:i64,max:i64,test:i64): Bool{
  if test >= max{
    True
  }else{
    if min % test == 0 {
      divide_range(min + 1, max,test)
    }else{
      False
    }
  }
}

def smallest_multiple_rec(n:i64,curr:i64): i64{
  divide_range(1,n,curr).case{
    True => 
}

def smallest_multiple(n:i64): i64{
  smallest_multiple_rec(n,1)
}

def main_loop(iters:i64,n:i64): i64{
  let res:i64 = smallest_multiple(n);
  if iters == 1{
    println_i64(res);
    0
  }else {
    main_loop(iters - 1,n)
  }
}

def main(iters:i64,n:i64): i64{
  main_loop(iters, n)
}

INFO - got notification with method textDocument/didChange
INFO - loading text data Bool { True, False }

def divide_range(min:i64,max:i64,test:i64): Bool{
  if test >= max{
    True
  }else{
    if min % test == 0 {
      divide_range(min + 1, max,test)
    }else{
      False
    }
  }
}

def smallest_multiple_rec(n:i64,curr:i64): i64{
  divide_range(1,n,curr).case{
    True => c
}

def smallest_multiple(n:i64): i64{
  smallest_multiple_rec(n,1)
}

def main_loop(iters:i64,n:i64): i64{
  let res:i64 = smallest_multiple(n);
  if iters == 1{
    println_i64(res);
    0
  }else {
    main_loop(iters - 1,n)
  }
}

def main(iters:i64,n:i64): i64{
  main_loop(iters, n)
}

INFO - got notification with method textDocument/didChange
INFO - loading text data Bool { True, False }

def divide_range(min:i64,max:i64,test:i64): Bool{
  if test >= max{
    True
  }else{
    if min % test == 0 {
      divide_range(min + 1, max,test)
    }else{
      False
    }
  }
}

def smallest_multiple_rec(n:i64,curr:i64): i64{
  divide_range(1,n,curr).case{
    True => cu
}

def smallest_multiple(n:i64): i64{
  smallest_multiple_rec(n,1)
}

def main_loop(iters:i64,n:i64): i64{
  let res:i64 = smallest_multiple(n);
  if iters == 1{
    println_i64(res);
    0
  }else {
    main_loop(iters - 1,n)
  }
}

def main(iters:i64,n:i64): i64{
  main_loop(iters, n)
}

INFO - got notification with method textDocument/didChange
INFO - loading text data Bool { True, False }

def divide_range(min:i64,max:i64,test:i64): Bool{
  if test >= max{
    True
  }else{
    if min % test == 0 {
      divide_range(min + 1, max,test)
    }else{
      False
    }
  }
}

def smallest_multiple_rec(n:i64,curr:i64): i64{
  divide_range(1,n,curr).case{
    True => curr
}

def smallest_multiple(n:i64): i64{
  smallest_multiple_rec(n,1)
}

def main_loop(iters:i64,n:i64): i64{
  let res:i64 = smallest_multiple(n);
  if iters == 1{
    println_i64(res);
    0
  }else {
    main_loop(iters - 1,n)
  }
}

def main(iters:i64,n:i64): i64{
  main_loop(iters, n)
}

INFO - got notification with method textDocument/didChange
INFO - loading text data Bool { True, False }

def divide_range(min:i64,max:i64,test:i64): Bool{
  if test >= max{
    True
  }else{
    if min % test == 0 {
      divide_range(min + 1, max,test)
    }else{
      False
    }
  }
}

def smallest_multiple_rec(n:i64,curr:i64): i64{
  divide_range(1,n,curr).case{
    True => curr,
}

def smallest_multiple(n:i64): i64{
  smallest_multiple_rec(n,1)
}

def main_loop(iters:i64,n:i64): i64{
  let res:i64 = smallest_multiple(n);
  if iters == 1{
    println_i64(res);
    0
  }else {
    main_loop(iters - 1,n)
  }
}

def main(iters:i64,n:i64): i64{
  main_loop(iters, n)
}

INFO - got notification with method textDocument/didChange
INFO - loading text data Bool { True, False }

def divide_range(min:i64,max:i64,test:i64): Bool{
  if test >= max{
    True
  }else{
    if min % test == 0 {
      divide_range(min + 1, max,test)
    }else{
      False
    }
  }
}

def smallest_multiple_rec(n:i64,curr:i64): i64{
  divide_range(1,n,curr).case{
    True => curr,
    
}

def smallest_multiple(n:i64): i64{
  smallest_multiple_rec(n,1)
}

def main_loop(iters:i64,n:i64): i64{
  let res:i64 = smallest_multiple(n);
  if iters == 1{
    println_i64(res);
    0
  }else {
    main_loop(iters - 1,n)
  }
}

def main(iters:i64,n:i64): i64{
  main_loop(iters, n)
}

INFO - got notification with method textDocument/didChange
INFO - loading text data Bool { True, False }

def divide_range(min:i64,max:i64,test:i64): Bool{
  if test >= max{
    True
  }else{
    if min % test == 0 {
      divide_range(min + 1, max,test)
    }else{
      False
    }
  }
}

def smallest_multiple_rec(n:i64,curr:i64): i64{
  divide_range(1,n,curr).case{
    True => curr,
    F
}

def smallest_multiple(n:i64): i64{
  smallest_multiple_rec(n,1)
}

def main_loop(iters:i64,n:i64): i64{
  let res:i64 = smallest_multiple(n);
  if iters == 1{
    println_i64(res);
    0
  }else {
    main_loop(iters - 1,n)
  }
}

def main(iters:i64,n:i64): i64{
  main_loop(iters, n)
}

INFO - got notification with method textDocument/didChange
INFO - loading text data Bool { True, False }

def divide_range(min:i64,max:i64,test:i64): Bool{
  if test >= max{
    True
  }else{
    if min % test == 0 {
      divide_range(min + 1, max,test)
    }else{
      False
    }
  }
}

def smallest_multiple_rec(n:i64,curr:i64): i64{
  divide_range(1,n,curr).case{
    True => curr,
    Fa
}

def smallest_multiple(n:i64): i64{
  smallest_multiple_rec(n,1)
}

def main_loop(iters:i64,n:i64): i64{
  let res:i64 = smallest_multiple(n);
  if iters == 1{
    println_i64(res);
    0
  }else {
    main_loop(iters - 1,n)
  }
}

def main(iters:i64,n:i64): i64{
  main_loop(iters, n)
}

INFO - got notification with method textDocument/didChange
INFO - loading text data Bool { True, False }

def divide_range(min:i64,max:i64,test:i64): Bool{
  if test >= max{
    True
  }else{
    if min % test == 0 {
      divide_range(min + 1, max,test)
    }else{
      False
    }
  }
}

def smallest_multiple_rec(n:i64,curr:i64): i64{
  divide_range(1,n,curr).case{
    True => curr,
    Fals
}

def smallest_multiple(n:i64): i64{
  smallest_multiple_rec(n,1)
}

def main_loop(iters:i64,n:i64): i64{
  let res:i64 = smallest_multiple(n);
  if iters == 1{
    println_i64(res);
    0
  }else {
    main_loop(iters - 1,n)
  }
}

def main(iters:i64,n:i64): i64{
  main_loop(iters, n)
}

INFO - got notification with method textDocument/didChange
INFO - loading text data Bool { True, False }

def divide_range(min:i64,max:i64,test:i64): Bool{
  if test >= max{
    True
  }else{
    if min % test == 0 {
      divide_range(min + 1, max,test)
    }else{
      False
    }
  }
}

def smallest_multiple_rec(n:i64,curr:i64): i64{
  divide_range(1,n,curr).case{
    True => curr,
    False 
}

def smallest_multiple(n:i64): i64{
  smallest_multiple_rec(n,1)
}

def main_loop(iters:i64,n:i64): i64{
  let res:i64 = smallest_multiple(n);
  if iters == 1{
    println_i64(res);
    0
  }else {
    main_loop(iters - 1,n)
  }
}

def main(iters:i64,n:i64): i64{
  main_loop(iters, n)
}

INFO - got notification with method textDocument/didChange
INFO - loading text data Bool { True, False }

def divide_range(min:i64,max:i64,test:i64): Bool{
  if test >= max{
    True
  }else{
    if min % test == 0 {
      divide_range(min + 1, max,test)
    }else{
      False
    }
  }
}

def smallest_multiple_rec(n:i64,curr:i64): i64{
  divide_range(1,n,curr).case{
    True => curr,
    False =
}

def smallest_multiple(n:i64): i64{
  smallest_multiple_rec(n,1)
}

def main_loop(iters:i64,n:i64): i64{
  let res:i64 = smallest_multiple(n);
  if iters == 1{
    println_i64(res);
    0
  }else {
    main_loop(iters - 1,n)
  }
}

def main(iters:i64,n:i64): i64{
  main_loop(iters, n)
}

INFO - got notification with method textDocument/didChange
INFO - loading text data Bool { True, False }

def divide_range(min:i64,max:i64,test:i64): Bool{
  if test >= max{
    True
  }else{
    if min % test == 0 {
      divide_range(min + 1, max,test)
    }else{
      False
    }
  }
}

def smallest_multiple_rec(n:i64,curr:i64): i64{
  divide_range(1,n,curr).case{
    True => curr,
    False =>
}

def smallest_multiple(n:i64): i64{
  smallest_multiple_rec(n,1)
}

def main_loop(iters:i64,n:i64): i64{
  let res:i64 = smallest_multiple(n);
  if iters == 1{
    println_i64(res);
    0
  }else {
    main_loop(iters - 1,n)
  }
}

def main(iters:i64,n:i64): i64{
  main_loop(iters, n)
}

INFO - got notification with method textDocument/didChange
INFO - loading text data Bool { True, False }

def divide_range(min:i64,max:i64,test:i64): Bool{
  if test >= max{
    True
  }else{
    if min % test == 0 {
      divide_range(min + 1, max,test)
    }else{
      False
    }
  }
}

def smallest_multiple_rec(n:i64,curr:i64): i64{
  divide_range(1,n,curr).case{
    True => curr,
    False => 
}

def smallest_multiple(n:i64): i64{
  smallest_multiple_rec(n,1)
}

def main_loop(iters:i64,n:i64): i64{
  let res:i64 = smallest_multiple(n);
  if iters == 1{
    println_i64(res);
    0
  }else {
    main_loop(iters - 1,n)
  }
}

def main(iters:i64,n:i64): i64{
  main_loop(iters, n)
}

INFO - got notification with method textDocument/didChange
INFO - loading text data Bool { True, False }

def divide_range(min:i64,max:i64,test:i64): Bool{
  if test >= max{
    True
  }else{
    if min % test == 0 {
      divide_range(min + 1, max,test)
    }else{
      False
    }
  }
}

def smallest_multiple_rec(n:i64,curr:i64): i64{
  divide_range(1,n,curr).case{
    True => curr,
    False => s
}

def smallest_multiple(n:i64): i64{
  smallest_multiple_rec(n,1)
}

def main_loop(iters:i64,n:i64): i64{
  let res:i64 = smallest_multiple(n);
  if iters == 1{
    println_i64(res);
    0
  }else {
    main_loop(iters - 1,n)
  }
}

def main(iters:i64,n:i64): i64{
  main_loop(iters, n)
}

INFO - got notification with method textDocument/didChange
INFO - loading text data Bool { True, False }

def divide_range(min:i64,max:i64,test:i64): Bool{
  if test >= max{
    True
  }else{
    if min % test == 0 {
      divide_range(min + 1, max,test)
    }else{
      False
    }
  }
}

def smallest_multiple_rec(n:i64,curr:i64): i64{
  divide_range(1,n,curr).case{
    True => curr,
    False => sm
}

def smallest_multiple(n:i64): i64{
  smallest_multiple_rec(n,1)
}

def main_loop(iters:i64,n:i64): i64{
  let res:i64 = smallest_multiple(n);
  if iters == 1{
    println_i64(res);
    0
  }else {
    main_loop(iters - 1,n)
  }
}

def main(iters:i64,n:i64): i64{
  main_loop(iters, n)
}

INFO - got notification with method textDocument/didChange
INFO - loading text data Bool { True, False }

def divide_range(min:i64,max:i64,test:i64): Bool{
  if test >= max{
    True
  }else{
    if min % test == 0 {
      divide_range(min + 1, max,test)
    }else{
      False
    }
  }
}

def smallest_multiple_rec(n:i64,curr:i64): i64{
  divide_range(1,n,curr).case{
    True => curr,
    False => smal
}

def smallest_multiple(n:i64): i64{
  smallest_multiple_rec(n,1)
}

def main_loop(iters:i64,n:i64): i64{
  let res:i64 = smallest_multiple(n);
  if iters == 1{
    println_i64(res);
    0
  }else {
    main_loop(iters - 1,n)
  }
}

def main(iters:i64,n:i64): i64{
  main_loop(iters, n)
}

INFO - got notification with method textDocument/didChange
INFO - loading text data Bool { True, False }

def divide_range(min:i64,max:i64,test:i64): Bool{
  if test >= max{
    True
  }else{
    if min % test == 0 {
      divide_range(min + 1, max,test)
    }else{
      False
    }
  }
}

def smallest_multiple_rec(n:i64,curr:i64): i64{
  divide_range(1,n,curr).case{
    True => curr,
    False => smalle
}

def smallest_multiple(n:i64): i64{
  smallest_multiple_rec(n,1)
}

def main_loop(iters:i64,n:i64): i64{
  let res:i64 = smallest_multiple(n);
  if iters == 1{
    println_i64(res);
    0
  }else {
    main_loop(iters - 1,n)
  }
}

def main(iters:i64,n:i64): i64{
  main_loop(iters, n)
}

INFO - got notification with method textDocument/didChange
INFO - loading text data Bool { True, False }

def divide_range(min:i64,max:i64,test:i64): Bool{
  if test >= max{
    True
  }else{
    if min % test == 0 {
      divide_range(min + 1, max,test)
    }else{
      False
    }
  }
}

def smallest_multiple_rec(n:i64,curr:i64): i64{
  divide_range(1,n,curr).case{
    True => curr,
    False => smalles
}

def smallest_multiple(n:i64): i64{
  smallest_multiple_rec(n,1)
}

def main_loop(iters:i64,n:i64): i64{
  let res:i64 = smallest_multiple(n);
  if iters == 1{
    println_i64(res);
    0
  }else {
    main_loop(iters - 1,n)
  }
}

def main(iters:i64,n:i64): i64{
  main_loop(iters, n)
}

INFO - got notification with method textDocument/didChange
INFO - loading text data Bool { True, False }

def divide_range(min:i64,max:i64,test:i64): Bool{
  if test >= max{
    True
  }else{
    if min % test == 0 {
      divide_range(min + 1, max,test)
    }else{
      False
    }
  }
}

def smallest_multiple_rec(n:i64,curr:i64): i64{
  divide_range(1,n,curr).case{
    True => curr,
    False => smallest
}

def smallest_multiple(n:i64): i64{
  smallest_multiple_rec(n,1)
}

def main_loop(iters:i64,n:i64): i64{
  let res:i64 = smallest_multiple(n);
  if iters == 1{
    println_i64(res);
    0
  }else {
    main_loop(iters - 1,n)
  }
}

def main(iters:i64,n:i64): i64{
  main_loop(iters, n)
}

INFO - got notification with method textDocument/didChange
INFO - loading text data Bool { True, False }

def divide_range(min:i64,max:i64,test:i64): Bool{
  if test >= max{
    True
  }else{
    if min % test == 0 {
      divide_range(min + 1, max,test)
    }else{
      False
    }
  }
}

def smallest_multiple_rec(n:i64,curr:i64): i64{
  divide_range(1,n,curr).case{
    True => curr,
    False => smallest_
}

def smallest_multiple(n:i64): i64{
  smallest_multiple_rec(n,1)
}

def main_loop(iters:i64,n:i64): i64{
  let res:i64 = smallest_multiple(n);
  if iters == 1{
    println_i64(res);
    0
  }else {
    main_loop(iters - 1,n)
  }
}

def main(iters:i64,n:i64): i64{
  main_loop(iters, n)
}

INFO - got notification with method textDocument/didChange
INFO - loading text data Bool { True, False }

def divide_range(min:i64,max:i64,test:i64): Bool{
  if test >= max{
    True
  }else{
    if min % test == 0 {
      divide_range(min + 1, max,test)
    }else{
      False
    }
  }
}

def smallest_multiple_rec(n:i64,curr:i64): i64{
  divide_range(1,n,curr).case{
    True => curr,
    False => smallest_m
}

def smallest_multiple(n:i64): i64{
  smallest_multiple_rec(n,1)
}

def main_loop(iters:i64,n:i64): i64{
  let res:i64 = smallest_multiple(n);
  if iters == 1{
    println_i64(res);
    0
  }else {
    main_loop(iters - 1,n)
  }
}

def main(iters:i64,n:i64): i64{
  main_loop(iters, n)
}

INFO - got notification with method textDocument/didChange
INFO - loading text data Bool { True, False }

def divide_range(min:i64,max:i64,test:i64): Bool{
  if test >= max{
    True
  }else{
    if min % test == 0 {
      divide_range(min + 1, max,test)
    }else{
      False
    }
  }
}

def smallest_multiple_rec(n:i64,curr:i64): i64{
  divide_range(1,n,curr).case{
    True => curr,
    False => smallest_mu
}

def smallest_multiple(n:i64): i64{
  smallest_multiple_rec(n,1)
}

def main_loop(iters:i64,n:i64): i64{
  let res:i64 = smallest_multiple(n);
  if iters == 1{
    println_i64(res);
    0
  }else {
    main_loop(iters - 1,n)
  }
}

def main(iters:i64,n:i64): i64{
  main_loop(iters, n)
}

INFO - got notification with method textDocument/didChange
INFO - loading text data Bool { True, False }

def divide_range(min:i64,max:i64,test:i64): Bool{
  if test >= max{
    True
  }else{
    if min % test == 0 {
      divide_range(min + 1, max,test)
    }else{
      False
    }
  }
}

def smallest_multiple_rec(n:i64,curr:i64): i64{
  divide_range(1,n,curr).case{
    True => curr,
    False => smallest_mul
}

def smallest_multiple(n:i64): i64{
  smallest_multiple_rec(n,1)
}

def main_loop(iters:i64,n:i64): i64{
  let res:i64 = smallest_multiple(n);
  if iters == 1{
    println_i64(res);
    0
  }else {
    main_loop(iters - 1,n)
  }
}

def main(iters:i64,n:i64): i64{
  main_loop(iters, n)
}

INFO - got notification with method textDocument/didChange
INFO - loading text data Bool { True, False }

def divide_range(min:i64,max:i64,test:i64): Bool{
  if test >= max{
    True
  }else{
    if min % test == 0 {
      divide_range(min + 1, max,test)
    }else{
      False
    }
  }
}

def smallest_multiple_rec(n:i64,curr:i64): i64{
  divide_range(1,n,curr).case{
    True => curr,
    False => smallest_mult
}

def smallest_multiple(n:i64): i64{
  smallest_multiple_rec(n,1)
}

def main_loop(iters:i64,n:i64): i64{
  let res:i64 = smallest_multiple(n);
  if iters == 1{
    println_i64(res);
    0
  }else {
    main_loop(iters - 1,n)
  }
}

def main(iters:i64,n:i64): i64{
  main_loop(iters, n)
}

INFO - got notification with method textDocument/didChange
INFO - loading text data Bool { True, False }

def divide_range(min:i64,max:i64,test:i64): Bool{
  if test >= max{
    True
  }else{
    if min % test == 0 {
      divide_range(min + 1, max,test)
    }else{
      False
    }
  }
}

def smallest_multiple_rec(n:i64,curr:i64): i64{
  divide_range(1,n,curr).case{
    True => curr,
    False => smallest_multi
}

def smallest_multiple(n:i64): i64{
  smallest_multiple_rec(n,1)
}

def main_loop(iters:i64,n:i64): i64{
  let res:i64 = smallest_multiple(n);
  if iters == 1{
    println_i64(res);
    0
  }else {
    main_loop(iters - 1,n)
  }
}

def main(iters:i64,n:i64): i64{
  main_loop(iters, n)
}

INFO - got notification with method textDocument/didChange
INFO - loading text data Bool { True, False }

def divide_range(min:i64,max:i64,test:i64): Bool{
  if test >= max{
    True
  }else{
    if min % test == 0 {
      divide_range(min + 1, max,test)
    }else{
      False
    }
  }
}

def smallest_multiple_rec(n:i64,curr:i64): i64{
  divide_range(1,n,curr).case{
    True => curr,
    False => smallest_multiple
}

def smallest_multiple(n:i64): i64{
  smallest_multiple_rec(n,1)
}

def main_loop(iters:i64,n:i64): i64{
  let res:i64 = smallest_multiple(n);
  if iters == 1{
    println_i64(res);
    0
  }else {
    main_loop(iters - 1,n)
  }
}

def main(iters:i64,n:i64): i64{
  main_loop(iters, n)
}

INFO - got notification with method textDocument/didChange
INFO - loading text data Bool { True, False }

def divide_range(min:i64,max:i64,test:i64): Bool{
  if test >= max{
    True
  }else{
    if min % test == 0 {
      divide_range(min + 1, max,test)
    }else{
      False
    }
  }
}

def smallest_multiple_rec(n:i64,curr:i64): i64{
  divide_range(1,n,curr).case{
    True => curr,
    False => smallest_multiple_
}

def smallest_multiple(n:i64): i64{
  smallest_multiple_rec(n,1)
}

def main_loop(iters:i64,n:i64): i64{
  let res:i64 = smallest_multiple(n);
  if iters == 1{
    println_i64(res);
    0
  }else {
    main_loop(iters - 1,n)
  }
}

def main(iters:i64,n:i64): i64{
  main_loop(iters, n)
}

INFO - got notification with method textDocument/didChange
INFO - loading text data Bool { True, False }

def divide_range(min:i64,max:i64,test:i64): Bool{
  if test >= max{
    True
  }else{
    if min % test == 0 {
      divide_range(min + 1, max,test)
    }else{
      False
    }
  }
}

def smallest_multiple_rec(n:i64,curr:i64): i64{
  divide_range(1,n,curr).case{
    True => curr,
    False => smallest_multiple_r
}

def smallest_multiple(n:i64): i64{
  smallest_multiple_rec(n,1)
}

def main_loop(iters:i64,n:i64): i64{
  let res:i64 = smallest_multiple(n);
  if iters == 1{
    println_i64(res);
    0
  }else {
    main_loop(iters - 1,n)
  }
}

def main(iters:i64,n:i64): i64{
  main_loop(iters, n)
}

INFO - got notification with method textDocument/didChange
INFO - loading text data Bool { True, False }

def divide_range(min:i64,max:i64,test:i64): Bool{
  if test >= max{
    True
  }else{
    if min % test == 0 {
      divide_range(min + 1, max,test)
    }else{
      False
    }
  }
}

def smallest_multiple_rec(n:i64,curr:i64): i64{
  divide_range(1,n,curr).case{
    True => curr,
    False => smallest_multiple_re
}

def smallest_multiple(n:i64): i64{
  smallest_multiple_rec(n,1)
}

def main_loop(iters:i64,n:i64): i64{
  let res:i64 = smallest_multiple(n);
  if iters == 1{
    println_i64(res);
    0
  }else {
    main_loop(iters - 1,n)
  }
}

def main(iters:i64,n:i64): i64{
  main_loop(iters, n)
}

INFO - got notification with method textDocument/didChange
INFO - loading text data Bool { True, False }

def divide_range(min:i64,max:i64,test:i64): Bool{
  if test >= max{
    True
  }else{
    if min % test == 0 {
      divide_range(min + 1, max,test)
    }else{
      False
    }
  }
}

def smallest_multiple_rec(n:i64,curr:i64): i64{
  divide_range(1,n,curr).case{
    True => curr,
    False => smallest_multiple_rec
}

def smallest_multiple(n:i64): i64{
  smallest_multiple_rec(n,1)
}

def main_loop(iters:i64,n:i64): i64{
  let res:i64 = smallest_multiple(n);
  if iters == 1{
    println_i64(res);
    0
  }else {
    main_loop(iters - 1,n)
  }
}

def main(iters:i64,n:i64): i64{
  main_loop(iters, n)
}

INFO - got notification with method textDocument/didChange
INFO - loading text data Bool { True, False }

def divide_range(min:i64,max:i64,test:i64): Bool{
  if test >= max{
    True
  }else{
    if min % test == 0 {
      divide_range(min + 1, max,test)
    }else{
      False
    }
  }
}

def smallest_multiple_rec(n:i64,curr:i64): i64{
  divide_range(1,n,curr).case{
    True => curr,
    False => smallest_multiple_rec(
}

def smallest_multiple(n:i64): i64{
  smallest_multiple_rec(n,1)
}

def main_loop(iters:i64,n:i64): i64{
  let res:i64 = smallest_multiple(n);
  if iters == 1{
    println_i64(res);
    0
  }else {
    main_loop(iters - 1,n)
  }
}

def main(iters:i64,n:i64): i64{
  main_loop(iters, n)
}

INFO - got notification with method textDocument/didChange
INFO - loading text data Bool { True, False }

def divide_range(min:i64,max:i64,test:i64): Bool{
  if test >= max{
    True
  }else{
    if min % test == 0 {
      divide_range(min + 1, max,test)
    }else{
      False
    }
  }
}

def smallest_multiple_rec(n:i64,curr:i64): i64{
  divide_range(1,n,curr).case{
    True => curr,
    False => smallest_multiple_rec(n
}

def smallest_multiple(n:i64): i64{
  smallest_multiple_rec(n,1)
}

def main_loop(iters:i64,n:i64): i64{
  let res:i64 = smallest_multiple(n);
  if iters == 1{
    println_i64(res);
    0
  }else {
    main_loop(iters - 1,n)
  }
}

def main(iters:i64,n:i64): i64{
  main_loop(iters, n)
}

INFO - got notification with method textDocument/didChange
INFO - loading text data Bool { True, False }

def divide_range(min:i64,max:i64,test:i64): Bool{
  if test >= max{
    True
  }else{
    if min % test == 0 {
      divide_range(min + 1, max,test)
    }else{
      False
    }
  }
}

def smallest_multiple_rec(n:i64,curr:i64): i64{
  divide_range(1,n,curr).case{
    True => curr,
    False => smallest_multiple_rec(n,
}

def smallest_multiple(n:i64): i64{
  smallest_multiple_rec(n,1)
}

def main_loop(iters:i64,n:i64): i64{
  let res:i64 = smallest_multiple(n);
  if iters == 1{
    println_i64(res);
    0
  }else {
    main_loop(iters - 1,n)
  }
}

def main(iters:i64,n:i64): i64{
  main_loop(iters, n)
}

INFO - got notification with method textDocument/didChange
INFO - loading text data Bool { True, False }

def divide_range(min:i64,max:i64,test:i64): Bool{
  if test >= max{
    True
  }else{
    if min % test == 0 {
      divide_range(min + 1, max,test)
    }else{
      False
    }
  }
}

def smallest_multiple_rec(n:i64,curr:i64): i64{
  divide_range(1,n,curr).case{
    True => curr,
    False => smallest_multiple_rec(n,c
}

def smallest_multiple(n:i64): i64{
  smallest_multiple_rec(n,1)
}

def main_loop(iters:i64,n:i64): i64{
  let res:i64 = smallest_multiple(n);
  if iters == 1{
    println_i64(res);
    0
  }else {
    main_loop(iters - 1,n)
  }
}

def main(iters:i64,n:i64): i64{
  main_loop(iters, n)
}

INFO - got notification with method textDocument/didChange
INFO - loading text data Bool { True, False }

def divide_range(min:i64,max:i64,test:i64): Bool{
  if test >= max{
    True
  }else{
    if min % test == 0 {
      divide_range(min + 1, max,test)
    }else{
      False
    }
  }
}

def smallest_multiple_rec(n:i64,curr:i64): i64{
  divide_range(1,n,curr).case{
    True => curr,
    False => smallest_multiple_rec(n,cur
}

def smallest_multiple(n:i64): i64{
  smallest_multiple_rec(n,1)
}

def main_loop(iters:i64,n:i64): i64{
  let res:i64 = smallest_multiple(n);
  if iters == 1{
    println_i64(res);
    0
  }else {
    main_loop(iters - 1,n)
  }
}

def main(iters:i64,n:i64): i64{
  main_loop(iters, n)
}

INFO - got notification with method textDocument/didChange
INFO - loading text data Bool { True, False }

def divide_range(min:i64,max:i64,test:i64): Bool{
  if test >= max{
    True
  }else{
    if min % test == 0 {
      divide_range(min + 1, max,test)
    }else{
      False
    }
  }
}

def smallest_multiple_rec(n:i64,curr:i64): i64{
  divide_range(1,n,curr).case{
    True => curr,
    False => smallest_multiple_rec(n,curr
}

def smallest_multiple(n:i64): i64{
  smallest_multiple_rec(n,1)
}

def main_loop(iters:i64,n:i64): i64{
  let res:i64 = smallest_multiple(n);
  if iters == 1{
    println_i64(res);
    0
  }else {
    main_loop(iters - 1,n)
  }
}

def main(iters:i64,n:i64): i64{
  main_loop(iters, n)
}

INFO - got notification with method textDocument/didChange
INFO - loading text data Bool { True, False }

def divide_range(min:i64,max:i64,test:i64): Bool{
  if test >= max{
    True
  }else{
    if min % test == 0 {
      divide_range(min + 1, max,test)
    }else{
      False
    }
  }
}

def smallest_multiple_rec(n:i64,curr:i64): i64{
  divide_range(1,n,curr).case{
    True => curr,
    False => smallest_multiple_rec(n,curr+
}

def smallest_multiple(n:i64): i64{
  smallest_multiple_rec(n,1)
}

def main_loop(iters:i64,n:i64): i64{
  let res:i64 = smallest_multiple(n);
  if iters == 1{
    println_i64(res);
    0
  }else {
    main_loop(iters - 1,n)
  }
}

def main(iters:i64,n:i64): i64{
  main_loop(iters, n)
}

INFO - got notification with method textDocument/didChange
INFO - loading text data Bool { True, False }

def divide_range(min:i64,max:i64,test:i64): Bool{
  if test >= max{
    True
  }else{
    if min % test == 0 {
      divide_range(min + 1, max,test)
    }else{
      False
    }
  }
}

def smallest_multiple_rec(n:i64,curr:i64): i64{
  divide_range(1,n,curr).case{
    True => curr,
    False => smallest_multiple_rec(n,curr+ 
}

def smallest_multiple(n:i64): i64{
  smallest_multiple_rec(n,1)
}

def main_loop(iters:i64,n:i64): i64{
  let res:i64 = smallest_multiple(n);
  if iters == 1{
    println_i64(res);
    0
  }else {
    main_loop(iters - 1,n)
  }
}

def main(iters:i64,n:i64): i64{
  main_loop(iters, n)
}

INFO - got notification with method textDocument/didChange
INFO - loading text data Bool { True, False }

def divide_range(min:i64,max:i64,test:i64): Bool{
  if test >= max{
    True
  }else{
    if min % test == 0 {
      divide_range(min + 1, max,test)
    }else{
      False
    }
  }
}

def smallest_multiple_rec(n:i64,curr:i64): i64{
  divide_range(1,n,curr).case{
    True => curr,
    False => smallest_multiple_rec(n,curr+
}

def smallest_multiple(n:i64): i64{
  smallest_multiple_rec(n,1)
}

def main_loop(iters:i64,n:i64): i64{
  let res:i64 = smallest_multiple(n);
  if iters == 1{
    println_i64(res);
    0
  }else {
    main_loop(iters - 1,n)
  }
}

def main(iters:i64,n:i64): i64{
  main_loop(iters, n)
}

INFO - got notification with method textDocument/didChange
INFO - loading text data Bool { True, False }

def divide_range(min:i64,max:i64,test:i64): Bool{
  if test >= max{
    True
  }else{
    if min % test == 0 {
      divide_range(min + 1, max,test)
    }else{
      False
    }
  }
}

def smallest_multiple_rec(n:i64,curr:i64): i64{
  divide_range(1,n,curr).case{
    True => curr,
    False => smallest_multiple_rec(n,curr
}

def smallest_multiple(n:i64): i64{
  smallest_multiple_rec(n,1)
}

def main_loop(iters:i64,n:i64): i64{
  let res:i64 = smallest_multiple(n);
  if iters == 1{
    println_i64(res);
    0
  }else {
    main_loop(iters - 1,n)
  }
}

def main(iters:i64,n:i64): i64{
  main_loop(iters, n)
}

INFO - got notification with method textDocument/didChange
INFO - loading text data Bool { True, False }

def divide_range(min:i64,max:i64,test:i64): Bool{
  if test >= max{
    True
  }else{
    if min % test == 0 {
      divide_range(min + 1, max,test)
    }else{
      False
    }
  }
}

def smallest_multiple_rec(n:i64,curr:i64): i64{
  divide_range(1,n,curr).case{
    True => curr,
    False => smallest_multiple_rec(n,curr +
}

def smallest_multiple(n:i64): i64{
  smallest_multiple_rec(n,1)
}

def main_loop(iters:i64,n:i64): i64{
  let res:i64 = smallest_multiple(n);
  if iters == 1{
    println_i64(res);
    0
  }else {
    main_loop(iters - 1,n)
  }
}

def main(iters:i64,n:i64): i64{
  main_loop(iters, n)
}

INFO - got notification with method textDocument/didChange
INFO - loading text data Bool { True, False }

def divide_range(min:i64,max:i64,test:i64): Bool{
  if test >= max{
    True
  }else{
    if min % test == 0 {
      divide_range(min + 1, max,test)
    }else{
      False
    }
  }
}

def smallest_multiple_rec(n:i64,curr:i64): i64{
  divide_range(1,n,curr).case{
    True => curr,
    False => smallest_multiple_rec(n,curr + 
}

def smallest_multiple(n:i64): i64{
  smallest_multiple_rec(n,1)
}

def main_loop(iters:i64,n:i64): i64{
  let res:i64 = smallest_multiple(n);
  if iters == 1{
    println_i64(res);
    0
  }else {
    main_loop(iters - 1,n)
  }
}

def main(iters:i64,n:i64): i64{
  main_loop(iters, n)
}

INFO - got notification with method textDocument/didChange
INFO - loading text data Bool { True, False }

def divide_range(min:i64,max:i64,test:i64): Bool{
  if test >= max{
    True
  }else{
    if min % test == 0 {
      divide_range(min + 1, max,test)
    }else{
      False
    }
  }
}

def smallest_multiple_rec(n:i64,curr:i64): i64{
  divide_range(1,n,curr).case{
    True => curr,
    False => smallest_multiple_rec(n,curr + 1
}

def smallest_multiple(n:i64): i64{
  smallest_multiple_rec(n,1)
}

def main_loop(iters:i64,n:i64): i64{
  let res:i64 = smallest_multiple(n);
  if iters == 1{
    println_i64(res);
    0
  }else {
    main_loop(iters - 1,n)
  }
}

def main(iters:i64,n:i64): i64{
  main_loop(iters, n)
}

INFO - got notification with method textDocument/didChange
INFO - loading text data Bool { True, False }

def divide_range(min:i64,max:i64,test:i64): Bool{
  if test >= max{
    True
  }else{
    if min % test == 0 {
      divide_range(min + 1, max,test)
    }else{
      False
    }
  }
}

def smallest_multiple_rec(n:i64,curr:i64): i64{
  divide_range(1,n,curr).case{
    True => curr,
    False => smallest_multiple_rec(n,curr + 1)
}

def smallest_multiple(n:i64): i64{
  smallest_multiple_rec(n,1)
}

def main_loop(iters:i64,n:i64): i64{
  let res:i64 = smallest_multiple(n);
  if iters == 1{
    println_i64(res);
    0
  }else {
    main_loop(iters - 1,n)
  }
}

def main(iters:i64,n:i64): i64{
  main_loop(iters, n)
}

INFO - got notification with method textDocument/didChange
INFO - loading text data Bool { True, False }

def divide_range(min:i64,max:i64,test:i64): Bool{
  if test >= max{
    True
  }else{
    if min % test == 0 {
      divide_range(min + 1, max,test)
    }else{
      False
    }
  }
}

def smallest_multiple_rec(n:i64,curr:i64): i64{
  divide_range(1,n,curr).case{
    True => curr,
    False => smallest_multiple_rec(n,curr + 1)
    
}

def smallest_multiple(n:i64): i64{
  smallest_multiple_rec(n,1)
}

def main_loop(iters:i64,n:i64): i64{
  let res:i64 = smallest_multiple(n);
  if iters == 1{
    println_i64(res);
    0
  }else {
    main_loop(iters - 1,n)
  }
}

def main(iters:i64,n:i64): i64{
  main_loop(iters, n)
}

INFO - got notification with method textDocument/didChange
INFO - loading text data Bool { True, False }

def divide_range(min:i64,max:i64,test:i64): Bool{
  if test >= max{
    True
  }else{
    if min % test == 0 {
      divide_range(min + 1, max,test)
    }else{
      False
    }
  }
}

def smallest_multiple_rec(n:i64,curr:i64): i64{
  divide_range(1,n,curr).case{
    True => curr,
    False => smallest_multiple_rec(n,curr + 1)
    }
}

def smallest_multiple(n:i64): i64{
  smallest_multiple_rec(n,1)
}

def main_loop(iters:i64,n:i64): i64{
  let res:i64 = smallest_multiple(n);
  if iters == 1{
    println_i64(res);
    0
  }else {
    main_loop(iters - 1,n)
  }
}

def main(iters:i64,n:i64): i64{
  main_loop(iters, n)
}

INFO - got notification with method textDocument/didChange
INFO - loading text data Bool { True, False }

def divide_range(min:i64,max:i64,test:i64): Bool{
  if test >= max{
    True
  }else{
    if min % test == 0 {
      divide_range(min + 1, max,test)
    }else{
      False
    }
  }
}

def smallest_multiple_rec(n:i64,curr:i64): i64{
  divide_range(1,n,curr).case{
    True => curr,
    False => smallest_multiple_rec(n,curr + 1)
   }
}

def smallest_multiple(n:i64): i64{
  smallest_multiple_rec(n,1)
}

def main_loop(iters:i64,n:i64): i64{
  let res:i64 = smallest_multiple(n);
  if iters == 1{
    println_i64(res);
    0
  }else {
    main_loop(iters - 1,n)
  }
}

def main(iters:i64,n:i64): i64{
  main_loop(iters, n)
}

INFO - got notification with method textDocument/didChange
INFO - loading text data Bool { True, False }

def divide_range(min:i64,max:i64,test:i64): Bool{
  if test >= max{
    True
  }else{
    if min % test == 0 {
      divide_range(min + 1, max,test)
    }else{
      False
    }
  }
}

def smallest_multiple_rec(n:i64,curr:i64): i64{
  divide_range(1,n,curr).case{
    True => curr,
    False => smallest_multiple_rec(n,curr + 1)
  }
}

def smallest_multiple(n:i64): i64{
  smallest_multiple_rec(n,1)
}

def main_loop(iters:i64,n:i64): i64{
  let res:i64 = smallest_multiple(n);
  if iters == 1{
    println_i64(res);
    0
  }else {
    main_loop(iters - 1,n)
  }
}

def main(iters:i64,n:i64): i64{
  main_loop(iters, n)
}

INFO - got notification with method textDocument/didChange
INFO - loading text data Bool { True, False }

def divide_range(min:i64,max:i64,test:i64): Bool{
  if test >= max{
    True
  }else{
    if min % test == 0 {
      divide_range(min + 1, max,test)
    }else{
      False
    }
  }
}

def smallest_multiple_rec(n:i64,curr:i64): i64{

  divide_range(1,n,curr).case{
    True => curr,
    False => smallest_multiple_rec(n,curr + 1)
  }
}

def smallest_multiple(n:i64): i64{
  smallest_multiple_rec(n,1)
}

def main_loop(iters:i64,n:i64): i64{
  let res:i64 = smallest_multiple(n);
  if iters == 1{
    println_i64(res);
    0
  }else {
    main_loop(iters - 1,n)
  }
}

def main(iters:i64,n:i64): i64{
  main_loop(iters, n)
}

INFO - got notification with method textDocument/didChange
INFO - loading text data Bool { True, False }

def divide_range(min:i64,max:i64,test:i64): Bool{
  if test >= max{
    True
  }else{
    if min % test == 0 {
      divide_range(min + 1, max,test)
    }else{
      False
    }
  }
}

def smallest_multiple_rec(n:i64,curr:i64): i64{
 
  divide_range(1,n,curr).case{
    True => curr,
    False => smallest_multiple_rec(n,curr + 1)
  }
}

def smallest_multiple(n:i64): i64{
  smallest_multiple_rec(n,1)
}

def main_loop(iters:i64,n:i64): i64{
  let res:i64 = smallest_multiple(n);
  if iters == 1{
    println_i64(res);
    0
  }else {
    main_loop(iters - 1,n)
  }
}

def main(iters:i64,n:i64): i64{
  main_loop(iters, n)
}

INFO - got notification with method textDocument/didChange
INFO - loading text data Bool { True, False }

def divide_range(min:i64,max:i64,test:i64): Bool{
  if test >= max{
    True
  }else{
    if min % test == 0 {
      divide_range(min + 1, max,test)
    }else{
      False
    }
  }
}

def smallest_multiple_rec(n:i64,curr:i64): i64{
  p
  divide_range(1,n,curr).case{
    True => curr,
    False => smallest_multiple_rec(n,curr + 1)
  }
}

def smallest_multiple(n:i64): i64{
  smallest_multiple_rec(n,1)
}

def main_loop(iters:i64,n:i64): i64{
  let res:i64 = smallest_multiple(n);
  if iters == 1{
    println_i64(res);
    0
  }else {
    main_loop(iters - 1,n)
  }
}

def main(iters:i64,n:i64): i64{
  main_loop(iters, n)
}

INFO - got notification with method textDocument/didChange
INFO - loading text data Bool { True, False }

def divide_range(min:i64,max:i64,test:i64): Bool{
  if test >= max{
    True
  }else{
    if min % test == 0 {
      divide_range(min + 1, max,test)
    }else{
      False
    }
  }
}

def smallest_multiple_rec(n:i64,curr:i64): i64{
  pr
  divide_range(1,n,curr).case{
    True => curr,
    False => smallest_multiple_rec(n,curr + 1)
  }
}

def smallest_multiple(n:i64): i64{
  smallest_multiple_rec(n,1)
}

def main_loop(iters:i64,n:i64): i64{
  let res:i64 = smallest_multiple(n);
  if iters == 1{
    println_i64(res);
    0
  }else {
    main_loop(iters - 1,n)
  }
}

def main(iters:i64,n:i64): i64{
  main_loop(iters, n)
}

INFO - got notification with method textDocument/didChange
INFO - loading text data Bool { True, False }

def divide_range(min:i64,max:i64,test:i64): Bool{
  if test >= max{
    True
  }else{
    if min % test == 0 {
      divide_range(min + 1, max,test)
    }else{
      False
    }
  }
}

def smallest_multiple_rec(n:i64,curr:i64): i64{
  prin
  divide_range(1,n,curr).case{
    True => curr,
    False => smallest_multiple_rec(n,curr + 1)
  }
}

def smallest_multiple(n:i64): i64{
  smallest_multiple_rec(n,1)
}

def main_loop(iters:i64,n:i64): i64{
  let res:i64 = smallest_multiple(n);
  if iters == 1{
    println_i64(res);
    0
  }else {
    main_loop(iters - 1,n)
  }
}

def main(iters:i64,n:i64): i64{
  main_loop(iters, n)
}

INFO - got notification with method textDocument/didChange
INFO - loading text data Bool { True, False }

def divide_range(min:i64,max:i64,test:i64): Bool{
  if test >= max{
    True
  }else{
    if min % test == 0 {
      divide_range(min + 1, max,test)
    }else{
      False
    }
  }
}

def smallest_multiple_rec(n:i64,curr:i64): i64{
  print
  divide_range(1,n,curr).case{
    True => curr,
    False => smallest_multiple_rec(n,curr + 1)
  }
}

def smallest_multiple(n:i64): i64{
  smallest_multiple_rec(n,1)
}

def main_loop(iters:i64,n:i64): i64{
  let res:i64 = smallest_multiple(n);
  if iters == 1{
    println_i64(res);
    0
  }else {
    main_loop(iters - 1,n)
  }
}

def main(iters:i64,n:i64): i64{
  main_loop(iters, n)
}

INFO - got notification with method textDocument/didChange
INFO - loading text data Bool { True, False }

def divide_range(min:i64,max:i64,test:i64): Bool{
  if test >= max{
    True
  }else{
    if min % test == 0 {
      divide_range(min + 1, max,test)
    }else{
      False
    }
  }
}

def smallest_multiple_rec(n:i64,curr:i64): i64{
  println
  divide_range(1,n,curr).case{
    True => curr,
    False => smallest_multiple_rec(n,curr + 1)
  }
}

def smallest_multiple(n:i64): i64{
  smallest_multiple_rec(n,1)
}

def main_loop(iters:i64,n:i64): i64{
  let res:i64 = smallest_multiple(n);
  if iters == 1{
    println_i64(res);
    0
  }else {
    main_loop(iters - 1,n)
  }
}

def main(iters:i64,n:i64): i64{
  main_loop(iters, n)
}

INFO - got notification with method textDocument/didChange
INFO - loading text data Bool { True, False }

def divide_range(min:i64,max:i64,test:i64): Bool{
  if test >= max{
    True
  }else{
    if min % test == 0 {
      divide_range(min + 1, max,test)
    }else{
      False
    }
  }
}

def smallest_multiple_rec(n:i64,curr:i64): i64{
  println_
  divide_range(1,n,curr).case{
    True => curr,
    False => smallest_multiple_rec(n,curr + 1)
  }
}

def smallest_multiple(n:i64): i64{
  smallest_multiple_rec(n,1)
}

def main_loop(iters:i64,n:i64): i64{
  let res:i64 = smallest_multiple(n);
  if iters == 1{
    println_i64(res);
    0
  }else {
    main_loop(iters - 1,n)
  }
}

def main(iters:i64,n:i64): i64{
  main_loop(iters, n)
}

INFO - got notification with method textDocument/didChange
INFO - loading text data Bool { True, False }

def divide_range(min:i64,max:i64,test:i64): Bool{
  if test >= max{
    True
  }else{
    if min % test == 0 {
      divide_range(min + 1, max,test)
    }else{
      False
    }
  }
}

def smallest_multiple_rec(n:i64,curr:i64): i64{
  println_i
  divide_range(1,n,curr).case{
    True => curr,
    False => smallest_multiple_rec(n,curr + 1)
  }
}

def smallest_multiple(n:i64): i64{
  smallest_multiple_rec(n,1)
}

def main_loop(iters:i64,n:i64): i64{
  let res:i64 = smallest_multiple(n);
  if iters == 1{
    println_i64(res);
    0
  }else {
    main_loop(iters - 1,n)
  }
}

def main(iters:i64,n:i64): i64{
  main_loop(iters, n)
}

INFO - got notification with method textDocument/didChange
INFO - loading text data Bool { True, False }

def divide_range(min:i64,max:i64,test:i64): Bool{
  if test >= max{
    True
  }else{
    if min % test == 0 {
      divide_range(min + 1, max,test)
    }else{
      False
    }
  }
}

def smallest_multiple_rec(n:i64,curr:i64): i64{
  println_i6
  divide_range(1,n,curr).case{
    True => curr,
    False => smallest_multiple_rec(n,curr + 1)
  }
}

def smallest_multiple(n:i64): i64{
  smallest_multiple_rec(n,1)
}

def main_loop(iters:i64,n:i64): i64{
  let res:i64 = smallest_multiple(n);
  if iters == 1{
    println_i64(res);
    0
  }else {
    main_loop(iters - 1,n)
  }
}

def main(iters:i64,n:i64): i64{
  main_loop(iters, n)
}

INFO - got notification with method textDocument/didChange
INFO - loading text data Bool { True, False }

def divide_range(min:i64,max:i64,test:i64): Bool{
  if test >= max{
    True
  }else{
    if min % test == 0 {
      divide_range(min + 1, max,test)
    }else{
      False
    }
  }
}

def smallest_multiple_rec(n:i64,curr:i64): i64{
  println_i64
  divide_range(1,n,curr).case{
    True => curr,
    False => smallest_multiple_rec(n,curr + 1)
  }
}

def smallest_multiple(n:i64): i64{
  smallest_multiple_rec(n,1)
}

def main_loop(iters:i64,n:i64): i64{
  let res:i64 = smallest_multiple(n);
  if iters == 1{
    println_i64(res);
    0
  }else {
    main_loop(iters - 1,n)
  }
}

def main(iters:i64,n:i64): i64{
  main_loop(iters, n)
}

INFO - got notification with method textDocument/didChange
INFO - loading text data Bool { True, False }

def divide_range(min:i64,max:i64,test:i64): Bool{
  if test >= max{
    True
  }else{
    if min % test == 0 {
      divide_range(min + 1, max,test)
    }else{
      False
    }
  }
}

def smallest_multiple_rec(n:i64,curr:i64): i64{
  println_i64(
  divide_range(1,n,curr).case{
    True => curr,
    False => smallest_multiple_rec(n,curr + 1)
  }
}

def smallest_multiple(n:i64): i64{
  smallest_multiple_rec(n,1)
}

def main_loop(iters:i64,n:i64): i64{
  let res:i64 = smallest_multiple(n);
  if iters == 1{
    println_i64(res);
    0
  }else {
    main_loop(iters - 1,n)
  }
}

def main(iters:i64,n:i64): i64{
  main_loop(iters, n)
}

INFO - got notification with method textDocument/didChange
INFO - loading text data Bool { True, False }

def divide_range(min:i64,max:i64,test:i64): Bool{
  if test >= max{
    True
  }else{
    if min % test == 0 {
      divide_range(min + 1, max,test)
    }else{
      False
    }
  }
}

def smallest_multiple_rec(n:i64,curr:i64): i64{
  println_i64(c
  divide_range(1,n,curr).case{
    True => curr,
    False => smallest_multiple_rec(n,curr + 1)
  }
}

def smallest_multiple(n:i64): i64{
  smallest_multiple_rec(n,1)
}

def main_loop(iters:i64,n:i64): i64{
  let res:i64 = smallest_multiple(n);
  if iters == 1{
    println_i64(res);
    0
  }else {
    main_loop(iters - 1,n)
  }
}

def main(iters:i64,n:i64): i64{
  main_loop(iters, n)
}

INFO - got notification with method textDocument/didChange
INFO - loading text data Bool { True, False }

def divide_range(min:i64,max:i64,test:i64): Bool{
  if test >= max{
    True
  }else{
    if min % test == 0 {
      divide_range(min + 1, max,test)
    }else{
      False
    }
  }
}

def smallest_multiple_rec(n:i64,curr:i64): i64{
  println_i64(cur
  divide_range(1,n,curr).case{
    True => curr,
    False => smallest_multiple_rec(n,curr + 1)
  }
}

def smallest_multiple(n:i64): i64{
  smallest_multiple_rec(n,1)
}

def main_loop(iters:i64,n:i64): i64{
  let res:i64 = smallest_multiple(n);
  if iters == 1{
    println_i64(res);
    0
  }else {
    main_loop(iters - 1,n)
  }
}

def main(iters:i64,n:i64): i64{
  main_loop(iters, n)
}

INFO - got notification with method textDocument/didChange
INFO - loading text data Bool { True, False }

def divide_range(min:i64,max:i64,test:i64): Bool{
  if test >= max{
    True
  }else{
    if min % test == 0 {
      divide_range(min + 1, max,test)
    }else{
      False
    }
  }
}

def smallest_multiple_rec(n:i64,curr:i64): i64{
  println_i64(curr
  divide_range(1,n,curr).case{
    True => curr,
    False => smallest_multiple_rec(n,curr + 1)
  }
}

def smallest_multiple(n:i64): i64{
  smallest_multiple_rec(n,1)
}

def main_loop(iters:i64,n:i64): i64{
  let res:i64 = smallest_multiple(n);
  if iters == 1{
    println_i64(res);
    0
  }else {
    main_loop(iters - 1,n)
  }
}

def main(iters:i64,n:i64): i64{
  main_loop(iters, n)
}

INFO - got notification with method textDocument/didChange
INFO - loading text data Bool { True, False }

def divide_range(min:i64,max:i64,test:i64): Bool{
  if test >= max{
    True
  }else{
    if min % test == 0 {
      divide_range(min + 1, max,test)
    }else{
      False
    }
  }
}

def smallest_multiple_rec(n:i64,curr:i64): i64{
  println_i64(curr);
  divide_range(1,n,curr).case{
    True => curr,
    False => smallest_multiple_rec(n,curr + 1)
  }
}

def smallest_multiple(n:i64): i64{
  smallest_multiple_rec(n,1)
}

def main_loop(iters:i64,n:i64): i64{
  let res:i64 = smallest_multiple(n);
  if iters == 1{
    println_i64(res);
    0
  }else {
    main_loop(iters - 1,n)
  }
}

def main(iters:i64,n:i64): i64{
  main_loop(iters, n)
}

INFO - got notification with method textDocument/didChange
INFO - loading text data Bool { True, False }

def divide_range(min:i64,max:i64,test:i64): Bool{
  if test >= max{
    True
  }else{
    if min % test == 0 {
      divide_range(min + 1, max,test)
    }else{
      False
    }
  }
}

def smallest_multiple_rec(n:i64,curr:i64): i64{
  println_i64();
  divide_range(1,n,curr).case{
    True => curr,
    False => smallest_multiple_rec(n,curr + 1)
  }
}

def smallest_multiple(n:i64): i64{
  smallest_multiple_rec(n,1)
}

def main_loop(iters:i64,n:i64): i64{
  let res:i64 = smallest_multiple(n);
  if iters == 1{
    println_i64(res);
    0
  }else {
    main_loop(iters - 1,n)
  }
}

def main(iters:i64,n:i64): i64{
  main_loop(iters, n)
}

INFO - got notification with method textDocument/didChange
INFO - loading text data Bool { True, False }

def divide_range(min:i64,max:i64,test:i64): Bool{
  if test >= max{
    True
  }else{
    if min % test == 0 {
      divide_range(min + 1, max,test)
    }else{
      False
    }
  }
}

def smallest_multiple_rec(n:i64,curr:i64): i64{
  println_i64(n);
  divide_range(1,n,curr).case{
    True => curr,
    False => smallest_multiple_rec(n,curr + 1)
  }
}

def smallest_multiple(n:i64): i64{
  smallest_multiple_rec(n,1)
}

def main_loop(iters:i64,n:i64): i64{
  let res:i64 = smallest_multiple(n);
  if iters == 1{
    println_i64(res);
    0
  }else {
    main_loop(iters - 1,n)
  }
}

def main(iters:i64,n:i64): i64{
  main_loop(iters, n)
}

INFO - got notification with method textDocument/didChange
INFO - loading text data Bool { True, False }

def divide_range(min:i64,max:i64,test:i64): Bool{
  if test >= max{
    True
  }else{
    if min % test == 0 {
      divide_range(min + 1, max,test)
    }else{
      False
    }
  }
}

def smallest_multiple_rec(n:i64,curr:i64): i64{
  divide_range(1,n,curr).case{
    True => curr,
    False => smallest_multiple_rec(n,curr + 1)
  }
}

def smallest_multiple(n:i64): i64{
  smallest_multiple_rec(n,1)
}

def main_loop(iters:i64,n:i64): i64{
  let res:i64 = smallest_multiple(n);
  if iters == 1{
    println_i64(res);
    0
  }else {
    main_loop(iters - 1,n)
  }
}

def main(iters:i64,n:i64): i64{
  main_loop(iters, n)
}

INFO - got notification with method textDocument/didChange
INFO - loading text data Bool { True, False }

def divide_range(min:i64,max:i64,test:i64): Bool{
  if  >= max{
    True
  }else{
    if min % test == 0 {
      divide_range(min + 1, max,test)
    }else{
      False
    }
  }
}

def smallest_multiple_rec(n:i64,curr:i64): i64{
  divide_range(1,n,curr).case{
    True => curr,
    False => smallest_multiple_rec(n,curr + 1)
  }
}

def smallest_multiple(n:i64): i64{
  smallest_multiple_rec(n,1)
}

def main_loop(iters:i64,n:i64): i64{
  let res:i64 = smallest_multiple(n);
  if iters == 1{
    println_i64(res);
    0
  }else {
    main_loop(iters - 1,n)
  }
}

def main(iters:i64,n:i64): i64{
  main_loop(iters, n)
}

INFO - got notification with method textDocument/didChange
INFO - loading text data Bool { True, False }

def divide_range(min:i64,max:i64,test:i64): Bool{
  if m >= max{
    True
  }else{
    if min % test == 0 {
      divide_range(min + 1, max,test)
    }else{
      False
    }
  }
}

def smallest_multiple_rec(n:i64,curr:i64): i64{
  divide_range(1,n,curr).case{
    True => curr,
    False => smallest_multiple_rec(n,curr + 1)
  }
}

def smallest_multiple(n:i64): i64{
  smallest_multiple_rec(n,1)
}

def main_loop(iters:i64,n:i64): i64{
  let res:i64 = smallest_multiple(n);
  if iters == 1{
    println_i64(res);
    0
  }else {
    main_loop(iters - 1,n)
  }
}

def main(iters:i64,n:i64): i64{
  main_loop(iters, n)
}

INFO - got notification with method textDocument/didChange
INFO - loading text data Bool { True, False }

def divide_range(min:i64,max:i64,test:i64): Bool{
  if min >= max{
    True
  }else{
    if min % test == 0 {
      divide_range(min + 1, max,test)
    }else{
      False
    }
  }
}

def smallest_multiple_rec(n:i64,curr:i64): i64{
  divide_range(1,n,curr).case{
    True => curr,
    False => smallest_multiple_rec(n,curr + 1)
  }
}

def smallest_multiple(n:i64): i64{
  smallest_multiple_rec(n,1)
}

def main_loop(iters:i64,n:i64): i64{
  let res:i64 = smallest_multiple(n);
  if iters == 1{
    println_i64(res);
    0
  }else {
    main_loop(iters - 1,n)
  }
}

def main(iters:i64,n:i64): i64{
  main_loop(iters, n)
}

INFO - got notification with method textDocument/didChange
INFO - loading text data Bool { True, False }

def divide_range(min:i64,max:i64,test:i64): Bool{
  if min >= max{
    True
  }else{
    if  % test == 0 {
      divide_range(min + 1, max,test)
    }else{
      False
    }
  }
}

def smallest_multiple_rec(n:i64,curr:i64): i64{
  divide_range(1,n,curr).case{
    True => curr,
    False => smallest_multiple_rec(n,curr + 1)
  }
}

def smallest_multiple(n:i64): i64{
  smallest_multiple_rec(n,1)
}

def main_loop(iters:i64,n:i64): i64{
  let res:i64 = smallest_multiple(n);
  if iters == 1{
    println_i64(res);
    0
  }else {
    main_loop(iters - 1,n)
  }
}

def main(iters:i64,n:i64): i64{
  main_loop(iters, n)
}

INFO - got notification with method textDocument/didChange
INFO - loading text data Bool { True, False }

def divide_range(min:i64,max:i64,test:i64): Bool{
  if min >= max{
    True
  }else{
    if t % test == 0 {
      divide_range(min + 1, max,test)
    }else{
      False
    }
  }
}

def smallest_multiple_rec(n:i64,curr:i64): i64{
  divide_range(1,n,curr).case{
    True => curr,
    False => smallest_multiple_rec(n,curr + 1)
  }
}

def smallest_multiple(n:i64): i64{
  smallest_multiple_rec(n,1)
}

def main_loop(iters:i64,n:i64): i64{
  let res:i64 = smallest_multiple(n);
  if iters == 1{
    println_i64(res);
    0
  }else {
    main_loop(iters - 1,n)
  }
}

def main(iters:i64,n:i64): i64{
  main_loop(iters, n)
}

INFO - got notification with method textDocument/didChange
INFO - loading text data Bool { True, False }

def divide_range(min:i64,max:i64,test:i64): Bool{
  if min >= max{
    True
  }else{
    if tes % test == 0 {
      divide_range(min + 1, max,test)
    }else{
      False
    }
  }
}

def smallest_multiple_rec(n:i64,curr:i64): i64{
  divide_range(1,n,curr).case{
    True => curr,
    False => smallest_multiple_rec(n,curr + 1)
  }
}

def smallest_multiple(n:i64): i64{
  smallest_multiple_rec(n,1)
}

def main_loop(iters:i64,n:i64): i64{
  let res:i64 = smallest_multiple(n);
  if iters == 1{
    println_i64(res);
    0
  }else {
    main_loop(iters - 1,n)
  }
}

def main(iters:i64,n:i64): i64{
  main_loop(iters, n)
}

INFO - got notification with method textDocument/didChange
INFO - loading text data Bool { True, False }

def divide_range(min:i64,max:i64,test:i64): Bool{
  if min >= max{
    True
  }else{
    if test % test == 0 {
      divide_range(min + 1, max,test)
    }else{
      False
    }
  }
}

def smallest_multiple_rec(n:i64,curr:i64): i64{
  divide_range(1,n,curr).case{
    True => curr,
    False => smallest_multiple_rec(n,curr + 1)
  }
}

def smallest_multiple(n:i64): i64{
  smallest_multiple_rec(n,1)
}

def main_loop(iters:i64,n:i64): i64{
  let res:i64 = smallest_multiple(n);
  if iters == 1{
    println_i64(res);
    0
  }else {
    main_loop(iters - 1,n)
  }
}

def main(iters:i64,n:i64): i64{
  main_loop(iters, n)
}

INFO - got notification with method textDocument/didChange
INFO - loading text data Bool { True, False }

def divide_range(min:i64,max:i64,test:i64): Bool{
  if min >= max{
    True
  }else{
    if test% test == 0 {
      divide_range(min + 1, max,test)
    }else{
      False
    }
  }
}

def smallest_multiple_rec(n:i64,curr:i64): i64{
  divide_range(1,n,curr).case{
    True => curr,
    False => smallest_multiple_rec(n,curr + 1)
  }
}

def smallest_multiple(n:i64): i64{
  smallest_multiple_rec(n,1)
}

def main_loop(iters:i64,n:i64): i64{
  let res:i64 = smallest_multiple(n);
  if iters == 1{
    println_i64(res);
    0
  }else {
    main_loop(iters - 1,n)
  }
}

def main(iters:i64,n:i64): i64{
  main_loop(iters, n)
}

INFO - got notification with method textDocument/didChange
INFO - loading text data Bool { True, False }

def divide_range(min:i64,max:i64,test:i64): Bool{
  if min >= max{
    True
  }else{
    if testw% test == 0 {
      divide_range(min + 1, max,test)
    }else{
      False
    }
  }
}

def smallest_multiple_rec(n:i64,curr:i64): i64{
  divide_range(1,n,curr).case{
    True => curr,
    False => smallest_multiple_rec(n,curr + 1)
  }
}

def smallest_multiple(n:i64): i64{
  smallest_multiple_rec(n,1)
}

def main_loop(iters:i64,n:i64): i64{
  let res:i64 = smallest_multiple(n);
  if iters == 1{
    println_i64(res);
    0
  }else {
    main_loop(iters - 1,n)
  }
}

def main(iters:i64,n:i64): i64{
  main_loop(iters, n)
}

INFO - got notification with method textDocument/didChange
INFO - loading text data Bool { True, False }

def divide_range(min:i64,max:i64,test:i64): Bool{
  if min >= max{
    True
  }else{
    if test % test == 0 {
      divide_range(min + 1, max,test)
    }else{
      False
    }
  }
}

def smallest_multiple_rec(n:i64,curr:i64): i64{
  divide_range(1,n,curr).case{
    True => curr,
    False => smallest_multiple_rec(n,curr + 1)
  }
}

def smallest_multiple(n:i64): i64{
  smallest_multiple_rec(n,1)
}

def main_loop(iters:i64,n:i64): i64{
  let res:i64 = smallest_multiple(n);
  if iters == 1{
    println_i64(res);
    0
  }else {
    main_loop(iters - 1,n)
  }
}

def main(iters:i64,n:i64): i64{
  main_loop(iters, n)
}

INFO - got notification with method textDocument/didChange
INFO - loading text data Bool { True, False }

def divide_range(min:i64,max:i64,test:i64): Bool{
  if min >= max{
    True
  }else{
    if test %  == 0 {
      divide_range(min + 1, max,test)
    }else{
      False
    }
  }
}

def smallest_multiple_rec(n:i64,curr:i64): i64{
  divide_range(1,n,curr).case{
    True => curr,
    False => smallest_multiple_rec(n,curr + 1)
  }
}

def smallest_multiple(n:i64): i64{
  smallest_multiple_rec(n,1)
}

def main_loop(iters:i64,n:i64): i64{
  let res:i64 = smallest_multiple(n);
  if iters == 1{
    println_i64(res);
    0
  }else {
    main_loop(iters - 1,n)
  }
}

def main(iters:i64,n:i64): i64{
  main_loop(iters, n)
}

INFO - got notification with method textDocument/didChange
INFO - loading text data Bool { True, False }

def divide_range(min:i64,max:i64,test:i64): Bool{
  if min >= max{
    True
  }else{
    if test % m == 0 {
      divide_range(min + 1, max,test)
    }else{
      False
    }
  }
}

def smallest_multiple_rec(n:i64,curr:i64): i64{
  divide_range(1,n,curr).case{
    True => curr,
    False => smallest_multiple_rec(n,curr + 1)
  }
}

def smallest_multiple(n:i64): i64{
  smallest_multiple_rec(n,1)
}

def main_loop(iters:i64,n:i64): i64{
  let res:i64 = smallest_multiple(n);
  if iters == 1{
    println_i64(res);
    0
  }else {
    main_loop(iters - 1,n)
  }
}

def main(iters:i64,n:i64): i64{
  main_loop(iters, n)
}

INFO - got notification with method textDocument/didChange
INFO - loading text data Bool { True, False }

def divide_range(min:i64,max:i64,test:i64): Bool{
  if min >= max{
    True
  }else{
    if test % min == 0 {
      divide_range(min + 1, max,test)
    }else{
      False
    }
  }
}

def smallest_multiple_rec(n:i64,curr:i64): i64{
  divide_range(1,n,curr).case{
    True => curr,
    False => smallest_multiple_rec(n,curr + 1)
  }
}

def smallest_multiple(n:i64): i64{
  smallest_multiple_rec(n,1)
}

def main_loop(iters:i64,n:i64): i64{
  let res:i64 = smallest_multiple(n);
  if iters == 1{
    println_i64(res);
    0
  }else {
    main_loop(iters - 1,n)
  }
}

def main(iters:i64,n:i64): i64{
  main_loop(iters, n)
}

INFO - shutting down server
