INFO - starting LSP server
INFO - got notification with method textDocument/didOpen
INFO - loading text 

INFO - got notification with method textDocument/didChange
INFO - loading text def 

INFO - got notification with method textDocument/didChange
INFO - loading text def ma

INFO - got notification with method textDocument/didChange
INFO - loading text def main

INFO - got notification with method textDocument/didChange
INFO - loading text def main(

INFO - got notification with method textDocument/didChange
INFO - loading text def main() 

INFO - got notification with method textDocument/didChange
INFO - loading text def main()

INFO - got notification with method textDocument/didChange
INFO - loading text def main() 

INFO - got notification with method textDocument/didChange
INFO - loading text def main() {

INFO - got notification with method textDocument/didChange
INFO - loading text def main() {


INFO - got notification with method textDocument/didChange
INFO - loading text def main() {
}

INFO - got notification with method textDocument/didChange
INFO - loading text def main(): {
}

INFO - got notification with method textDocument/didChange
INFO - loading text def main():  {
}

INFO - got notification with method textDocument/didChange
INFO - loading text def main(): i {
}

INFO - got notification with method textDocument/didChange
INFO - loading text def main(): i64 {
}

INFO - got notification with method textDocument/didChange
INFO - loading text def main(): i64  {
}

INFO - got notification with method textDocument/didChange
INFO - loading text def main(): i64 {
}

INFO - got notification with method textDocument/didChange
INFO - loading text def main(): i64 {

}

INFO - got notification with method textDocument/didChange
INFO - loading text def main(): i64 {
 
}

INFO - got notification with method textDocument/didChange
INFO - loading text def main(): i64 {
  0
}

INFO - got notification with method textDocument/didChange
INFO - loading text def main(i): i64 {
  0
}

INFO - got notification with method textDocument/didChange
INFO - loading text def main(it): i64 {
  0
}

INFO - got notification with method textDocument/didChange
INFO - loading text def main(iter): i64 {
  0
}

INFO - got notification with method textDocument/didChange
INFO - loading text def main(iters): i64 {
  0
}

INFO - got notification with method textDocument/didChange
INFO - loading text def main(iters:): i64 {
  0
}

INFO - got notification with method textDocument/didChange
INFO - loading text def main(iters:i): i64 {
  0
}

INFO - got notification with method textDocument/didChange
INFO - loading text def main(iters:i6): i64 {
  0
}

INFO - got notification with method textDocument/didChange
INFO - loading text def main(iters:i6,): i64 {
  0
}

INFO - got notification with method textDocument/didChange
INFO - loading text def main(iters:i6): i64 {
  0
}

INFO - got notification with method textDocument/didChange
INFO - loading text def main(iters:i63): i64 {
  0
}

INFO - got notification with method textDocument/didChange
INFO - loading text def main(iters:i6): i64 {
  0
}

INFO - got notification with method textDocument/didChange
INFO - loading text def main(iters:i64): i64 {
  0
}

INFO - got notification with method textDocument/didChange
INFO - loading text def main(iters:i64,): i64 {
  0
}

INFO - got notification with method textDocument/didChange
INFO - loading text def main(iters:i64,m): i64 {
  0
}

INFO - got notification with method textDocument/didChange
INFO - loading text def main(iters:i64,max): i64 {
  0
}

INFO - got notification with method textDocument/didChange
INFO - loading text def main(iters:i64,max:): i64 {
  0
}

INFO - got notification with method textDocument/didChange
INFO - loading text def main(iters:i64,max:6): i64 {
  0
}

INFO - got notification with method textDocument/didChange
INFO - loading text def main(iters:i64,max:6i4): i64 {
  0
}

INFO - got notification with method textDocument/didChange
INFO - loading text def main(iters:i64,max:i4): i64 {
  0
}

INFO - got notification with method textDocument/didChange
INFO - loading text def main(iters:i64,max:i64): i64 {
  0
}

INFO - got notification with method textDocument/didChange
INFO - loading text def main(iters:i64,max:i64): i64 {
  
}

INFO - got notification with method textDocument/didChange
INFO - loading text def main(iters:i64,max:i64): i64 {
  m
}

INFO - got notification with method textDocument/didChange
INFO - loading text def main(iters:i64,max:i64): i64 {
  ma
}

INFO - got notification with method textDocument/didChange
INFO - loading text def main(iters:i64,max:i64): i64 {
  main
}

INFO - got notification with method textDocument/didChange
INFO - loading text def main(iters:i64,max:i64): i64 {
  main_
}

INFO - got notification with method textDocument/didChange
INFO - loading text def main(iters:i64,max:i64): i64 {
  main
}

INFO - got notification with method textDocument/didChange
INFO - loading text def main(iters:i64,max:i64): i64 {
  m
}

INFO - got notification with method textDocument/didChange
INFO - loading text def main(iters:i64,max:i64): i64 {
  ma
}

INFO - got notification with method textDocument/didChange
INFO - loading text def main(iters:i64,max:i64): i64 {
  main
}

INFO - got notification with method textDocument/didChange
INFO - loading text def main(iters:i64,max:i64): i64 {
  main_
}

INFO - got notification with method textDocument/didChange
INFO - loading text def main(iters:i64,max:i64): i64 {
  main_l
}

INFO - got notification with method textDocument/didChange
INFO - loading text def main(iters:i64,max:i64): i64 {
  main_lo
}

INFO - got notification with method textDocument/didChange
INFO - loading text def main(iters:i64,max:i64): i64 {
  main_loo
}

INFO - got notification with method textDocument/didChange
INFO - loading text def main(iters:i64,max:i64): i64 {
  main_loop
}

INFO - got notification with method textDocument/didChange
INFO - loading text def main(iters:i64,max:i64): i64 {
  main_loop(
}

INFO - got notification with method textDocument/didChange
INFO - loading text def main(iters:i64,max:i64): i64 {
  main_loop(i
}

INFO - got notification with method textDocument/didChange
INFO - loading text def main(iters:i64,max:i64): i64 {
  main_loop(ite
}

INFO - got notification with method textDocument/didChange
INFO - loading text def main(iters:i64,max:i64): i64 {
  main_loop(iter
}

INFO - got notification with method textDocument/didChange
INFO - loading text def main(iters:i64,max:i64): i64 {
  main_loop(iteras
}

INFO - got notification with method textDocument/didChange
INFO - loading text def main(iters:i64,max:i64): i64 {
  main_loop(itera
}

INFO - got notification with method textDocument/didChange
INFO - loading text def main(iters:i64,max:i64): i64 {
  main_loop(iter
}

INFO - got notification with method textDocument/didChange
INFO - loading text def main(iters:i64,max:i64): i64 {
  main_loop(iters
}

INFO - got notification with method textDocument/didChange
INFO - loading text def main(iters:i64,max:i64): i64 {
  main_loop(iters,
}

INFO - got notification with method textDocument/didChange
INFO - loading text def main(iters:i64,max:i64): i64 {
  main_loop(iters,ma
}

INFO - got notification with method textDocument/didChange
INFO - loading text def main(iters:i64,max:i64): i64 {
  main_loop(iters,max
}

INFO - got notification with method textDocument/didChange
INFO - loading text def main(iters:i64,max:i64): i64 {
  main_loop(iters,max)
}

INFO - got notification with method textDocument/didChange
INFO - loading text 
def main(iters:i64,max:i64): i64 {
  main_loop(iters,max)
}

INFO - got notification with method textDocument/didChange
INFO - loading text d
def main(iters:i64,max:i64): i64 {
  main_loop(iters,max)
}

INFO - got notification with method textDocument/didChange
INFO - loading text de
def main(iters:i64,max:i64): i64 {
  main_loop(iters,max)
}

INFO - got notification with method textDocument/didChange
INFO - loading text def 
def main(iters:i64,max:i64): i64 {
  main_loop(iters,max)
}

INFO - got notification with method textDocument/didChange
INFO - loading text def ma
def main(iters:i64,max:i64): i64 {
  main_loop(iters,max)
}

INFO - got notification with method textDocument/didChange
INFO - loading text def main
def main(iters:i64,max:i64): i64 {
  main_loop(iters,max)
}

INFO - got notification with method textDocument/didChange
INFO - loading text def main_
def main(iters:i64,max:i64): i64 {
  main_loop(iters,max)
}

INFO - got notification with method textDocument/didChange
INFO - loading text def main_l
def main(iters:i64,max:i64): i64 {
  main_loop(iters,max)
}

INFO - got notification with method textDocument/didChange
INFO - loading text def main_lo
def main(iters:i64,max:i64): i64 {
  main_loop(iters,max)
}

INFO - got notification with method textDocument/didChange
INFO - loading text def main_loo
def main(iters:i64,max:i64): i64 {
  main_loop(iters,max)
}

INFO - got notification with method textDocument/didChange
INFO - loading text def main_loop
def main(iters:i64,max:i64): i64 {
  main_loop(iters,max)
}

INFO - got notification with method textDocument/didChange
INFO - loading text def main_loop(
def main(iters:i64,max:i64): i64 {
  main_loop(iters,max)
}

INFO - got notification with method textDocument/didChange
INFO - loading text def main_loop(i
def main(iters:i64,max:i64): i64 {
  main_loop(iters,max)
}

INFO - got notification with method textDocument/didChange
INFO - loading text def main_loop(it
def main(iters:i64,max:i64): i64 {
  main_loop(iters,max)
}

INFO - got notification with method textDocument/didChange
INFO - loading text def main_loop(iter
def main(iters:i64,max:i64): i64 {
  main_loop(iters,max)
}

INFO - got notification with method textDocument/didChange
INFO - loading text def main_loop(iters
def main(iters:i64,max:i64): i64 {
  main_loop(iters,max)
}

INFO - got notification with method textDocument/didChange
INFO - loading text def main_loop(iters:
def main(iters:i64,max:i64): i64 {
  main_loop(iters,max)
}

INFO - got notification with method textDocument/didChange
INFO - loading text def main_loop(iters:i
def main(iters:i64,max:i64): i64 {
  main_loop(iters,max)
}

INFO - got notification with method textDocument/didChange
INFO - loading text def main_loop(iters:i6
def main(iters:i64,max:i64): i64 {
  main_loop(iters,max)
}

INFO - got notification with method textDocument/didChange
INFO - loading text def main_loop(iters:i64,
def main(iters:i64,max:i64): i64 {
  main_loop(iters,max)
}

INFO - got notification with method textDocument/didChange
INFO - loading text def main_loop(iters:i64,m
def main(iters:i64,max:i64): i64 {
  main_loop(iters,max)
}

INFO - got notification with method textDocument/didChange
INFO - loading text def main_loop(iters:i64,max
def main(iters:i64,max:i64): i64 {
  main_loop(iters,max)
}

INFO - got notification with method textDocument/didChange
INFO - loading text def main_loop(iters:i64,max:
def main(iters:i64,max:i64): i64 {
  main_loop(iters,max)
}

INFO - got notification with method textDocument/didChange
INFO - loading text def main_loop(iters:i64,max:i
def main(iters:i64,max:i64): i64 {
  main_loop(iters,max)
}

INFO - got notification with method textDocument/didChange
INFO - loading text def main_loop(iters:i64,max:i6
def main(iters:i64,max:i64): i64 {
  main_loop(iters,max)
}

INFO - got notification with method textDocument/didChange
INFO - loading text def main_loop(iters:i64,max:i6)
def main(iters:i64,max:i64): i64 {
  main_loop(iters,max)
}

INFO - got notification with method textDocument/didChange
INFO - loading text def main_loop(iters:i64,max:i6
def main(iters:i64,max:i64): i64 {
  main_loop(iters,max)
}

INFO - got notification with method textDocument/didChange
INFO - loading text def main_loop(iters:i64,max:i65
def main(iters:i64,max:i64): i64 {
  main_loop(iters,max)
}

INFO - got notification with method textDocument/didChange
INFO - loading text def main_loop(iters:i64,max:i6
def main(iters:i64,max:i64): i64 {
  main_loop(iters,max)
}

INFO - got notification with method textDocument/didChange
INFO - loading text def main_loop(iters:i64,max:i64
def main(iters:i64,max:i64): i64 {
  main_loop(iters,max)
}

INFO - got notification with method textDocument/didChange
INFO - loading text def main_loop(iters:i64,max:i64);
def main(iters:i64,max:i64): i64 {
  main_loop(iters,max)
}

INFO - got notification with method textDocument/didChange
INFO - loading text def main_loop(iters:i64,max:i64)
def main(iters:i64,max:i64): i64 {
  main_loop(iters,max)
}

INFO - got notification with method textDocument/didChange
INFO - loading text def main_loop(iters:i64,max:i64):
def main(iters:i64,max:i64): i64 {
  main_loop(iters,max)
}

INFO - got notification with method textDocument/didChange
INFO - loading text def main_loop(iters:i64,max:i64): 
def main(iters:i64,max:i64): i64 {
  main_loop(iters,max)
}

INFO - got notification with method textDocument/didChange
INFO - loading text def main_loop(iters:i64,max:i64): i
def main(iters:i64,max:i64): i64 {
  main_loop(iters,max)
}

INFO - got notification with method textDocument/didChange
INFO - loading text def main_loop(iters:i64,max:i64): i64
def main(iters:i64,max:i64): i64 {
  main_loop(iters,max)
}

INFO - got notification with method textDocument/didChange
INFO - loading text def main_loop(iters:i64,max:i64): i64{
def main(iters:i64,max:i64): i64 {
  main_loop(iters,max)
}

INFO - got notification with method textDocument/didChange
INFO - loading text def main_loop(iters:i64,max:i64): i64{

def main(iters:i64,max:i64): i64 {
  main_loop(iters,max)
}

INFO - got notification with method textDocument/didChange
INFO - loading text def main_loop(iters:i64,max:i64): i64{
}
def main(iters:i64,max:i64): i64 {
  main_loop(iters,max)
}

INFO - got notification with method textDocument/didChange
INFO - loading text def main_loop(iters:i64,max:i64): i64{
}

def main(iters:i64,max:i64): i64 {
  main_loop(iters,max)
}

INFO - got notification with method textDocument/didChange
INFO - loading text def main_loop(iters:i64,max:i64): i64{

}

def main(iters:i64,max:i64): i64 {
  main_loop(iters,max)
}

INFO - got notification with method textDocument/didChange
INFO - loading text def main_loop(iters:i64,max:i64): i64{
 
}

def main(iters:i64,max:i64): i64 {
  main_loop(iters,max)
}

INFO - got notification with method textDocument/didChange
INFO - loading text def main_loop(iters:i64,max:i64): i64{
  
}

def main(iters:i64,max:i64): i64 {
  main_loop(iters,max)
}

INFO - got notification with method textDocument/didChange
INFO - loading text def main_loop(iters:i64,max:i64): i64{
  i
}

def main(iters:i64,max:i64): i64 {
  main_loop(iters,max)
}

INFO - got notification with method textDocument/didChange
INFO - loading text def main_loop(iters:i64,max:i64): i64{
  if 
}

def main(iters:i64,max:i64): i64 {
  main_loop(iters,max)
}

INFO - got notification with method textDocument/didChange
INFO - loading text def main_loop(iters:i64,max:i64): i64{
  if i
}

def main(iters:i64,max:i64): i64 {
  main_loop(iters,max)
}

INFO - got notification with method textDocument/didChange
INFO - loading text def main_loop(iters:i64,max:i64): i64{
  if ite
}

def main(iters:i64,max:i64): i64 {
  main_loop(iters,max)
}

INFO - got notification with method textDocument/didChange
INFO - loading text def main_loop(iters:i64,max:i64): i64{
  if iters
}

def main(iters:i64,max:i64): i64 {
  main_loop(iters,max)
}

INFO - got notification with method textDocument/didChange
INFO - loading text def main_loop(iters:i64,max:i64): i64{
  if iters=
}

def main(iters:i64,max:i64): i64 {
  main_loop(iters,max)
}

INFO - got notification with method textDocument/didChange
INFO - loading text def main_loop(iters:i64,max:i64): i64{
  if iters= 
}

def main(iters:i64,max:i64): i64 {
  main_loop(iters,max)
}

INFO - got notification with method textDocument/didChange
INFO - loading text def main_loop(iters:i64,max:i64): i64{
  if iters=
}

def main(iters:i64,max:i64): i64 {
  main_loop(iters,max)
}

INFO - got notification with method textDocument/didChange
INFO - loading text def main_loop(iters:i64,max:i64): i64{
  if iters
}

def main(iters:i64,max:i64): i64 {
  main_loop(iters,max)
}

INFO - got notification with method textDocument/didChange
INFO - loading text def main_loop(iters:i64,max:i64): i64{
  if iters 
}

def main(iters:i64,max:i64): i64 {
  main_loop(iters,max)
}

INFO - got notification with method textDocument/didChange
INFO - loading text def main_loop(iters:i64,max:i64): i64{
  if iters =
}

def main(iters:i64,max:i64): i64 {
  main_loop(iters,max)
}

INFO - got notification with method textDocument/didChange
INFO - loading text def main_loop(iters:i64,max:i64): i64{
  if iters == 
}

def main(iters:i64,max:i64): i64 {
  main_loop(iters,max)
}

INFO - got notification with method textDocument/didChange
INFO - loading text def main_loop(iters:i64,max:i64): i64{
  if iters == 0
}

def main(iters:i64,max:i64): i64 {
  main_loop(iters,max)
}

INFO - got notification with method textDocument/didChange
INFO - loading text def main_loop(iters:i64,max:i64): i64{
  if iters == 0{
}

def main(iters:i64,max:i64): i64 {
  main_loop(iters,max)
}

INFO - got notification with method textDocument/didChange
INFO - loading text def main_loop(iters:i64,max:i64): i64{
  if iters == 0{
  
}

def main(iters:i64,max:i64): i64 {
  main_loop(iters,max)
}

INFO - got notification with method textDocument/didChange
INFO - loading text def main_loop(iters:i64,max:i64): i64{
  if iters == 0{
   
}

def main(iters:i64,max:i64): i64 {
  main_loop(iters,max)
}

INFO - got notification with method textDocument/didChange
INFO - loading text def main_loop(iters:i64,max:i64): i64{
  if iters == 0{
   r
}

def main(iters:i64,max:i64): i64 {
  main_loop(iters,max)
}

INFO - got notification with method textDocument/didChange
INFO - loading text def main_loop(iters:i64,max:i64): i64{
  if iters == 0{
   res
}

def main(iters:i64,max:i64): i64 {
  main_loop(iters,max)
}

INFO - got notification with method textDocument/didChange
INFO - loading text def main_loop(iters:i64,max:i64): i64{
  if iters == 0{
   re
}

def main(iters:i64,max:i64): i64 {
  main_loop(iters,max)
}

INFO - got notification with method textDocument/didChange
INFO - loading text def main_loop(iters:i64,max:i64): i64{
  if iters == 0{
   r
}

def main(iters:i64,max:i64): i64 {
  main_loop(iters,max)
}

INFO - got notification with method textDocument/didChange
INFO - loading text def main_loop(iters:i64,max:i64): i64{
  if iters == 0{
   
}

def main(iters:i64,max:i64): i64 {
  main_loop(iters,max)
}

INFO - got notification with method textDocument/didChange
INFO - loading text def main_loop(iters:i64,max:i64): i64{
  if iters == 0{
  
}

def main(iters:i64,max:i64): i64 {
  main_loop(iters,max)
}

INFO - got notification with method textDocument/didChange
INFO - loading text def main_loop(iters:i64,max:i64): i64{
  if iters == 0{
   
}

def main(iters:i64,max:i64): i64 {
  main_loop(iters,max)
}

INFO - got notification with method textDocument/didChange
INFO - loading text def main_loop(iters:i64,max:i64): i64{
  if iters == 0{
    
}

def main(iters:i64,max:i64): i64 {
  main_loop(iters,max)
}

INFO - got notification with method textDocument/didChange
INFO - loading text def main_loop(iters:i64,max:i64): i64{
  if iters == 0{
    res
}

def main(iters:i64,max:i64): i64 {
  main_loop(iters,max)
}

INFO - got notification with method textDocument/didChange
INFO - loading text def main_loop(iters:i64,max:i64): i64{
  if iters == 0{
    res
    
}

def main(iters:i64,max:i64): i64 {
  main_loop(iters,max)
}

INFO - got notification with method textDocument/didChange
INFO - loading text def main_loop(iters:i64,max:i64): i64{
  if iters == 0{
    res
    }
}

def main(iters:i64,max:i64): i64 {
  main_loop(iters,max)
}

INFO - got notification with method textDocument/didChange
INFO - loading text def main_loop(iters:i64,max:i64): i64{
  if iters == 0{
    res
    
}

def main(iters:i64,max:i64): i64 {
  main_loop(iters,max)
}

INFO - got notification with method textDocument/didChange
INFO - loading text def main_loop(iters:i64,max:i64): i64{
  if iters == 0{
    res
  
}

def main(iters:i64,max:i64): i64 {
  main_loop(iters,max)
}

INFO - got notification with method textDocument/didChange
INFO - loading text def main_loop(iters:i64,max:i64): i64{
  if iters == 0{
    res
  }
}

def main(iters:i64,max:i64): i64 {
  main_loop(iters,max)
}

INFO - got notification with method textDocument/didChange
INFO - loading text def main_loop(iters:i64,max:i64): i64{
  if iters == 0{
    res
  } 
}

def main(iters:i64,max:i64): i64 {
  main_loop(iters,max)
}

INFO - got notification with method textDocument/didChange
INFO - loading text def main_loop(iters:i64,max:i64): i64{
  if iters == 0{
    res
  } e
}

def main(iters:i64,max:i64): i64 {
  main_loop(iters,max)
}

INFO - got notification with method textDocument/didChange
INFO - loading text def main_loop(iters:i64,max:i64): i64{
  if iters == 0{
    res
  } el
}

def main(iters:i64,max:i64): i64 {
  main_loop(iters,max)
}

INFO - got notification with method textDocument/didChange
INFO - loading text def main_loop(iters:i64,max:i64): i64{
  if iters == 0{
    res
  } else
}

def main(iters:i64,max:i64): i64 {
  main_loop(iters,max)
}

INFO - got notification with method textDocument/didChange
INFO - loading text def main_loop(iters:i64,max:i64): i64{
  if iters == 0{
    res
  } else 
}

def main(iters:i64,max:i64): i64 {
  main_loop(iters,max)
}

INFO - got notification with method textDocument/didChange
INFO - loading text def main_loop(iters:i64,max:i64): i64{
  if iters == 0{
    res
  } else {
}

def main(iters:i64,max:i64): i64 {
  main_loop(iters,max)
}

INFO - got notification with method textDocument/didChange
INFO - loading text def main_loop(iters:i64,max:i64): i64{
  if iters == 0{
    res
  } else {
  
}

def main(iters:i64,max:i64): i64 {
  main_loop(iters,max)
}

INFO - got notification with method textDocument/didChange
INFO - loading text def main_loop(iters:i64,max:i64): i64{
  if iters == 0{
    res
  } else {
  }
}

def main(iters:i64,max:i64): i64 {
  main_loop(iters,max)
}

INFO - got notification with method textDocument/didChange
INFO - loading text def main_loop(iters:i64,max:i64): i64{
  if iters == 0{
    res
  } else {
  
  }
}

def main(iters:i64,max:i64): i64 {
  main_loop(iters,max)
}

INFO - got notification with method textDocument/didChange
INFO - loading text def main_loop(iters:i64,max:i64): i64{
  if iters == 0{
    res
  } else {
   
  }
}

def main(iters:i64,max:i64): i64 {
  main_loop(iters,max)
}

INFO - got notification with method textDocument/didChange
INFO - loading text def main_loop(iters:i64,max:i64): i64{
  if iters == 0{
    res
  } else {
    
  }
}

def main(iters:i64,max:i64): i64 {
  main_loop(iters,max)
}

INFO - got notification with method textDocument/didChange
INFO - loading text def main_loop(iters:i64,max:i64): i64{
  if iters == 0{
    res
  } else {
    m
  }
}

def main(iters:i64,max:i64): i64 {
  main_loop(iters,max)
}

INFO - got notification with method textDocument/didChange
INFO - loading text def main_loop(iters:i64,max:i64): i64{
  if iters == 0{
    res
  } else {
    ma
  }
}

def main(iters:i64,max:i64): i64 {
  main_loop(iters,max)
}

INFO - got notification with method textDocument/didChange
INFO - loading text def main_loop(iters:i64,max:i64): i64{
  if iters == 0{
    res
  } else {
    main
  }
}

def main(iters:i64,max:i64): i64 {
  main_loop(iters,max)
}

INFO - got notification with method textDocument/didChange
INFO - loading text def main_loop(iters:i64,max:i64): i64{
  if iters == 0{
    res
  } else {
    main_
  }
}

def main(iters:i64,max:i64): i64 {
  main_loop(iters,max)
}

INFO - got notification with method textDocument/didChange
INFO - loading text def main_loop(iters:i64,max:i64): i64{
  if iters == 0{
    res
  } else {
    main_l
  }
}

def main(iters:i64,max:i64): i64 {
  main_loop(iters,max)
}

INFO - got notification with method textDocument/didChange
INFO - loading text def main_loop(iters:i64,max:i64): i64{
  if iters == 0{
    res
  } else {
    main_lo
  }
}

def main(iters:i64,max:i64): i64 {
  main_loop(iters,max)
}

INFO - got notification with method textDocument/didChange
INFO - loading text def main_loop(iters:i64,max:i64): i64{
  if iters == 0{
    res
  } else {
    main_loo
  }
}

def main(iters:i64,max:i64): i64 {
  main_loop(iters,max)
}

INFO - got notification with method textDocument/didChange
INFO - loading text def main_loop(iters:i64,max:i64): i64{
  if iters == 0{
    res
  } else {
    main_loop
  }
}

def main(iters:i64,max:i64): i64 {
  main_loop(iters,max)
}

INFO - got notification with method textDocument/didChange
INFO - loading text def main_loop(iters:i64,max:i64): i64{
  if iters == 0{
    res
  } else {
    main_loop(
  }
}

def main(iters:i64,max:i64): i64 {
  main_loop(iters,max)
}

INFO - got notification with method textDocument/didChange
INFO - loading text def main_loop(iters:i64,max:i64): i64{
  if iters == 0{
    res
  } else {
    main_loop(i
  }
}

def main(iters:i64,max:i64): i64 {
  main_loop(iters,max)
}

INFO - got notification with method textDocument/didChange
INFO - loading text def main_loop(iters:i64,max:i64): i64{
  if iters == 0{
    res
  } else {
    main_loop(it
  }
}

def main(iters:i64,max:i64): i64 {
  main_loop(iters,max)
}

INFO - got notification with method textDocument/didChange
INFO - loading text def main_loop(iters:i64,max:i64): i64{
  if iters == 0{
    res
  } else {
    main_loop(iter
  }
}

def main(iters:i64,max:i64): i64 {
  main_loop(iters,max)
}

INFO - got notification with method textDocument/didChange
INFO - loading text def main_loop(iters:i64,max:i64): i64{
  if iters == 0{
    res
  } else {
    main_loop(iters
  }
}

def main(iters:i64,max:i64): i64 {
  main_loop(iters,max)
}

INFO - got notification with method textDocument/didChange
INFO - loading text def main_loop(iters:i64,max:i64): i64{
  if iters == 0{
    res
  } else {
    main_loop(iters 
  }
}

def main(iters:i64,max:i64): i64 {
  main_loop(iters,max)
}

INFO - got notification with method textDocument/didChange
INFO - loading text def main_loop(iters:i64,max:i64): i64{
  if iters == 0{
    res
  } else {
    main_loop(iters -
  }
}

def main(iters:i64,max:i64): i64 {
  main_loop(iters,max)
}

INFO - got notification with method textDocument/didChange
INFO - loading text def main_loop(iters:i64,max:i64): i64{
  if iters == 0{
    res
  } else {
    main_loop(iters - 
  }
}

def main(iters:i64,max:i64): i64 {
  main_loop(iters,max)
}

INFO - got notification with method textDocument/didChange
INFO - loading text def main_loop(iters:i64,max:i64): i64{
  if iters == 0{
    res
  } else {
    main_loop(iters - 1
  }
}

def main(iters:i64,max:i64): i64 {
  main_loop(iters,max)
}

INFO - got notification with method textDocument/didChange
INFO - loading text def main_loop(iters:i64,max:i64): i64{
  if iters == 0{
    res
  } else {
    main_loop(iters - 1, 
  }
}

def main(iters:i64,max:i64): i64 {
  main_loop(iters,max)
}

INFO - got notification with method textDocument/didChange
INFO - loading text def main_loop(iters:i64,max:i64): i64{
  if iters == 0{
    res
  } else {
    main_loop(iters - 1, m
  }
}

def main(iters:i64,max:i64): i64 {
  main_loop(iters,max)
}

INFO - got notification with method textDocument/didChange
INFO - loading text def main_loop(iters:i64,max:i64): i64{
  if iters == 0{
    res
  } else {
    main_loop(iters - 1, ma
  }
}

def main(iters:i64,max:i64): i64 {
  main_loop(iters,max)
}

INFO - got notification with method textDocument/didChange
INFO - loading text def main_loop(iters:i64,max:i64): i64{
  if iters == 0{
    res
  } else {
    main_loop(iters - 1, max
  }
}

def main(iters:i64,max:i64): i64 {
  main_loop(iters,max)
}

INFO - got notification with method textDocument/didChange
INFO - loading text def main_loop(iters:i64,max:i64): i64{
  if iters == 0{
    res
  } else {
    main_loop(iters - 1, max)
  }
}

def main(iters:i64,max:i64): i64 {
  main_loop(iters,max)
}

INFO - got notification with method textDocument/didChange
INFO - loading text def main_loop(iters:i64,max:i64): i64{

  if iters == 0{
    res
  } else {
    main_loop(iters - 1, max)
  }
}

def main(iters:i64,max:i64): i64 {
  main_loop(iters,max)
}

INFO - got notification with method textDocument/didChange
INFO - loading text def main_loop(iters:i64,max:i64): i64{
l
  if iters == 0{
    res
  } else {
    main_loop(iters - 1, max)
  }
}

def main(iters:i64,max:i64): i64 {
  main_loop(iters,max)
}

INFO - got notification with method textDocument/didChange
INFO - loading text def main_loop(iters:i64,max:i64): i64{

  if iters == 0{
    res
  } else {
    main_loop(iters - 1, max)
  }
}

def main(iters:i64,max:i64): i64 {
  main_loop(iters,max)
}

INFO - got notification with method textDocument/didChange
INFO - loading text def main_loop(iters:i64,max:i64): i64{
  
  if iters == 0{
    res
  } else {
    main_loop(iters - 1, max)
  }
}

def main(iters:i64,max:i64): i64 {
  main_loop(iters,max)
}

INFO - got notification with method textDocument/didChange
INFO - loading text def main_loop(iters:i64,max:i64): i64{
  l
  if iters == 0{
    res
  } else {
    main_loop(iters - 1, max)
  }
}

def main(iters:i64,max:i64): i64 {
  main_loop(iters,max)
}

INFO - got notification with method textDocument/didChange
INFO - loading text def main_loop(iters:i64,max:i64): i64{
  let 
  if iters == 0{
    res
  } else {
    main_loop(iters - 1, max)
  }
}

def main(iters:i64,max:i64): i64 {
  main_loop(iters,max)
}

INFO - got notification with method textDocument/didChange
INFO - loading text def main_loop(iters:i64,max:i64): i64{
  let r
  if iters == 0{
    res
  } else {
    main_loop(iters - 1, max)
  }
}

def main(iters:i64,max:i64): i64 {
  main_loop(iters,max)
}

INFO - got notification with method textDocument/didChange
INFO - loading text def main_loop(iters:i64,max:i64): i64{
  let res
  if iters == 0{
    res
  } else {
    main_loop(iters - 1, max)
  }
}

def main(iters:i64,max:i64): i64 {
  main_loop(iters,max)
}

INFO - got notification with method textDocument/didChange
INFO - loading text def main_loop(iters:i64,max:i64): i64{
  let res:
  if iters == 0{
    res
  } else {
    main_loop(iters - 1, max)
  }
}

def main(iters:i64,max:i64): i64 {
  main_loop(iters,max)
}

INFO - got notification with method textDocument/didChange
INFO - loading text def main_loop(iters:i64,max:i64): i64{
  let res: 
  if iters == 0{
    res
  } else {
    main_loop(iters - 1, max)
  }
}

def main(iters:i64,max:i64): i64 {
  main_loop(iters,max)
}

INFO - got notification with method textDocument/didChange
INFO - loading text def main_loop(iters:i64,max:i64): i64{
  let res: i
  if iters == 0{
    res
  } else {
    main_loop(iters - 1, max)
  }
}

def main(iters:i64,max:i64): i64 {
  main_loop(iters,max)
}

INFO - got notification with method textDocument/didChange
INFO - loading text def main_loop(iters:i64,max:i64): i64{
  let res: i64
  if iters == 0{
    res
  } else {
    main_loop(iters - 1, max)
  }
}

def main(iters:i64,max:i64): i64 {
  main_loop(iters,max)
}

INFO - got notification with method textDocument/didChange
INFO - loading text def main_loop(iters:i64,max:i64): i64{
  let res: i64 
  if iters == 0{
    res
  } else {
    main_loop(iters - 1, max)
  }
}

def main(iters:i64,max:i64): i64 {
  main_loop(iters,max)
}

INFO - got notification with method textDocument/didChange
INFO - loading text def main_loop(iters:i64,max:i64): i64{
  let res: i64 = 
  if iters == 0{
    res
  } else {
    main_loop(iters - 1, max)
  }
}

def main(iters:i64,max:i64): i64 {
  main_loop(iters,max)
}

INFO - got notification with method textDocument/didChange
INFO - loading text def main_loop(iters:i64,max:i64): i64{
  let res: i64 = s
  if iters == 0{
    res
  } else {
    main_loop(iters - 1, max)
  }
}

def main(iters:i64,max:i64): i64 {
  main_loop(iters,max)
}

INFO - got notification with method textDocument/didChange
INFO - loading text def main_loop(iters:i64,max:i64): i64{
  let res: i64 = su
  if iters == 0{
    res
  } else {
    main_loop(iters - 1, max)
  }
}

def main(iters:i64,max:i64): i64 {
  main_loop(iters,max)
}

INFO - got notification with method textDocument/didChange
INFO - loading text def main_loop(iters:i64,max:i64): i64{
  let res: i64 = sum
  if iters == 0{
    res
  } else {
    main_loop(iters - 1, max)
  }
}

def main(iters:i64,max:i64): i64 {
  main_loop(iters,max)
}

INFO - got notification with method textDocument/didChange
INFO - loading text def main_loop(iters:i64,max:i64): i64{
  let res: i64 = sum_
  if iters == 0{
    res
  } else {
    main_loop(iters - 1, max)
  }
}

def main(iters:i64,max:i64): i64 {
  main_loop(iters,max)
}

INFO - got notification with method textDocument/didChange
INFO - loading text def main_loop(iters:i64,max:i64): i64{
  let res: i64 = sum_f
  if iters == 0{
    res
  } else {
    main_loop(iters - 1, max)
  }
}

def main(iters:i64,max:i64): i64 {
  main_loop(iters,max)
}

INFO - got notification with method textDocument/didChange
INFO - loading text def main_loop(iters:i64,max:i64): i64{
  let res: i64 = sum_fi
  if iters == 0{
    res
  } else {
    main_loop(iters - 1, max)
  }
}

def main(iters:i64,max:i64): i64 {
  main_loop(iters,max)
}

INFO - got notification with method textDocument/didChange
INFO - loading text def main_loop(iters:i64,max:i64): i64{
  let res: i64 = sum_fib
  if iters == 0{
    res
  } else {
    main_loop(iters - 1, max)
  }
}

def main(iters:i64,max:i64): i64 {
  main_loop(iters,max)
}

INFO - got notification with method textDocument/didChange
INFO - loading text def main_loop(iters:i64,max:i64): i64{
  let res: i64 = sum_fib(
  if iters == 0{
    res
  } else {
    main_loop(iters - 1, max)
  }
}

def main(iters:i64,max:i64): i64 {
  main_loop(iters,max)
}

INFO - got notification with method textDocument/didChange
INFO - loading text def main_loop(iters:i64,max:i64): i64{
  let res: i64 = sum_fib(m
  if iters == 0{
    res
  } else {
    main_loop(iters - 1, max)
  }
}

def main(iters:i64,max:i64): i64 {
  main_loop(iters,max)
}

INFO - got notification with method textDocument/didChange
INFO - loading text def main_loop(iters:i64,max:i64): i64{
  let res: i64 = sum_fib(max
  if iters == 0{
    res
  } else {
    main_loop(iters - 1, max)
  }
}

def main(iters:i64,max:i64): i64 {
  main_loop(iters,max)
}

INFO - got notification with method textDocument/didChange
INFO - loading text def main_loop(iters:i64,max:i64): i64{
  let res: i64 = sum_fib(max)
  if iters == 0{
    res
  } else {
    main_loop(iters - 1, max)
  }
}

def main(iters:i64,max:i64): i64 {
  main_loop(iters,max)
}

INFO - got notification with method textDocument/didChange
INFO - loading text def main_loop(iters:i64,max:i64): i64{
  let res: i64 = sum_fib(max);
  if iters == 0{
    res
  } else {
    main_loop(iters - 1, max)
  }
}

def main(iters:i64,max:i64): i64 {
  main_loop(iters,max)
}

INFO - got notification with method textDocument/didChange
INFO - loading text 
def main_loop(iters:i64,max:i64): i64{
  let res: i64 = sum_fib(max);
  if iters == 0{
    res
  } else {
    main_loop(iters - 1, max)
  }
}

def main(iters:i64,max:i64): i64 {
  main_loop(iters,max)
}

INFO - got notification with method textDocument/didChange
INFO - loading text d
def main_loop(iters:i64,max:i64): i64{
  let res: i64 = sum_fib(max);
  if iters == 0{
    res
  } else {
    main_loop(iters - 1, max)
  }
}

def main(iters:i64,max:i64): i64 {
  main_loop(iters,max)
}

INFO - got notification with method textDocument/didChange
INFO - loading text de
def main_loop(iters:i64,max:i64): i64{
  let res: i64 = sum_fib(max);
  if iters == 0{
    res
  } else {
    main_loop(iters - 1, max)
  }
}

def main(iters:i64,max:i64): i64 {
  main_loop(iters,max)
}

INFO - got notification with method textDocument/didChange
INFO - loading text def 
def main_loop(iters:i64,max:i64): i64{
  let res: i64 = sum_fib(max);
  if iters == 0{
    res
  } else {
    main_loop(iters - 1, max)
  }
}

def main(iters:i64,max:i64): i64 {
  main_loop(iters,max)
}

INFO - got notification with method textDocument/didChange
INFO - loading text def s
def main_loop(iters:i64,max:i64): i64{
  let res: i64 = sum_fib(max);
  if iters == 0{
    res
  } else {
    main_loop(iters - 1, max)
  }
}

def main(iters:i64,max:i64): i64 {
  main_loop(iters,max)
}

INFO - got notification with method textDocument/didChange
INFO - loading text def su
def main_loop(iters:i64,max:i64): i64{
  let res: i64 = sum_fib(max);
  if iters == 0{
    res
  } else {
    main_loop(iters - 1, max)
  }
}

def main(iters:i64,max:i64): i64 {
  main_loop(iters,max)
}

INFO - got notification with method textDocument/didChange
INFO - loading text def sum
def main_loop(iters:i64,max:i64): i64{
  let res: i64 = sum_fib(max);
  if iters == 0{
    res
  } else {
    main_loop(iters - 1, max)
  }
}

def main(iters:i64,max:i64): i64 {
  main_loop(iters,max)
}

INFO - got notification with method textDocument/didChange
INFO - loading text def sum_
def main_loop(iters:i64,max:i64): i64{
  let res: i64 = sum_fib(max);
  if iters == 0{
    res
  } else {
    main_loop(iters - 1, max)
  }
}

def main(iters:i64,max:i64): i64 {
  main_loop(iters,max)
}

INFO - got notification with method textDocument/didChange
INFO - loading text def sum_fu
def main_loop(iters:i64,max:i64): i64{
  let res: i64 = sum_fib(max);
  if iters == 0{
    res
  } else {
    main_loop(iters - 1, max)
  }
}

def main(iters:i64,max:i64): i64 {
  main_loop(iters,max)
}

INFO - got notification with method textDocument/didChange
INFO - loading text def sum_f
def main_loop(iters:i64,max:i64): i64{
  let res: i64 = sum_fib(max);
  if iters == 0{
    res
  } else {
    main_loop(iters - 1, max)
  }
}

def main(iters:i64,max:i64): i64 {
  main_loop(iters,max)
}

INFO - got notification with method textDocument/didChange
INFO - loading text def sum_fi
def main_loop(iters:i64,max:i64): i64{
  let res: i64 = sum_fib(max);
  if iters == 0{
    res
  } else {
    main_loop(iters - 1, max)
  }
}

def main(iters:i64,max:i64): i64 {
  main_loop(iters,max)
}

INFO - got notification with method textDocument/didChange
INFO - loading text def sum_fib
def main_loop(iters:i64,max:i64): i64{
  let res: i64 = sum_fib(max);
  if iters == 0{
    res
  } else {
    main_loop(iters - 1, max)
  }
}

def main(iters:i64,max:i64): i64 {
  main_loop(iters,max)
}

INFO - got notification with method textDocument/didChange
INFO - loading text def sum_fib(
def main_loop(iters:i64,max:i64): i64{
  let res: i64 = sum_fib(max);
  if iters == 0{
    res
  } else {
    main_loop(iters - 1, max)
  }
}

def main(iters:i64,max:i64): i64 {
  main_loop(iters,max)
}

INFO - got notification with method textDocument/didChange
INFO - loading text def sum_fib(m
def main_loop(iters:i64,max:i64): i64{
  let res: i64 = sum_fib(max);
  if iters == 0{
    res
  } else {
    main_loop(iters - 1, max)
  }
}

def main(iters:i64,max:i64): i64 {
  main_loop(iters,max)
}

INFO - got notification with method textDocument/didChange
INFO - loading text def sum_fib(max
def main_loop(iters:i64,max:i64): i64{
  let res: i64 = sum_fib(max);
  if iters == 0{
    res
  } else {
    main_loop(iters - 1, max)
  }
}

def main(iters:i64,max:i64): i64 {
  main_loop(iters,max)
}

INFO - got notification with method textDocument/didChange
INFO - loading text def sum_fib(max:
def main_loop(iters:i64,max:i64): i64{
  let res: i64 = sum_fib(max);
  if iters == 0{
    res
  } else {
    main_loop(iters - 1, max)
  }
}

def main(iters:i64,max:i64): i64 {
  main_loop(iters,max)
}

INFO - got notification with method textDocument/didChange
INFO - loading text def sum_fib(max:i
def main_loop(iters:i64,max:i64): i64{
  let res: i64 = sum_fib(max);
  if iters == 0{
    res
  } else {
    main_loop(iters - 1, max)
  }
}

def main(iters:i64,max:i64): i64 {
  main_loop(iters,max)
}

INFO - got notification with method textDocument/didChange
INFO - loading text def sum_fib(max:i6
def main_loop(iters:i64,max:i64): i64{
  let res: i64 = sum_fib(max);
  if iters == 0{
    res
  } else {
    main_loop(iters - 1, max)
  }
}

def main(iters:i64,max:i64): i64 {
  main_loop(iters,max)
}

INFO - got notification with method textDocument/didChange
INFO - loading text def sum_fib(max:i64
def main_loop(iters:i64,max:i64): i64{
  let res: i64 = sum_fib(max);
  if iters == 0{
    res
  } else {
    main_loop(iters - 1, max)
  }
}

def main(iters:i64,max:i64): i64 {
  main_loop(iters,max)
}

INFO - got notification with method textDocument/didChange
INFO - loading text def sum_fib(max:i64)
def main_loop(iters:i64,max:i64): i64{
  let res: i64 = sum_fib(max);
  if iters == 0{
    res
  } else {
    main_loop(iters - 1, max)
  }
}

def main(iters:i64,max:i64): i64 {
  main_loop(iters,max)
}

INFO - got notification with method textDocument/didChange
INFO - loading text def sum_fib(max:i64) 
def main_loop(iters:i64,max:i64): i64{
  let res: i64 = sum_fib(max);
  if iters == 0{
    res
  } else {
    main_loop(iters - 1, max)
  }
}

def main(iters:i64,max:i64): i64 {
  main_loop(iters,max)
}

INFO - got notification with method textDocument/didChange
INFO - loading text def sum_fib(max:i64)
def main_loop(iters:i64,max:i64): i64{
  let res: i64 = sum_fib(max);
  if iters == 0{
    res
  } else {
    main_loop(iters - 1, max)
  }
}

def main(iters:i64,max:i64): i64 {
  main_loop(iters,max)
}

INFO - got notification with method textDocument/didChange
INFO - loading text def sum_fib(max:i64):
def main_loop(iters:i64,max:i64): i64{
  let res: i64 = sum_fib(max);
  if iters == 0{
    res
  } else {
    main_loop(iters - 1, max)
  }
}

def main(iters:i64,max:i64): i64 {
  main_loop(iters,max)
}

INFO - got notification with method textDocument/didChange
INFO - loading text def sum_fib(max:i64): 
def main_loop(iters:i64,max:i64): i64{
  let res: i64 = sum_fib(max);
  if iters == 0{
    res
  } else {
    main_loop(iters - 1, max)
  }
}

def main(iters:i64,max:i64): i64 {
  main_loop(iters,max)
}

INFO - got notification with method textDocument/didChange
INFO - loading text def sum_fib(max:i64): i
def main_loop(iters:i64,max:i64): i64{
  let res: i64 = sum_fib(max);
  if iters == 0{
    res
  } else {
    main_loop(iters - 1, max)
  }
}

def main(iters:i64,max:i64): i64 {
  main_loop(iters,max)
}

INFO - got notification with method textDocument/didChange
INFO - loading text def sum_fib(max:i64): i654
def main_loop(iters:i64,max:i64): i64{
  let res: i64 = sum_fib(max);
  if iters == 0{
    res
  } else {
    main_loop(iters - 1, max)
  }
}

def main(iters:i64,max:i64): i64 {
  main_loop(iters,max)
}

INFO - got notification with method textDocument/didChange
INFO - loading text def sum_fib(max:i64): i65
def main_loop(iters:i64,max:i64): i64{
  let res: i64 = sum_fib(max);
  if iters == 0{
    res
  } else {
    main_loop(iters - 1, max)
  }
}

def main(iters:i64,max:i64): i64 {
  main_loop(iters,max)
}

INFO - got notification with method textDocument/didChange
INFO - loading text def sum_fib(max:i64): i6
def main_loop(iters:i64,max:i64): i64{
  let res: i64 = sum_fib(max);
  if iters == 0{
    res
  } else {
    main_loop(iters - 1, max)
  }
}

def main(iters:i64,max:i64): i64 {
  main_loop(iters,max)
}

INFO - got notification with method textDocument/didChange
INFO - loading text def sum_fib(max:i64): i64
def main_loop(iters:i64,max:i64): i64{
  let res: i64 = sum_fib(max);
  if iters == 0{
    res
  } else {
    main_loop(iters - 1, max)
  }
}

def main(iters:i64,max:i64): i64 {
  main_loop(iters,max)
}

INFO - got notification with method textDocument/didChange
INFO - loading text def sum_fib(max:i64): i645 
def main_loop(iters:i64,max:i64): i64{
  let res: i64 = sum_fib(max);
  if iters == 0{
    res
  } else {
    main_loop(iters - 1, max)
  }
}

def main(iters:i64,max:i64): i64 {
  main_loop(iters,max)
}

INFO - got notification with method textDocument/didChange
INFO - loading text def sum_fib(max:i64): i645 =
def main_loop(iters:i64,max:i64): i64{
  let res: i64 = sum_fib(max);
  if iters == 0{
    res
  } else {
    main_loop(iters - 1, max)
  }
}

def main(iters:i64,max:i64): i64 {
  main_loop(iters,max)
}

INFO - got notification with method textDocument/didChange
INFO - loading text def sum_fib(max:i64): i645 
def main_loop(iters:i64,max:i64): i64{
  let res: i64 = sum_fib(max);
  if iters == 0{
    res
  } else {
    main_loop(iters - 1, max)
  }
}

def main(iters:i64,max:i64): i64 {
  main_loop(iters,max)
}

INFO - got notification with method textDocument/didChange
INFO - loading text def sum_fib(max:i64): i645
def main_loop(iters:i64,max:i64): i64{
  let res: i64 = sum_fib(max);
  if iters == 0{
    res
  } else {
    main_loop(iters - 1, max)
  }
}

def main(iters:i64,max:i64): i64 {
  main_loop(iters,max)
}

INFO - got notification with method textDocument/didChange
INFO - loading text def sum_fib(max:i64): i64
def main_loop(iters:i64,max:i64): i64{
  let res: i64 = sum_fib(max);
  if iters == 0{
    res
  } else {
    main_loop(iters - 1, max)
  }
}

def main(iters:i64,max:i64): i64 {
  main_loop(iters,max)
}

INFO - got notification with method textDocument/didChange
INFO - loading text def sum_fib(max:i64): i64 
def main_loop(iters:i64,max:i64): i64{
  let res: i64 = sum_fib(max);
  if iters == 0{
    res
  } else {
    main_loop(iters - 1, max)
  }
}

def main(iters:i64,max:i64): i64 {
  main_loop(iters,max)
}

INFO - got notification with method textDocument/didChange
INFO - loading text def sum_fib(max:i64): i64 {
def main_loop(iters:i64,max:i64): i64{
  let res: i64 = sum_fib(max);
  if iters == 0{
    res
  } else {
    main_loop(iters - 1, max)
  }
}

def main(iters:i64,max:i64): i64 {
  main_loop(iters,max)
}

INFO - got notification with method textDocument/didChange
INFO - loading text def sum_fib(max:i64): i64 {

def main_loop(iters:i64,max:i64): i64{
  let res: i64 = sum_fib(max);
  if iters == 0{
    res
  } else {
    main_loop(iters - 1, max)
  }
}

def main(iters:i64,max:i64): i64 {
  main_loop(iters,max)
}

INFO - got notification with method textDocument/didChange
INFO - loading text def sum_fib(max:i64): i64 {
}

def main_loop(iters:i64,max:i64): i64{
  let res: i64 = sum_fib(max);
  if iters == 0{
    res
  } else {
    main_loop(iters - 1, max)
  }
}

def main(iters:i64,max:i64): i64 {
  main_loop(iters,max)
}

INFO - got notification with method textDocument/didChange
INFO - loading text def sum_fib(max:i64): i64 {

}

def main_loop(iters:i64,max:i64): i64{
  let res: i64 = sum_fib(max);
  if iters == 0{
    res
  } else {
    main_loop(iters - 1, max)
  }
}

def main(iters:i64,max:i64): i64 {
  main_loop(iters,max)
}

INFO - got notification with method textDocument/didChange
INFO - loading text def sum_fib(max:i64): i64 {
0
}

def main_loop(iters:i64,max:i64): i64{
  let res: i64 = sum_fib(max);
  if iters == 0{
    res
  } else {
    main_loop(iters - 1, max)
  }
}

def main(iters:i64,max:i64): i64 {
  main_loop(iters,max)
}

INFO - got notification with method textDocument/didChange
INFO - loading text def sum_fib(max:i64): i64 {
0i
}

def main_loop(iters:i64,max:i64): i64{
  let res: i64 = sum_fib(max);
  if iters == 0{
    res
  } else {
    main_loop(iters - 1, max)
  }
}

def main(iters:i64,max:i64): i64 {
  main_loop(iters,max)
}

INFO - got notification with method textDocument/didChange
INFO - loading text def sum_fib(max:i64): i64 {
0i 
}

def main_loop(iters:i64,max:i64): i64{
  let res: i64 = sum_fib(max);
  if iters == 0{
    res
  } else {
    main_loop(iters - 1, max)
  }
}

def main(iters:i64,max:i64): i64 {
  main_loop(iters,max)
}

INFO - got notification with method textDocument/didChange
INFO - loading text def sum_fib(max:i64): i64 {
0i
}

def main_loop(iters:i64,max:i64): i64{
  let res: i64 = sum_fib(max);
  if iters == 0{
    res
  } else {
    main_loop(iters - 1, max)
  }
}

def main(iters:i64,max:i64): i64 {
  main_loop(iters,max)
}

INFO - got notification with method textDocument/didChange
INFO - loading text def sum_fib(max:i64): i64 {
0
}

def main_loop(iters:i64,max:i64): i64{
  let res: i64 = sum_fib(max);
  if iters == 0{
    res
  } else {
    main_loop(iters - 1, max)
  }
}

def main(iters:i64,max:i64): i64 {
  main_loop(iters,max)
}

INFO - got notification with method textDocument/didChange
INFO - loading text def sum_fib(max:i64): i64 {
 0
}

def main_loop(iters:i64,max:i64): i64{
  let res: i64 = sum_fib(max);
  if iters == 0{
    res
  } else {
    main_loop(iters - 1, max)
  }
}

def main(iters:i64,max:i64): i64 {
  main_loop(iters,max)
}

INFO - got notification with method textDocument/didChange
INFO - loading text def sum_fib(max:i64): i64 {
0
}

def main_loop(iters:i64,max:i64): i64{
  let res: i64 = sum_fib(max);
  if iters == 0{
    res
  } else {
    main_loop(iters - 1, max)
  }
}

def main(iters:i64,max:i64): i64 {
  main_loop(iters,max)
}

INFO - got notification with method textDocument/didChange
INFO - loading text def sum_fib(max:i64): i64 {0
}

def main_loop(iters:i64,max:i64): i64{
  let res: i64 = sum_fib(max);
  if iters == 0{
    res
  } else {
    main_loop(iters - 1, max)
  }
}

def main(iters:i64,max:i64): i64 {
  main_loop(iters,max)
}

INFO - got notification with method textDocument/didChange
INFO - loading text def sum_fib(max:i64): i64 {
0
}

def main_loop(iters:i64,max:i64): i64{
  let res: i64 = sum_fib(max);
  if iters == 0{
    res
  } else {
    main_loop(iters - 1, max)
  }
}

def main(iters:i64,max:i64): i64 {
  main_loop(iters,max)
}

INFO - got notification with method textDocument/didChange
INFO - loading text def sum_fib(max:i64): i64 {

0
}

def main_loop(iters:i64,max:i64): i64{
  let res: i64 = sum_fib(max);
  if iters == 0{
    res
  } else {
    main_loop(iters - 1, max)
  }
}

def main(iters:i64,max:i64): i64 {
  main_loop(iters,max)
}

INFO - got notification with method textDocument/didChange
INFO - loading text def sum_fib(max:i64): i64 {
 
0
}

def main_loop(iters:i64,max:i64): i64{
  let res: i64 = sum_fib(max);
  if iters == 0{
    res
  } else {
    main_loop(iters - 1, max)
  }
}

def main(iters:i64,max:i64): i64 {
  main_loop(iters,max)
}

INFO - got notification with method textDocument/didChange
INFO - loading text def sum_fib(max:i64): i64 {

0
}

def main_loop(iters:i64,max:i64): i64{
  let res: i64 = sum_fib(max);
  if iters == 0{
    res
  } else {
    main_loop(iters - 1, max)
  }
}

def main(iters:i64,max:i64): i64 {
  main_loop(iters,max)
}

INFO - got notification with method textDocument/didChange
INFO - loading text def sum_fib(max:i64): i64 {


0
}

def main_loop(iters:i64,max:i64): i64{
  let res: i64 = sum_fib(max);
  if iters == 0{
    res
  } else {
    main_loop(iters - 1, max)
  }
}

def main(iters:i64,max:i64): i64 {
  main_loop(iters,max)
}

INFO - got notification with method textDocument/didChange
INFO - loading text def sum_fib(max:i64): i64 {


0
}

def main_loop(iters:i64,max:i64): i64{
  let res: i64 = sum_fib(max);
  if iters == 0{
    res
  } else {
    main_loop(iters - 1, max)
  }
}

def main(iters:i64,max:i64): i64 {
  main_loop(iters,max)
}

INFO - got notification with method textDocument/didChange
INFO - loading text def sum_fib(max:i64): i64 {
0
}

def main_loop(iters:i64,max:i64): i64{
  let res: i64 = sum_fib(max);
  if iters == 0{
    res
  } else {
    main_loop(iters - 1, max)
  }
}

def main(iters:i64,max:i64): i64 {
  main_loop(iters,max)
}

INFO - got notification with method textDocument/didChange
INFO - loading text 
def sum_fib(max:i64): i64 {
0
}

def main_loop(iters:i64,max:i64): i64{
  let res: i64 = sum_fib(max);
  if iters == 0{
    res
  } else {
    main_loop(iters - 1, max)
  }
}

def main(iters:i64,max:i64): i64 {
  main_loop(iters,max)
}

INFO - got notification with method textDocument/didChange
INFO - loading text 
kdef sum_fib(max:i64): i64 {
0
}

def main_loop(iters:i64,max:i64): i64{
  let res: i64 = sum_fib(max);
  if iters == 0{
    res
  } else {
    main_loop(iters - 1, max)
  }
}

def main(iters:i64,max:i64): i64 {
  main_loop(iters,max)
}

INFO - got notification with method textDocument/didChange
INFO - loading text 
kidef sum_fib(max:i64): i64 {
0
}

def main_loop(iters:i64,max:i64): i64{
  let res: i64 = sum_fib(max);
  if iters == 0{
    res
  } else {
    main_loop(iters - 1, max)
  }
}

def main(iters:i64,max:i64): i64 {
  main_loop(iters,max)
}

INFO - got notification with method textDocument/didChange
INFO - loading text 
kdef sum_fib(max:i64): i64 {
0
}

def main_loop(iters:i64,max:i64): i64{
  let res: i64 = sum_fib(max);
  if iters == 0{
    res
  } else {
    main_loop(iters - 1, max)
  }
}

def main(iters:i64,max:i64): i64 {
  main_loop(iters,max)
}

INFO - got notification with method textDocument/didChange
INFO - loading text 
def sum_fib(max:i64): i64 {
0
}

def main_loop(iters:i64,max:i64): i64{
  let res: i64 = sum_fib(max);
  if iters == 0{
    res
  } else {
    main_loop(iters - 1, max)
  }
}

def main(iters:i64,max:i64): i64 {
  main_loop(iters,max)
}

INFO - got notification with method textDocument/didChange
INFO - loading text d
def sum_fib(max:i64): i64 {
0
}

def main_loop(iters:i64,max:i64): i64{
  let res: i64 = sum_fib(max);
  if iters == 0{
    res
  } else {
    main_loop(iters - 1, max)
  }
}

def main(iters:i64,max:i64): i64 {
  main_loop(iters,max)
}

INFO - got notification with method textDocument/didChange
INFO - loading text de
def sum_fib(max:i64): i64 {
0
}

def main_loop(iters:i64,max:i64): i64{
  let res: i64 = sum_fib(max);
  if iters == 0{
    res
  } else {
    main_loop(iters - 1, max)
  }
}

def main(iters:i64,max:i64): i64 {
  main_loop(iters,max)
}

INFO - got notification with method textDocument/didChange
INFO - loading text def 
def sum_fib(max:i64): i64 {
0
}

def main_loop(iters:i64,max:i64): i64{
  let res: i64 = sum_fib(max);
  if iters == 0{
    res
  } else {
    main_loop(iters - 1, max)
  }
}

def main(iters:i64,max:i64): i64 {
  main_loop(iters,max)
}

INFO - got notification with method textDocument/didChange
INFO - loading text def s
def sum_fib(max:i64): i64 {
0
}

def main_loop(iters:i64,max:i64): i64{
  let res: i64 = sum_fib(max);
  if iters == 0{
    res
  } else {
    main_loop(iters - 1, max)
  }
}

def main(iters:i64,max:i64): i64 {
  main_loop(iters,max)
}

INFO - got notification with method textDocument/didChange
INFO - loading text def su
def sum_fib(max:i64): i64 {
0
}

def main_loop(iters:i64,max:i64): i64{
  let res: i64 = sum_fib(max);
  if iters == 0{
    res
  } else {
    main_loop(iters - 1, max)
  }
}

def main(iters:i64,max:i64): i64 {
  main_loop(iters,max)
}

INFO - got notification with method textDocument/didChange
INFO - loading text def sum
def sum_fib(max:i64): i64 {
0
}

def main_loop(iters:i64,max:i64): i64{
  let res: i64 = sum_fib(max);
  if iters == 0{
    res
  } else {
    main_loop(iters - 1, max)
  }
}

def main(iters:i64,max:i64): i64 {
  main_loop(iters,max)
}

INFO - got notification with method textDocument/didChange
INFO - loading text def sum_
def sum_fib(max:i64): i64 {
0
}

def main_loop(iters:i64,max:i64): i64{
  let res: i64 = sum_fib(max);
  if iters == 0{
    res
  } else {
    main_loop(iters - 1, max)
  }
}

def main(iters:i64,max:i64): i64 {
  main_loop(iters,max)
}

INFO - got notification with method textDocument/didChange
INFO - loading text def sum_fi
def sum_fib(max:i64): i64 {
0
}

def main_loop(iters:i64,max:i64): i64{
  let res: i64 = sum_fib(max);
  if iters == 0{
    res
  } else {
    main_loop(iters - 1, max)
  }
}

def main(iters:i64,max:i64): i64 {
  main_loop(iters,max)
}

INFO - got notification with method textDocument/didChange
INFO - loading text def sum_fib
def sum_fib(max:i64): i64 {
0
}

def main_loop(iters:i64,max:i64): i64{
  let res: i64 = sum_fib(max);
  if iters == 0{
    res
  } else {
    main_loop(iters - 1, max)
  }
}

def main(iters:i64,max:i64): i64 {
  main_loop(iters,max)
}

INFO - got notification with method textDocument/didChange
INFO - loading text def sum_fib_
def sum_fib(max:i64): i64 {
0
}

def main_loop(iters:i64,max:i64): i64{
  let res: i64 = sum_fib(max);
  if iters == 0{
    res
  } else {
    main_loop(iters - 1, max)
  }
}

def main(iters:i64,max:i64): i64 {
  main_loop(iters,max)
}

INFO - got notification with method textDocument/didChange
INFO - loading text def sum_fib_a
def sum_fib(max:i64): i64 {
0
}

def main_loop(iters:i64,max:i64): i64{
  let res: i64 = sum_fib(max);
  if iters == 0{
    res
  } else {
    main_loop(iters - 1, max)
  }
}

def main(iters:i64,max:i64): i64 {
  main_loop(iters,max)
}

INFO - got notification with method textDocument/didChange
INFO - loading text def sum_fib_ac
def sum_fib(max:i64): i64 {
0
}

def main_loop(iters:i64,max:i64): i64{
  let res: i64 = sum_fib(max);
  if iters == 0{
    res
  } else {
    main_loop(iters - 1, max)
  }
}

def main(iters:i64,max:i64): i64 {
  main_loop(iters,max)
}

INFO - got notification with method textDocument/didChange
INFO - loading text def sum_fib_acc
def sum_fib(max:i64): i64 {
0
}

def main_loop(iters:i64,max:i64): i64{
  let res: i64 = sum_fib(max);
  if iters == 0{
    res
  } else {
    main_loop(iters - 1, max)
  }
}

def main(iters:i64,max:i64): i64 {
  main_loop(iters,max)
}

INFO - got notification with method textDocument/didChange
INFO - loading text def sum_fib_acc(
def sum_fib(max:i64): i64 {
0
}

def main_loop(iters:i64,max:i64): i64{
  let res: i64 = sum_fib(max);
  if iters == 0{
    res
  } else {
    main_loop(iters - 1, max)
  }
}

def main(iters:i64,max:i64): i64 {
  main_loop(iters,max)
}

INFO - got notification with method textDocument/didChange
INFO - loading text def sum_fib_acc(n
def sum_fib(max:i64): i64 {
0
}

def main_loop(iters:i64,max:i64): i64{
  let res: i64 = sum_fib(max);
  if iters == 0{
    res
  } else {
    main_loop(iters - 1, max)
  }
}

def main(iters:i64,max:i64): i64 {
  main_loop(iters,max)
}

INFO - got notification with method textDocument/didChange
INFO - loading text def sum_fib_acc(ne
def sum_fib(max:i64): i64 {
0
}

def main_loop(iters:i64,max:i64): i64{
  let res: i64 = sum_fib(max);
  if iters == 0{
    res
  } else {
    main_loop(iters - 1, max)
  }
}

def main(iters:i64,max:i64): i64 {
  main_loop(iters,max)
}

INFO - got notification with method textDocument/didChange
INFO - loading text def sum_fib_acc(nex
def sum_fib(max:i64): i64 {
0
}

def main_loop(iters:i64,max:i64): i64{
  let res: i64 = sum_fib(max);
  if iters == 0{
    res
  } else {
    main_loop(iters - 1, max)
  }
}

def main(iters:i64,max:i64): i64 {
  main_loop(iters,max)
}

INFO - got notification with method textDocument/didChange
INFO - loading text def sum_fib_acc(next
def sum_fib(max:i64): i64 {
0
}

def main_loop(iters:i64,max:i64): i64{
  let res: i64 = sum_fib(max);
  if iters == 0{
    res
  } else {
    main_loop(iters - 1, max)
  }
}

def main(iters:i64,max:i64): i64 {
  main_loop(iters,max)
}

INFO - got notification with method textDocument/didChange
INFO - loading text def sum_fib_acc(next:
def sum_fib(max:i64): i64 {
0
}

def main_loop(iters:i64,max:i64): i64{
  let res: i64 = sum_fib(max);
  if iters == 0{
    res
  } else {
    main_loop(iters - 1, max)
  }
}

def main(iters:i64,max:i64): i64 {
  main_loop(iters,max)
}

INFO - got notification with method textDocument/didChange
INFO - loading text def sum_fib_acc(next:i
def sum_fib(max:i64): i64 {
0
}

def main_loop(iters:i64,max:i64): i64{
  let res: i64 = sum_fib(max);
  if iters == 0{
    res
  } else {
    main_loop(iters - 1, max)
  }
}

def main(iters:i64,max:i64): i64 {
  main_loop(iters,max)
}

INFO - got notification with method textDocument/didChange
INFO - loading text def sum_fib_acc(next:i64
def sum_fib(max:i64): i64 {
0
}

def main_loop(iters:i64,max:i64): i64{
  let res: i64 = sum_fib(max);
  if iters == 0{
    res
  } else {
    main_loop(iters - 1, max)
  }
}

def main(iters:i64,max:i64): i64 {
  main_loop(iters,max)
}

INFO - got notification with method textDocument/didChange
INFO - loading text def sum_fib_acc(next:i64,
def sum_fib(max:i64): i64 {
0
}

def main_loop(iters:i64,max:i64): i64{
  let res: i64 = sum_fib(max);
  if iters == 0{
    res
  } else {
    main_loop(iters - 1, max)
  }
}

def main(iters:i64,max:i64): i64 {
  main_loop(iters,max)
}

INFO - got notification with method textDocument/didChange
INFO - loading text def sum_fib_acc(next:i64
def sum_fib(max:i64): i64 {
0
}

def main_loop(iters:i64,max:i64): i64{
  let res: i64 = sum_fib(max);
  if iters == 0{
    res
  } else {
    main_loop(iters - 1, max)
  }
}

def main(iters:i64,max:i64): i64 {
  main_loop(iters,max)
}

INFO - got notification with method textDocument/didChange
INFO - loading text def sum_fib_acc(next:
def sum_fib(max:i64): i64 {
0
}

def main_loop(iters:i64,max:i64): i64{
  let res: i64 = sum_fib(max);
  if iters == 0{
    res
  } else {
    main_loop(iters - 1, max)
  }
}

def main(iters:i64,max:i64): i64 {
  main_loop(iters,max)
}

INFO - got notification with method textDocument/didChange
INFO - loading text def sum_fib_acc(next
def sum_fib(max:i64): i64 {
0
}

def main_loop(iters:i64,max:i64): i64{
  let res: i64 = sum_fib(max);
  if iters == 0{
    res
  } else {
    main_loop(iters - 1, max)
  }
}

def main(iters:i64,max:i64): i64 {
  main_loop(iters,max)
}

INFO - got notification with method textDocument/didChange
INFO - loading text def sum_fib_acc(nex
def sum_fib(max:i64): i64 {
0
}

def main_loop(iters:i64,max:i64): i64{
  let res: i64 = sum_fib(max);
  if iters == 0{
    res
  } else {
    main_loop(iters - 1, max)
  }
}

def main(iters:i64,max:i64): i64 {
  main_loop(iters,max)
}

INFO - got notification with method textDocument/didChange
INFO - loading text def sum_fib_acc(
def sum_fib(max:i64): i64 {
0
}

def main_loop(iters:i64,max:i64): i64{
  let res: i64 = sum_fib(max);
  if iters == 0{
    res
  } else {
    main_loop(iters - 1, max)
  }
}

def main(iters:i64,max:i64): i64 {
  main_loop(iters,max)
}

INFO - got notification with method textDocument/didChange
INFO - loading text def sum_fib_acc(cu
def sum_fib(max:i64): i64 {
0
}

def main_loop(iters:i64,max:i64): i64{
  let res: i64 = sum_fib(max);
  if iters == 0{
    res
  } else {
    main_loop(iters - 1, max)
  }
}

def main(iters:i64,max:i64): i64 {
  main_loop(iters,max)
}

INFO - got notification with method textDocument/didChange
INFO - loading text def sum_fib_acc(cur
def sum_fib(max:i64): i64 {
0
}

def main_loop(iters:i64,max:i64): i64{
  let res: i64 = sum_fib(max);
  if iters == 0{
    res
  } else {
    main_loop(iters - 1, max)
  }
}

def main(iters:i64,max:i64): i64 {
  main_loop(iters,max)
}

INFO - got notification with method textDocument/didChange
INFO - loading text def sum_fib_acc(curr
def sum_fib(max:i64): i64 {
0
}

def main_loop(iters:i64,max:i64): i64{
  let res: i64 = sum_fib(max);
  if iters == 0{
    res
  } else {
    main_loop(iters - 1, max)
  }
}

def main(iters:i64,max:i64): i64 {
  main_loop(iters,max)
}

INFO - got notification with method textDocument/didChange
INFO - loading text def sum_fib_acc(curr:
def sum_fib(max:i64): i64 {
0
}

def main_loop(iters:i64,max:i64): i64{
  let res: i64 = sum_fib(max);
  if iters == 0{
    res
  } else {
    main_loop(iters - 1, max)
  }
}

def main(iters:i64,max:i64): i64 {
  main_loop(iters,max)
}

INFO - got notification with method textDocument/didChange
INFO - loading text def sum_fib_acc(curr:i
def sum_fib(max:i64): i64 {
0
}

def main_loop(iters:i64,max:i64): i64{
  let res: i64 = sum_fib(max);
  if iters == 0{
    res
  } else {
    main_loop(iters - 1, max)
  }
}

def main(iters:i64,max:i64): i64 {
  main_loop(iters,max)
}

INFO - got notification with method textDocument/didChange
INFO - loading text def sum_fib_acc(curr:i64
def sum_fib(max:i64): i64 {
0
}

def main_loop(iters:i64,max:i64): i64{
  let res: i64 = sum_fib(max);
  if iters == 0{
    res
  } else {
    main_loop(iters - 1, max)
  }
}

def main(iters:i64,max:i64): i64 {
  main_loop(iters,max)
}

INFO - got notification with method textDocument/didChange
INFO - loading text def sum_fib_acc(curr:i64,
def sum_fib(max:i64): i64 {
0
}

def main_loop(iters:i64,max:i64): i64{
  let res: i64 = sum_fib(max);
  if iters == 0{
    res
  } else {
    main_loop(iters - 1, max)
  }
}

def main(iters:i64,max:i64): i64 {
  main_loop(iters,max)
}

INFO - got notification with method textDocument/didChange
INFO - loading text def sum_fib_acc(curr:i64,l
def sum_fib(max:i64): i64 {
0
}

def main_loop(iters:i64,max:i64): i64{
  let res: i64 = sum_fib(max);
  if iters == 0{
    res
  } else {
    main_loop(iters - 1, max)
  }
}

def main(iters:i64,max:i64): i64 {
  main_loop(iters,max)
}

INFO - got notification with method textDocument/didChange
INFO - loading text def sum_fib_acc(curr:i64,las
def sum_fib(max:i64): i64 {
0
}

def main_loop(iters:i64,max:i64): i64{
  let res: i64 = sum_fib(max);
  if iters == 0{
    res
  } else {
    main_loop(iters - 1, max)
  }
}

def main(iters:i64,max:i64): i64 {
  main_loop(iters,max)
}

INFO - got notification with method textDocument/didChange
INFO - loading text def sum_fib_acc(curr:i64,last
def sum_fib(max:i64): i64 {
0
}

def main_loop(iters:i64,max:i64): i64{
  let res: i64 = sum_fib(max);
  if iters == 0{
    res
  } else {
    main_loop(iters - 1, max)
  }
}

def main(iters:i64,max:i64): i64 {
  main_loop(iters,max)
}

INFO - got notification with method textDocument/didChange
INFO - loading text def sum_fib_acc(curr:i64,last:
def sum_fib(max:i64): i64 {
0
}

def main_loop(iters:i64,max:i64): i64{
  let res: i64 = sum_fib(max);
  if iters == 0{
    res
  } else {
    main_loop(iters - 1, max)
  }
}

def main(iters:i64,max:i64): i64 {
  main_loop(iters,max)
}

INFO - got notification with method textDocument/didChange
INFO - loading text def sum_fib_acc(curr:i64,last:i
def sum_fib(max:i64): i64 {
0
}

def main_loop(iters:i64,max:i64): i64{
  let res: i64 = sum_fib(max);
  if iters == 0{
    res
  } else {
    main_loop(iters - 1, max)
  }
}

def main(iters:i64,max:i64): i64 {
  main_loop(iters,max)
}

INFO - got notification with method textDocument/didChange
INFO - loading text def sum_fib_acc(curr:i64,last:i64
def sum_fib(max:i64): i64 {
0
}

def main_loop(iters:i64,max:i64): i64{
  let res: i64 = sum_fib(max);
  if iters == 0{
    res
  } else {
    main_loop(iters - 1, max)
  }
}

def main(iters:i64,max:i64): i64 {
  main_loop(iters,max)
}

INFO - got notification with method textDocument/didChange
INFO - loading text def sum_fib_acc(curr:i64,last:i64,
def sum_fib(max:i64): i64 {
0
}

def main_loop(iters:i64,max:i64): i64{
  let res: i64 = sum_fib(max);
  if iters == 0{
    res
  } else {
    main_loop(iters - 1, max)
  }
}

def main(iters:i64,max:i64): i64 {
  main_loop(iters,max)
}

INFO - got notification with method textDocument/didChange
INFO - loading text def sum_fib_acc(curr:i64,last:i64,m
def sum_fib(max:i64): i64 {
0
}

def main_loop(iters:i64,max:i64): i64{
  let res: i64 = sum_fib(max);
  if iters == 0{
    res
  } else {
    main_loop(iters - 1, max)
  }
}

def main(iters:i64,max:i64): i64 {
  main_loop(iters,max)
}

INFO - got notification with method textDocument/didChange
INFO - loading text def sum_fib_acc(curr:i64,last:i64,max
def sum_fib(max:i64): i64 {
0
}

def main_loop(iters:i64,max:i64): i64{
  let res: i64 = sum_fib(max);
  if iters == 0{
    res
  } else {
    main_loop(iters - 1, max)
  }
}

def main(iters:i64,max:i64): i64 {
  main_loop(iters,max)
}

INFO - got notification with method textDocument/didChange
INFO - loading text def sum_fib_acc(curr:i64,last:i64,max>
def sum_fib(max:i64): i64 {
0
}

def main_loop(iters:i64,max:i64): i64{
  let res: i64 = sum_fib(max);
  if iters == 0{
    res
  } else {
    main_loop(iters - 1, max)
  }
}

def main(iters:i64,max:i64): i64 {
  main_loop(iters,max)
}

INFO - got notification with method textDocument/didChange
INFO - loading text def sum_fib_acc(curr:i64,last:i64,max>i
def sum_fib(max:i64): i64 {
0
}

def main_loop(iters:i64,max:i64): i64{
  let res: i64 = sum_fib(max);
  if iters == 0{
    res
  } else {
    main_loop(iters - 1, max)
  }
}

def main(iters:i64,max:i64): i64 {
  main_loop(iters,max)
}

INFO - got notification with method textDocument/didChange
INFO - loading text def sum_fib_acc(curr:i64,last:i64,max>i64
def sum_fib(max:i64): i64 {
0
}

def main_loop(iters:i64,max:i64): i64{
  let res: i64 = sum_fib(max);
  if iters == 0{
    res
  } else {
    main_loop(iters - 1, max)
  }
}

def main(iters:i64,max:i64): i64 {
  main_loop(iters,max)
}

INFO - got notification with method textDocument/didChange
INFO - loading text def sum_fib_acc(curr:i64,last:i64,max>i64,
def sum_fib(max:i64): i64 {
0
}

def main_loop(iters:i64,max:i64): i64{
  let res: i64 = sum_fib(max);
  if iters == 0{
    res
  } else {
    main_loop(iters - 1, max)
  }
}

def main(iters:i64,max:i64): i64 {
  main_loop(iters,max)
}

INFO - got notification with method textDocument/didChange
INFO - loading text def sum_fib_acc(curr:i64,last:i64,max>i64
def sum_fib(max:i64): i64 {
0
}

def main_loop(iters:i64,max:i64): i64{
  let res: i64 = sum_fib(max);
  if iters == 0{
    res
  } else {
    main_loop(iters - 1, max)
  }
}

def main(iters:i64,max:i64): i64 {
  main_loop(iters,max)
}

INFO - got notification with method textDocument/didChange
INFO - loading text def sum_fib_acc(curr:i64,last:i64,max>i6
def sum_fib(max:i64): i64 {
0
}

def main_loop(iters:i64,max:i64): i64{
  let res: i64 = sum_fib(max);
  if iters == 0{
    res
  } else {
    main_loop(iters - 1, max)
  }
}

def main(iters:i64,max:i64): i64 {
  main_loop(iters,max)
}

INFO - got notification with method textDocument/didChange
INFO - loading text def sum_fib_acc(curr:i64,last:i64,max>i
def sum_fib(max:i64): i64 {
0
}

def main_loop(iters:i64,max:i64): i64{
  let res: i64 = sum_fib(max);
  if iters == 0{
    res
  } else {
    main_loop(iters - 1, max)
  }
}

def main(iters:i64,max:i64): i64 {
  main_loop(iters,max)
}

INFO - got notification with method textDocument/didChange
INFO - loading text def sum_fib_acc(curr:i64,last:i64,max>
def sum_fib(max:i64): i64 {
0
}

def main_loop(iters:i64,max:i64): i64{
  let res: i64 = sum_fib(max);
  if iters == 0{
    res
  } else {
    main_loop(iters - 1, max)
  }
}

def main(iters:i64,max:i64): i64 {
  main_loop(iters,max)
}

INFO - got notification with method textDocument/didChange
INFO - loading text def sum_fib_acc(curr:i64,last:i64,max"
def sum_fib(max:i64): i64 {
0
}

def main_loop(iters:i64,max:i64): i64{
  let res: i64 = sum_fib(max);
  if iters == 0{
    res
  } else {
    main_loop(iters - 1, max)
  }
}

def main(iters:i64,max:i64): i64 {
  main_loop(iters,max)
}

INFO - got notification with method textDocument/didChange
INFO - loading text def sum_fib_acc(curr:i64,last:i64,max":
def sum_fib(max:i64): i64 {
0
}

def main_loop(iters:i64,max:i64): i64{
  let res: i64 = sum_fib(max);
  if iters == 0{
    res
  } else {
    main_loop(iters - 1, max)
  }
}

def main(iters:i64,max:i64): i64 {
  main_loop(iters,max)
}

INFO - got notification with method textDocument/didChange
INFO - loading text def sum_fib_acc(curr:i64,last:i64,max"
def sum_fib(max:i64): i64 {
0
}

def main_loop(iters:i64,max:i64): i64{
  let res: i64 = sum_fib(max);
  if iters == 0{
    res
  } else {
    main_loop(iters - 1, max)
  }
}

def main(iters:i64,max:i64): i64 {
  main_loop(iters,max)
}

INFO - got notification with method textDocument/didChange
INFO - loading text def sum_fib_acc(curr:i64,last:i64,max
def sum_fib(max:i64): i64 {
0
}

def main_loop(iters:i64,max:i64): i64{
  let res: i64 = sum_fib(max);
  if iters == 0{
    res
  } else {
    main_loop(iters - 1, max)
  }
}

def main(iters:i64,max:i64): i64 {
  main_loop(iters,max)
}

INFO - got notification with method textDocument/didChange
INFO - loading text def sum_fib_acc(curr:i64,last:i64,max:
def sum_fib(max:i64): i64 {
0
}

def main_loop(iters:i64,max:i64): i64{
  let res: i64 = sum_fib(max);
  if iters == 0{
    res
  } else {
    main_loop(iters - 1, max)
  }
}

def main(iters:i64,max:i64): i64 {
  main_loop(iters,max)
}

INFO - got notification with method textDocument/didChange
INFO - loading text def sum_fib_acc(curr:i64,last:i64,max:i
def sum_fib(max:i64): i64 {
0
}

def main_loop(iters:i64,max:i64): i64{
  let res: i64 = sum_fib(max);
  if iters == 0{
    res
  } else {
    main_loop(iters - 1, max)
  }
}

def main(iters:i64,max:i64): i64 {
  main_loop(iters,max)
}

INFO - got notification with method textDocument/didChange
INFO - loading text def sum_fib_acc(curr:i64,last:i64,max:i64
def sum_fib(max:i64): i64 {
0
}

def main_loop(iters:i64,max:i64): i64{
  let res: i64 = sum_fib(max);
  if iters == 0{
    res
  } else {
    main_loop(iters - 1, max)
  }
}

def main(iters:i64,max:i64): i64 {
  main_loop(iters,max)
}

INFO - got notification with method textDocument/didChange
INFO - loading text def sum_fib_acc(curr:i64,last:i64,max:i64,
def sum_fib(max:i64): i64 {
0
}

def main_loop(iters:i64,max:i64): i64{
  let res: i64 = sum_fib(max);
  if iters == 0{
    res
  } else {
    main_loop(iters - 1, max)
  }
}

def main(iters:i64,max:i64): i64 {
  main_loop(iters,max)
}

INFO - got notification with method textDocument/didChange
INFO - loading text def sum_fib_acc(curr:i64,last:i64,max:i64, 
def sum_fib(max:i64): i64 {
0
}

def main_loop(iters:i64,max:i64): i64{
  let res: i64 = sum_fib(max);
  if iters == 0{
    res
  } else {
    main_loop(iters - 1, max)
  }
}

def main(iters:i64,max:i64): i64 {
  main_loop(iters,max)
}

INFO - got notification with method textDocument/didChange
INFO - loading text def sum_fib_acc(curr:i64,last:i64,max:i64,
def sum_fib(max:i64): i64 {
0
}

def main_loop(iters:i64,max:i64): i64{
  let res: i64 = sum_fib(max);
  if iters == 0{
    res
  } else {
    main_loop(iters - 1, max)
  }
}

def main(iters:i64,max:i64): i64 {
  main_loop(iters,max)
}

INFO - got notification with method textDocument/didChange
INFO - loading text def sum_fib_acc(curr:i64,last:i64,max:i64,a
def sum_fib(max:i64): i64 {
0
}

def main_loop(iters:i64,max:i64): i64{
  let res: i64 = sum_fib(max);
  if iters == 0{
    res
  } else {
    main_loop(iters - 1, max)
  }
}

def main(iters:i64,max:i64): i64 {
  main_loop(iters,max)
}

INFO - got notification with method textDocument/didChange
INFO - loading text def sum_fib_acc(curr:i64,last:i64,max:i64,ac
def sum_fib(max:i64): i64 {
0
}

def main_loop(iters:i64,max:i64): i64{
  let res: i64 = sum_fib(max);
  if iters == 0{
    res
  } else {
    main_loop(iters - 1, max)
  }
}

def main(iters:i64,max:i64): i64 {
  main_loop(iters,max)
}

INFO - got notification with method textDocument/didChange
INFO - loading text def sum_fib_acc(curr:i64,last:i64,max:i64,acc
def sum_fib(max:i64): i64 {
0
}

def main_loop(iters:i64,max:i64): i64{
  let res: i64 = sum_fib(max);
  if iters == 0{
    res
  } else {
    main_loop(iters - 1, max)
  }
}

def main(iters:i64,max:i64): i64 {
  main_loop(iters,max)
}

INFO - got notification with method textDocument/didChange
INFO - loading text def sum_fib_acc(curr:i64,last:i64,max:i64,acc:
def sum_fib(max:i64): i64 {
0
}

def main_loop(iters:i64,max:i64): i64{
  let res: i64 = sum_fib(max);
  if iters == 0{
    res
  } else {
    main_loop(iters - 1, max)
  }
}

def main(iters:i64,max:i64): i64 {
  main_loop(iters,max)
}

INFO - got notification with method textDocument/didChange
INFO - loading text def sum_fib_acc(curr:i64,last:i64,max:i64,acc:i
def sum_fib(max:i64): i64 {
0
}

def main_loop(iters:i64,max:i64): i64{
  let res: i64 = sum_fib(max);
  if iters == 0{
    res
  } else {
    main_loop(iters - 1, max)
  }
}

def main(iters:i64,max:i64): i64 {
  main_loop(iters,max)
}

INFO - got notification with method textDocument/didChange
INFO - loading text def sum_fib_acc(curr:i64,last:i64,max:i64,acc:i64
def sum_fib(max:i64): i64 {
0
}

def main_loop(iters:i64,max:i64): i64{
  let res: i64 = sum_fib(max);
  if iters == 0{
    res
  } else {
    main_loop(iters - 1, max)
  }
}

def main(iters:i64,max:i64): i64 {
  main_loop(iters,max)
}

INFO - got notification with method textDocument/didChange
INFO - loading text def sum_fib_acc(curr:i64,last:i64,max:i64,acc:i64)
def sum_fib(max:i64): i64 {
0
}

def main_loop(iters:i64,max:i64): i64{
  let res: i64 = sum_fib(max);
  if iters == 0{
    res
  } else {
    main_loop(iters - 1, max)
  }
}

def main(iters:i64,max:i64): i64 {
  main_loop(iters,max)
}

INFO - got notification with method textDocument/didChange
INFO - loading text def sum_fib_acc(curr:i64,last:i64,max:i64,acc:i64) 
def sum_fib(max:i64): i64 {
0
}

def main_loop(iters:i64,max:i64): i64{
  let res: i64 = sum_fib(max);
  if iters == 0{
    res
  } else {
    main_loop(iters - 1, max)
  }
}

def main(iters:i64,max:i64): i64 {
  main_loop(iters,max)
}

INFO - got notification with method textDocument/didChange
INFO - loading text def sum_fib_acc(curr:i64,last:i64,max:i64,acc:i64)
def sum_fib(max:i64): i64 {
0
}

def main_loop(iters:i64,max:i64): i64{
  let res: i64 = sum_fib(max);
  if iters == 0{
    res
  } else {
    main_loop(iters - 1, max)
  }
}

def main(iters:i64,max:i64): i64 {
  main_loop(iters,max)
}

INFO - got notification with method textDocument/didChange
INFO - loading text def sum_fib_acc(curr:i64,last:i64,max:i64,acc:i64):
def sum_fib(max:i64): i64 {
0
}

def main_loop(iters:i64,max:i64): i64{
  let res: i64 = sum_fib(max);
  if iters == 0{
    res
  } else {
    main_loop(iters - 1, max)
  }
}

def main(iters:i64,max:i64): i64 {
  main_loop(iters,max)
}

INFO - got notification with method textDocument/didChange
INFO - loading text def sum_fib_acc(curr:i64,last:i64,max:i64,acc:i64): 
def sum_fib(max:i64): i64 {
0
}

def main_loop(iters:i64,max:i64): i64{
  let res: i64 = sum_fib(max);
  if iters == 0{
    res
  } else {
    main_loop(iters - 1, max)
  }
}

def main(iters:i64,max:i64): i64 {
  main_loop(iters,max)
}

INFO - got notification with method textDocument/didChange
INFO - loading text def sum_fib_acc(curr:i64,last:i64,max:i64,acc:i64): i
def sum_fib(max:i64): i64 {
0
}

def main_loop(iters:i64,max:i64): i64{
  let res: i64 = sum_fib(max);
  if iters == 0{
    res
  } else {
    main_loop(iters - 1, max)
  }
}

def main(iters:i64,max:i64): i64 {
  main_loop(iters,max)
}

INFO - got notification with method textDocument/didChange
INFO - loading text def sum_fib_acc(curr:i64,last:i64,max:i64,acc:i64): i64
def sum_fib(max:i64): i64 {
0
}

def main_loop(iters:i64,max:i64): i64{
  let res: i64 = sum_fib(max);
  if iters == 0{
    res
  } else {
    main_loop(iters - 1, max)
  }
}

def main(iters:i64,max:i64): i64 {
  main_loop(iters,max)
}

INFO - got notification with method textDocument/didChange
INFO - loading text def sum_fib_acc(curr:i64,last:i64,max:i64,acc:i64): i64{
def sum_fib(max:i64): i64 {
0
}

def main_loop(iters:i64,max:i64): i64{
  let res: i64 = sum_fib(max);
  if iters == 0{
    res
  } else {
    main_loop(iters - 1, max)
  }
}

def main(iters:i64,max:i64): i64 {
  main_loop(iters,max)
}

INFO - got notification with method textDocument/didChange
INFO - loading text def sum_fib_acc(curr:i64,last:i64,max:i64,acc:i64): i64{

def sum_fib(max:i64): i64 {
0
}

def main_loop(iters:i64,max:i64): i64{
  let res: i64 = sum_fib(max);
  if iters == 0{
    res
  } else {
    main_loop(iters - 1, max)
  }
}

def main(iters:i64,max:i64): i64 {
  main_loop(iters,max)
}

INFO - got notification with method textDocument/didChange
INFO - loading text def sum_fib_acc(curr:i64,last:i64,max:i64,acc:i64): i64{
}

def sum_fib(max:i64): i64 {
0
}

def main_loop(iters:i64,max:i64): i64{
  let res: i64 = sum_fib(max);
  if iters == 0{
    res
  } else {
    main_loop(iters - 1, max)
  }
}

def main(iters:i64,max:i64): i64 {
  main_loop(iters,max)
}

INFO - got notification with method textDocument/didChange
INFO - loading text def sum_fib_acc(curr:i64,last:i64,max:i64,acc:i64): i64{

}

def sum_fib(max:i64): i64 {
0
}

def main_loop(iters:i64,max:i64): i64{
  let res: i64 = sum_fib(max);
  if iters == 0{
    res
  } else {
    main_loop(iters - 1, max)
  }
}

def main(iters:i64,max:i64): i64 {
  main_loop(iters,max)
}

INFO - got notification with method textDocument/didChange
INFO - loading text def sum_fib_acc(curr:i64,last:i64,max:i64,acc:i64): i64{
 
}

def sum_fib(max:i64): i64 {
0
}

def main_loop(iters:i64,max:i64): i64{
  let res: i64 = sum_fib(max);
  if iters == 0{
    res
  } else {
    main_loop(iters - 1, max)
  }
}

def main(iters:i64,max:i64): i64 {
  main_loop(iters,max)
}

INFO - got notification with method textDocument/didChange
INFO - loading text def sum_fib_acc(curr:i64,last:i64,max:i64,acc:i64): i64{
  
}

def sum_fib(max:i64): i64 {
0
}

def main_loop(iters:i64,max:i64): i64{
  let res: i64 = sum_fib(max);
  if iters == 0{
    res
  } else {
    main_loop(iters - 1, max)
  }
}

def main(iters:i64,max:i64): i64 {
  main_loop(iters,max)
}

INFO - got notification with method textDocument/didChange
INFO - loading text def sum_fib_acc(curr:i64,last:i64,max:i64,acc:i64): i64{
  l
}

def sum_fib(max:i64): i64 {
0
}

def main_loop(iters:i64,max:i64): i64{
  let res: i64 = sum_fib(max);
  if iters == 0{
    res
  } else {
    main_loop(iters - 1, max)
  }
}

def main(iters:i64,max:i64): i64 {
  main_loop(iters,max)
}

INFO - got notification with method textDocument/didChange
INFO - loading text def sum_fib_acc(curr:i64,last:i64,max:i64,acc:i64): i64{
  let
}

def sum_fib(max:i64): i64 {
0
}

def main_loop(iters:i64,max:i64): i64{
  let res: i64 = sum_fib(max);
  if iters == 0{
    res
  } else {
    main_loop(iters - 1, max)
  }
}

def main(iters:i64,max:i64): i64 {
  main_loop(iters,max)
}

INFO - got notification with method textDocument/didChange
INFO - loading text def sum_fib_acc(curr:i64,last:i64,max:i64,acc:i64): i64{
  let 
}

def sum_fib(max:i64): i64 {
0
}

def main_loop(iters:i64,max:i64): i64{
  let res: i64 = sum_fib(max);
  if iters == 0{
    res
  } else {
    main_loop(iters - 1, max)
  }
}

def main(iters:i64,max:i64): i64 {
  main_loop(iters,max)
}

INFO - got notification with method textDocument/didChange
INFO - loading text def sum_fib_acc(curr:i64,last:i64,max:i64,acc:i64): i64{
  let ne
}

def sum_fib(max:i64): i64 {
0
}

def main_loop(iters:i64,max:i64): i64{
  let res: i64 = sum_fib(max);
  if iters == 0{
    res
  } else {
    main_loop(iters - 1, max)
  }
}

def main(iters:i64,max:i64): i64 {
  main_loop(iters,max)
}

INFO - got notification with method textDocument/didChange
INFO - loading text def sum_fib_acc(curr:i64,last:i64,max:i64,acc:i64): i64{
  let nex
}

def sum_fib(max:i64): i64 {
0
}

def main_loop(iters:i64,max:i64): i64{
  let res: i64 = sum_fib(max);
  if iters == 0{
    res
  } else {
    main_loop(iters - 1, max)
  }
}

def main(iters:i64,max:i64): i64 {
  main_loop(iters,max)
}

INFO - got notification with method textDocument/didChange
INFO - loading text def sum_fib_acc(curr:i64,last:i64,max:i64,acc:i64): i64{
  let next
}

def sum_fib(max:i64): i64 {
0
}

def main_loop(iters:i64,max:i64): i64{
  let res: i64 = sum_fib(max);
  if iters == 0{
    res
  } else {
    main_loop(iters - 1, max)
  }
}

def main(iters:i64,max:i64): i64 {
  main_loop(iters,max)
}

INFO - got notification with method textDocument/didChange
INFO - loading text def sum_fib_acc(curr:i64,last:i64,max:i64,acc:i64): i64{
  let next:
}

def sum_fib(max:i64): i64 {
0
}

def main_loop(iters:i64,max:i64): i64{
  let res: i64 = sum_fib(max);
  if iters == 0{
    res
  } else {
    main_loop(iters - 1, max)
  }
}

def main(iters:i64,max:i64): i64 {
  main_loop(iters,max)
}

INFO - got notification with method textDocument/didChange
INFO - loading text def sum_fib_acc(curr:i64,last:i64,max:i64,acc:i64): i64{
  let next:i
}

def sum_fib(max:i64): i64 {
0
}

def main_loop(iters:i64,max:i64): i64{
  let res: i64 = sum_fib(max);
  if iters == 0{
    res
  } else {
    main_loop(iters - 1, max)
  }
}

def main(iters:i64,max:i64): i64 {
  main_loop(iters,max)
}

INFO - got notification with method textDocument/didChange
INFO - loading text def sum_fib_acc(curr:i64,last:i64,max:i64,acc:i64): i64{
  let next:
}

def sum_fib(max:i64): i64 {
0
}

def main_loop(iters:i64,max:i64): i64{
  let res: i64 = sum_fib(max);
  if iters == 0{
    res
  } else {
    main_loop(iters - 1, max)
  }
}

def main(iters:i64,max:i64): i64 {
  main_loop(iters,max)
}

INFO - got notification with method textDocument/didChange
INFO - loading text def sum_fib_acc(curr:i64,last:i64,max:i64,acc:i64): i64{
  let next: 
}

def sum_fib(max:i64): i64 {
0
}

def main_loop(iters:i64,max:i64): i64{
  let res: i64 = sum_fib(max);
  if iters == 0{
    res
  } else {
    main_loop(iters - 1, max)
  }
}

def main(iters:i64,max:i64): i64 {
  main_loop(iters,max)
}

INFO - got notification with method textDocument/didChange
INFO - loading text def sum_fib_acc(curr:i64,last:i64,max:i64,acc:i64): i64{
  let next: i
}

def sum_fib(max:i64): i64 {
0
}

def main_loop(iters:i64,max:i64): i64{
  let res: i64 = sum_fib(max);
  if iters == 0{
    res
  } else {
    main_loop(iters - 1, max)
  }
}

def main(iters:i64,max:i64): i64 {
  main_loop(iters,max)
}

INFO - got notification with method textDocument/didChange
INFO - loading text def sum_fib_acc(curr:i64,last:i64,max:i64,acc:i64): i64{
  let next: i64
}

def sum_fib(max:i64): i64 {
0
}

def main_loop(iters:i64,max:i64): i64{
  let res: i64 = sum_fib(max);
  if iters == 0{
    res
  } else {
    main_loop(iters - 1, max)
  }
}

def main(iters:i64,max:i64): i64 {
  main_loop(iters,max)
}

INFO - got notification with method textDocument/didChange
INFO - loading text def sum_fib_acc(curr:i64,last:i64,max:i64,acc:i64): i64{
  let next: i64 
}

def sum_fib(max:i64): i64 {
0
}

def main_loop(iters:i64,max:i64): i64{
  let res: i64 = sum_fib(max);
  if iters == 0{
    res
  } else {
    main_loop(iters - 1, max)
  }
}

def main(iters:i64,max:i64): i64 {
  main_loop(iters,max)
}

INFO - got notification with method textDocument/didChange
INFO - loading text def sum_fib_acc(curr:i64,last:i64,max:i64,acc:i64): i64{
  let next: i64 = 
}

def sum_fib(max:i64): i64 {
0
}

def main_loop(iters:i64,max:i64): i64{
  let res: i64 = sum_fib(max);
  if iters == 0{
    res
  } else {
    main_loop(iters - 1, max)
  }
}

def main(iters:i64,max:i64): i64 {
  main_loop(iters,max)
}

INFO - got notification with method textDocument/didChange
INFO - loading text def sum_fib_acc(curr:i64,last:i64,max:i64,acc:i64): i64{
  let next: i64 = c
}

def sum_fib(max:i64): i64 {
0
}

def main_loop(iters:i64,max:i64): i64{
  let res: i64 = sum_fib(max);
  if iters == 0{
    res
  } else {
    main_loop(iters - 1, max)
  }
}

def main(iters:i64,max:i64): i64 {
  main_loop(iters,max)
}

INFO - got notification with method textDocument/didChange
INFO - loading text def sum_fib_acc(curr:i64,last:i64,max:i64,acc:i64): i64{
  let next: i64 = cu
}

def sum_fib(max:i64): i64 {
0
}

def main_loop(iters:i64,max:i64): i64{
  let res: i64 = sum_fib(max);
  if iters == 0{
    res
  } else {
    main_loop(iters - 1, max)
  }
}

def main(iters:i64,max:i64): i64 {
  main_loop(iters,max)
}

INFO - got notification with method textDocument/didChange
INFO - loading text def sum_fib_acc(curr:i64,last:i64,max:i64,acc:i64): i64{
  let next: i64 = curr
}

def sum_fib(max:i64): i64 {
0
}

def main_loop(iters:i64,max:i64): i64{
  let res: i64 = sum_fib(max);
  if iters == 0{
    res
  } else {
    main_loop(iters - 1, max)
  }
}

def main(iters:i64,max:i64): i64 {
  main_loop(iters,max)
}

INFO - got notification with method textDocument/didChange
INFO - loading text def sum_fib_acc(curr:i64,last:i64,max:i64,acc:i64): i64{
  let next: i64 = curr+
}

def sum_fib(max:i64): i64 {
0
}

def main_loop(iters:i64,max:i64): i64{
  let res: i64 = sum_fib(max);
  if iters == 0{
    res
  } else {
    main_loop(iters - 1, max)
  }
}

def main(iters:i64,max:i64): i64 {
  main_loop(iters,max)
}

INFO - got notification with method textDocument/didChange
INFO - loading text def sum_fib_acc(curr:i64,last:i64,max:i64,acc:i64): i64{
  let next: i64 = curr+ 
}

def sum_fib(max:i64): i64 {
0
}

def main_loop(iters:i64,max:i64): i64{
  let res: i64 = sum_fib(max);
  if iters == 0{
    res
  } else {
    main_loop(iters - 1, max)
  }
}

def main(iters:i64,max:i64): i64 {
  main_loop(iters,max)
}

INFO - got notification with method textDocument/didChange
INFO - loading text def sum_fib_acc(curr:i64,last:i64,max:i64,acc:i64): i64{
  let next: i64 = curr+
}

def sum_fib(max:i64): i64 {
0
}

def main_loop(iters:i64,max:i64): i64{
  let res: i64 = sum_fib(max);
  if iters == 0{
    res
  } else {
    main_loop(iters - 1, max)
  }
}

def main(iters:i64,max:i64): i64 {
  main_loop(iters,max)
}

INFO - got notification with method textDocument/didChange
INFO - loading text def sum_fib_acc(curr:i64,last:i64,max:i64,acc:i64): i64{
  let next: i64 = curr
}

def sum_fib(max:i64): i64 {
0
}

def main_loop(iters:i64,max:i64): i64{
  let res: i64 = sum_fib(max);
  if iters == 0{
    res
  } else {
    main_loop(iters - 1, max)
  }
}

def main(iters:i64,max:i64): i64 {
  main_loop(iters,max)
}

INFO - got notification with method textDocument/didChange
INFO - loading text def sum_fib_acc(curr:i64,last:i64,max:i64,acc:i64): i64{
  let next: i64 = curr 
}

def sum_fib(max:i64): i64 {
0
}

def main_loop(iters:i64,max:i64): i64{
  let res: i64 = sum_fib(max);
  if iters == 0{
    res
  } else {
    main_loop(iters - 1, max)
  }
}

def main(iters:i64,max:i64): i64 {
  main_loop(iters,max)
}

INFO - got notification with method textDocument/didChange
INFO - loading text def sum_fib_acc(curr:i64,last:i64,max:i64,acc:i64): i64{
  let next: i64 = curr + 
}

def sum_fib(max:i64): i64 {
0
}

def main_loop(iters:i64,max:i64): i64{
  let res: i64 = sum_fib(max);
  if iters == 0{
    res
  } else {
    main_loop(iters - 1, max)
  }
}

def main(iters:i64,max:i64): i64 {
  main_loop(iters,max)
}

INFO - got notification with method textDocument/didChange
INFO - loading text def sum_fib_acc(curr:i64,last:i64,max:i64,acc:i64): i64{
  let next: i64 = curr + l
}

def sum_fib(max:i64): i64 {
0
}

def main_loop(iters:i64,max:i64): i64{
  let res: i64 = sum_fib(max);
  if iters == 0{
    res
  } else {
    main_loop(iters - 1, max)
  }
}

def main(iters:i64,max:i64): i64 {
  main_loop(iters,max)
}

INFO - got notification with method textDocument/didChange
INFO - loading text def sum_fib_acc(curr:i64,last:i64,max:i64,acc:i64): i64{
  let next: i64 = curr + las
}

def sum_fib(max:i64): i64 {
0
}

def main_loop(iters:i64,max:i64): i64{
  let res: i64 = sum_fib(max);
  if iters == 0{
    res
  } else {
    main_loop(iters - 1, max)
  }
}

def main(iters:i64,max:i64): i64 {
  main_loop(iters,max)
}

INFO - got notification with method textDocument/didChange
INFO - loading text def sum_fib_acc(curr:i64,last:i64,max:i64,acc:i64): i64{
  let next: i64 = curr + last;
}

def sum_fib(max:i64): i64 {
0
}

def main_loop(iters:i64,max:i64): i64{
  let res: i64 = sum_fib(max);
  if iters == 0{
    res
  } else {
    main_loop(iters - 1, max)
  }
}

def main(iters:i64,max:i64): i64 {
  main_loop(iters,max)
}

INFO - got notification with method textDocument/didChange
INFO - loading text def sum_fib_acc(curr:i64,last:i64,max:i64,acc:i64): i64{
  let next: i64 = curr + last;
  
}

def sum_fib(max:i64): i64 {
0
}

def main_loop(iters:i64,max:i64): i64{
  let res: i64 = sum_fib(max);
  if iters == 0{
    res
  } else {
    main_loop(iters - 1, max)
  }
}

def main(iters:i64,max:i64): i64 {
  main_loop(iters,max)
}

INFO - got notification with method textDocument/didChange
INFO - loading text def sum_fib_acc(curr:i64,last:i64,max:i64,acc:i64): i64{
  let next: i64 = curr + last;
  i
}

def sum_fib(max:i64): i64 {
0
}

def main_loop(iters:i64,max:i64): i64{
  let res: i64 = sum_fib(max);
  if iters == 0{
    res
  } else {
    main_loop(iters - 1, max)
  }
}

def main(iters:i64,max:i64): i64 {
  main_loop(iters,max)
}

INFO - got notification with method textDocument/didChange
INFO - loading text def sum_fib_acc(curr:i64,last:i64,max:i64,acc:i64): i64{
  let next: i64 = curr + last;
  if 
}

def sum_fib(max:i64): i64 {
0
}

def main_loop(iters:i64,max:i64): i64{
  let res: i64 = sum_fib(max);
  if iters == 0{
    res
  } else {
    main_loop(iters - 1, max)
  }
}

def main(iters:i64,max:i64): i64 {
  main_loop(iters,max)
}

INFO - got notification with method textDocument/didChange
INFO - loading text def sum_fib_acc(curr:i64,last:i64,max:i64,acc:i64): i64{
  let next: i64 = curr + last;
  if n
}

def sum_fib(max:i64): i64 {
0
}

def main_loop(iters:i64,max:i64): i64{
  let res: i64 = sum_fib(max);
  if iters == 0{
    res
  } else {
    main_loop(iters - 1, max)
  }
}

def main(iters:i64,max:i64): i64 {
  main_loop(iters,max)
}

INFO - got notification with method textDocument/didChange
INFO - loading text def sum_fib_acc(curr:i64,last:i64,max:i64,acc:i64): i64{
  let next: i64 = curr + last;
  if ne
}

def sum_fib(max:i64): i64 {
0
}

def main_loop(iters:i64,max:i64): i64{
  let res: i64 = sum_fib(max);
  if iters == 0{
    res
  } else {
    main_loop(iters - 1, max)
  }
}

def main(iters:i64,max:i64): i64 {
  main_loop(iters,max)
}

INFO - got notification with method textDocument/didChange
INFO - loading text def sum_fib_acc(curr:i64,last:i64,max:i64,acc:i64): i64{
  let next: i64 = curr + last;
  if nexrt
}

def sum_fib(max:i64): i64 {
0
}

def main_loop(iters:i64,max:i64): i64{
  let res: i64 = sum_fib(max);
  if iters == 0{
    res
  } else {
    main_loop(iters - 1, max)
  }
}

def main(iters:i64,max:i64): i64 {
  main_loop(iters,max)
}

INFO - got notification with method textDocument/didChange
INFO - loading text def sum_fib_acc(curr:i64,last:i64,max:i64,acc:i64): i64{
  let next: i64 = curr + last;
  if nexr
}

def sum_fib(max:i64): i64 {
0
}

def main_loop(iters:i64,max:i64): i64{
  let res: i64 = sum_fib(max);
  if iters == 0{
    res
  } else {
    main_loop(iters - 1, max)
  }
}

def main(iters:i64,max:i64): i64 {
  main_loop(iters,max)
}

INFO - got notification with method textDocument/didChange
INFO - loading text def sum_fib_acc(curr:i64,last:i64,max:i64,acc:i64): i64{
  let next: i64 = curr + last;
  if nex
}

def sum_fib(max:i64): i64 {
0
}

def main_loop(iters:i64,max:i64): i64{
  let res: i64 = sum_fib(max);
  if iters == 0{
    res
  } else {
    main_loop(iters - 1, max)
  }
}

def main(iters:i64,max:i64): i64 {
  main_loop(iters,max)
}

INFO - got notification with method textDocument/didChange
INFO - loading text def sum_fib_acc(curr:i64,last:i64,max:i64,acc:i64): i64{
  let next: i64 = curr + last;
  if next
}

def sum_fib(max:i64): i64 {
0
}

def main_loop(iters:i64,max:i64): i64{
  let res: i64 = sum_fib(max);
  if iters == 0{
    res
  } else {
    main_loop(iters - 1, max)
  }
}

def main(iters:i64,max:i64): i64 {
  main_loop(iters,max)
}

INFO - got notification with method textDocument/didChange
INFO - loading text def sum_fib_acc(curr:i64,last:i64,max:i64,acc:i64): i64{
  let next: i64 = curr + last;
  if next 
}

def sum_fib(max:i64): i64 {
0
}

def main_loop(iters:i64,max:i64): i64{
  let res: i64 = sum_fib(max);
  if iters == 0{
    res
  } else {
    main_loop(iters - 1, max)
  }
}

def main(iters:i64,max:i64): i64 {
  main_loop(iters,max)
}

INFO - got notification with method textDocument/didChange
INFO - loading text def sum_fib_acc(curr:i64,last:i64,max:i64,acc:i64): i64{
  let next: i64 = curr + last;
  if next >
}

def sum_fib(max:i64): i64 {
0
}

def main_loop(iters:i64,max:i64): i64{
  let res: i64 = sum_fib(max);
  if iters == 0{
    res
  } else {
    main_loop(iters - 1, max)
  }
}

def main(iters:i64,max:i64): i64 {
  main_loop(iters,max)
}

INFO - got notification with method textDocument/didChange
INFO - loading text def sum_fib_acc(curr:i64,last:i64,max:i64,acc:i64): i64{
  let next: i64 = curr + last;
  if next > 
}

def sum_fib(max:i64): i64 {
0
}

def main_loop(iters:i64,max:i64): i64{
  let res: i64 = sum_fib(max);
  if iters == 0{
    res
  } else {
    main_loop(iters - 1, max)
  }
}

def main(iters:i64,max:i64): i64 {
  main_loop(iters,max)
}

INFO - got notification with method textDocument/didChange
INFO - loading text def sum_fib_acc(curr:i64,last:i64,max:i64,acc:i64): i64{
  let next: i64 = curr + last;
  if next > m
}

def sum_fib(max:i64): i64 {
0
}

def main_loop(iters:i64,max:i64): i64{
  let res: i64 = sum_fib(max);
  if iters == 0{
    res
  } else {
    main_loop(iters - 1, max)
  }
}

def main(iters:i64,max:i64): i64 {
  main_loop(iters,max)
}

INFO - got notification with method textDocument/didChange
INFO - loading text def sum_fib_acc(curr:i64,last:i64,max:i64,acc:i64): i64{
  let next: i64 = curr + last;
  if next > max
}

def sum_fib(max:i64): i64 {
0
}

def main_loop(iters:i64,max:i64): i64{
  let res: i64 = sum_fib(max);
  if iters == 0{
    res
  } else {
    main_loop(iters - 1, max)
  }
}

def main(iters:i64,max:i64): i64 {
  main_loop(iters,max)
}

INFO - got notification with method textDocument/didChange
INFO - loading text def sum_fib_acc(curr:i64,last:i64,max:i64,acc:i64): i64{
  let next: i64 = curr + last;
  if next > ma
}

def sum_fib(max:i64): i64 {
0
}

def main_loop(iters:i64,max:i64): i64{
  let res: i64 = sum_fib(max);
  if iters == 0{
    res
  } else {
    main_loop(iters - 1, max)
  }
}

def main(iters:i64,max:i64): i64 {
  main_loop(iters,max)
}

INFO - got notification with method textDocument/didChange
INFO - loading text def sum_fib_acc(curr:i64,last:i64,max:i64,acc:i64): i64{
  let next: i64 = curr + last;
  if next > m
}

def sum_fib(max:i64): i64 {
0
}

def main_loop(iters:i64,max:i64): i64{
  let res: i64 = sum_fib(max);
  if iters == 0{
    res
  } else {
    main_loop(iters - 1, max)
  }
}

def main(iters:i64,max:i64): i64 {
  main_loop(iters,max)
}

INFO - got notification with method textDocument/didChange
INFO - loading text def sum_fib_acc(curr:i64,last:i64,max:i64,acc:i64): i64{
  let next: i64 = curr + last;
  if next > 
}

def sum_fib(max:i64): i64 {
0
}

def main_loop(iters:i64,max:i64): i64{
  let res: i64 = sum_fib(max);
  if iters == 0{
    res
  } else {
    main_loop(iters - 1, max)
  }
}

def main(iters:i64,max:i64): i64 {
  main_loop(iters,max)
}

INFO - got notification with method textDocument/didChange
INFO - loading text def sum_fib_acc(curr:i64,last:i64,max:i64,acc:i64): i64{
  let next: i64 = curr + last;
  if next >
}

def sum_fib(max:i64): i64 {
0
}

def main_loop(iters:i64,max:i64): i64{
  let res: i64 = sum_fib(max);
  if iters == 0{
    res
  } else {
    main_loop(iters - 1, max)
  }
}

def main(iters:i64,max:i64): i64 {
  main_loop(iters,max)
}

INFO - got notification with method textDocument/didChange
INFO - loading text def sum_fib_acc(curr:i64,last:i64,max:i64,acc:i64): i64{
  let next: i64 = curr + last;
  if next >= 
}

def sum_fib(max:i64): i64 {
0
}

def main_loop(iters:i64,max:i64): i64{
  let res: i64 = sum_fib(max);
  if iters == 0{
    res
  } else {
    main_loop(iters - 1, max)
  }
}

def main(iters:i64,max:i64): i64 {
  main_loop(iters,max)
}

INFO - got notification with method textDocument/didChange
INFO - loading text def sum_fib_acc(curr:i64,last:i64,max:i64,acc:i64): i64{
  let next: i64 = curr + last;
  if next >= m
}

def sum_fib(max:i64): i64 {
0
}

def main_loop(iters:i64,max:i64): i64{
  let res: i64 = sum_fib(max);
  if iters == 0{
    res
  } else {
    main_loop(iters - 1, max)
  }
}

def main(iters:i64,max:i64): i64 {
  main_loop(iters,max)
}

INFO - got notification with method textDocument/didChange
INFO - loading text def sum_fib_acc(curr:i64,last:i64,max:i64,acc:i64): i64{
  let next: i64 = curr + last;
  if next >= max
}

def sum_fib(max:i64): i64 {
0
}

def main_loop(iters:i64,max:i64): i64{
  let res: i64 = sum_fib(max);
  if iters == 0{
    res
  } else {
    main_loop(iters - 1, max)
  }
}

def main(iters:i64,max:i64): i64 {
  main_loop(iters,max)
}

INFO - got notification with method textDocument/didChange
INFO - loading text def sum_fib_acc(curr:i64,last:i64,max:i64,acc:i64): i64{
  let next: i64 = curr + last;
  if next >= ma
}

def sum_fib(max:i64): i64 {
0
}

def main_loop(iters:i64,max:i64): i64{
  let res: i64 = sum_fib(max);
  if iters == 0{
    res
  } else {
    main_loop(iters - 1, max)
  }
}

def main(iters:i64,max:i64): i64 {
  main_loop(iters,max)
}

INFO - got notification with method textDocument/didChange
INFO - loading text def sum_fib_acc(curr:i64,last:i64,max:i64,acc:i64): i64{
  let next: i64 = curr + last;
  if next >= m
}

def sum_fib(max:i64): i64 {
0
}

def main_loop(iters:i64,max:i64): i64{
  let res: i64 = sum_fib(max);
  if iters == 0{
    res
  } else {
    main_loop(iters - 1, max)
  }
}

def main(iters:i64,max:i64): i64 {
  main_loop(iters,max)
}

INFO - got notification with method textDocument/didChange
INFO - loading text def sum_fib_acc(curr:i64,last:i64,max:i64,acc:i64): i64{
  let next: i64 = curr + last;
  if next >= 
}

def sum_fib(max:i64): i64 {
0
}

def main_loop(iters:i64,max:i64): i64{
  let res: i64 = sum_fib(max);
  if iters == 0{
    res
  } else {
    main_loop(iters - 1, max)
  }
}

def main(iters:i64,max:i64): i64 {
  main_loop(iters,max)
}

INFO - got notification with method textDocument/didChange
INFO - loading text def sum_fib_acc(curr:i64,last:i64,max:i64,acc:i64): i64{
  let next: i64 = curr + last;
  if next >=
}

def sum_fib(max:i64): i64 {
0
}

def main_loop(iters:i64,max:i64): i64{
  let res: i64 = sum_fib(max);
  if iters == 0{
    res
  } else {
    main_loop(iters - 1, max)
  }
}

def main(iters:i64,max:i64): i64 {
  main_loop(iters,max)
}

INFO - got notification with method textDocument/didChange
INFO - loading text def sum_fib_acc(curr:i64,last:i64,max:i64,acc:i64): i64{
  let next: i64 = curr + last;
  if next > 
}

def sum_fib(max:i64): i64 {
0
}

def main_loop(iters:i64,max:i64): i64{
  let res: i64 = sum_fib(max);
  if iters == 0{
    res
  } else {
    main_loop(iters - 1, max)
  }
}

def main(iters:i64,max:i64): i64 {
  main_loop(iters,max)
}

INFO - got notification with method textDocument/didChange
INFO - loading text def sum_fib_acc(curr:i64,last:i64,max:i64,acc:i64): i64{
  let next: i64 = curr + last;
  if next > m
}

def sum_fib(max:i64): i64 {
0
}

def main_loop(iters:i64,max:i64): i64{
  let res: i64 = sum_fib(max);
  if iters == 0{
    res
  } else {
    main_loop(iters - 1, max)
  }
}

def main(iters:i64,max:i64): i64 {
  main_loop(iters,max)
}

INFO - got notification with method textDocument/didChange
INFO - loading text def sum_fib_acc(curr:i64,last:i64,max:i64,acc:i64): i64{
  let next: i64 = curr + last;
  if next > max
}

def sum_fib(max:i64): i64 {
0
}

def main_loop(iters:i64,max:i64): i64{
  let res: i64 = sum_fib(max);
  if iters == 0{
    res
  } else {
    main_loop(iters - 1, max)
  }
}

def main(iters:i64,max:i64): i64 {
  main_loop(iters,max)
}

INFO - got notification with method textDocument/didChange
INFO - loading text def sum_fib_acc(curr:i64,last:i64,max:i64,acc:i64): i64{
  let next: i64 = curr + last;
  if next > max{
}

def sum_fib(max:i64): i64 {
0
}

def main_loop(iters:i64,max:i64): i64{
  let res: i64 = sum_fib(max);
  if iters == 0{
    res
  } else {
    main_loop(iters - 1, max)
  }
}

def main(iters:i64,max:i64): i64 {
  main_loop(iters,max)
}

INFO - got notification with method textDocument/didChange
INFO - loading text def sum_fib_acc(curr:i64,last:i64,max:i64,acc:i64): i64{
  let next: i64 = curr + last;
  if next > max{
  
}

def sum_fib(max:i64): i64 {
0
}

def main_loop(iters:i64,max:i64): i64{
  let res: i64 = sum_fib(max);
  if iters == 0{
    res
  } else {
    main_loop(iters - 1, max)
  }
}

def main(iters:i64,max:i64): i64 {
  main_loop(iters,max)
}

INFO - got notification with method textDocument/didChange
INFO - loading text def sum_fib_acc(curr:i64,last:i64,max:i64,acc:i64): i64{
  let next: i64 = curr + last;
  if next > max{
  }
}

def sum_fib(max:i64): i64 {
0
}

def main_loop(iters:i64,max:i64): i64{
  let res: i64 = sum_fib(max);
  if iters == 0{
    res
  } else {
    main_loop(iters - 1, max)
  }
}

def main(iters:i64,max:i64): i64 {
  main_loop(iters,max)
}

INFO - got notification with method textDocument/didChange
INFO - loading text def sum_fib_acc(curr:i64,last:i64,max:i64,acc:i64): i64{
  let next: i64 = curr + last;
  if next > max{
  
  }
}

def sum_fib(max:i64): i64 {
0
}

def main_loop(iters:i64,max:i64): i64{
  let res: i64 = sum_fib(max);
  if iters == 0{
    res
  } else {
    main_loop(iters - 1, max)
  }
}

def main(iters:i64,max:i64): i64 {
  main_loop(iters,max)
}

INFO - got notification with method textDocument/didChange
INFO - loading text def sum_fib_acc(curr:i64,last:i64,max:i64,acc:i64): i64{
  let next: i64 = curr + last;
  if next > max{
   
  }
}

def sum_fib(max:i64): i64 {
0
}

def main_loop(iters:i64,max:i64): i64{
  let res: i64 = sum_fib(max);
  if iters == 0{
    res
  } else {
    main_loop(iters - 1, max)
  }
}

def main(iters:i64,max:i64): i64 {
  main_loop(iters,max)
}

INFO - got notification with method textDocument/didChange
INFO - loading text def sum_fib_acc(curr:i64,last:i64,max:i64,acc:i64): i64{
  let next: i64 = curr + last;
  if next > max{
    
  }
}

def sum_fib(max:i64): i64 {
0
}

def main_loop(iters:i64,max:i64): i64{
  let res: i64 = sum_fib(max);
  if iters == 0{
    res
  } else {
    main_loop(iters - 1, max)
  }
}

def main(iters:i64,max:i64): i64 {
  main_loop(iters,max)
}

INFO - got notification with method textDocument/didChange
INFO - loading text def sum_fib_acc(curr:i64,last:i64,max:i64,acc:i64): i64{
  let next: i64 = curr + last;
  if next > max{
    a
  }
}

def sum_fib(max:i64): i64 {
0
}

def main_loop(iters:i64,max:i64): i64{
  let res: i64 = sum_fib(max);
  if iters == 0{
    res
  } else {
    main_loop(iters - 1, max)
  }
}

def main(iters:i64,max:i64): i64 {
  main_loop(iters,max)
}

INFO - got notification with method textDocument/didChange
INFO - loading text def sum_fib_acc(curr:i64,last:i64,max:i64,acc:i64): i64{
  let next: i64 = curr + last;
  if next > max{
    ac
  }
}

def sum_fib(max:i64): i64 {
0
}

def main_loop(iters:i64,max:i64): i64{
  let res: i64 = sum_fib(max);
  if iters == 0{
    res
  } else {
    main_loop(iters - 1, max)
  }
}

def main(iters:i64,max:i64): i64 {
  main_loop(iters,max)
}

INFO - got notification with method textDocument/didChange
INFO - loading text def sum_fib_acc(curr:i64,last:i64,max:i64,acc:i64): i64{
  let next: i64 = curr + last;
  if next > max{
    acc
  }
}

def sum_fib(max:i64): i64 {
0
}

def main_loop(iters:i64,max:i64): i64{
  let res: i64 = sum_fib(max);
  if iters == 0{
    res
  } else {
    main_loop(iters - 1, max)
  }
}

def main(iters:i64,max:i64): i64 {
  main_loop(iters,max)
}

INFO - got notification with method textDocument/didChange
INFO - loading text def sum_fib_acc(curr:i64,last:i64,max:i64,acc:i64): i64{
  let next: i64 = curr + last;
  if next > max{
    acc
  }e
}

def sum_fib(max:i64): i64 {
0
}

def main_loop(iters:i64,max:i64): i64{
  let res: i64 = sum_fib(max);
  if iters == 0{
    res
  } else {
    main_loop(iters - 1, max)
  }
}

def main(iters:i64,max:i64): i64 {
  main_loop(iters,max)
}

INFO - got notification with method textDocument/didChange
INFO - loading text def sum_fib_acc(curr:i64,last:i64,max:i64,acc:i64): i64{
  let next: i64 = curr + last;
  if next > max{
    acc
  }el
}

def sum_fib(max:i64): i64 {
0
}

def main_loop(iters:i64,max:i64): i64{
  let res: i64 = sum_fib(max);
  if iters == 0{
    res
  } else {
    main_loop(iters - 1, max)
  }
}

def main(iters:i64,max:i64): i64 {
  main_loop(iters,max)
}

INFO - got notification with method textDocument/didChange
INFO - loading text def sum_fib_acc(curr:i64,last:i64,max:i64,acc:i64): i64{
  let next: i64 = curr + last;
  if next > max{
    acc
  }els
}

def sum_fib(max:i64): i64 {
0
}

def main_loop(iters:i64,max:i64): i64{
  let res: i64 = sum_fib(max);
  if iters == 0{
    res
  } else {
    main_loop(iters - 1, max)
  }
}

def main(iters:i64,max:i64): i64 {
  main_loop(iters,max)
}

INFO - got notification with method textDocument/didChange
INFO - loading text def sum_fib_acc(curr:i64,last:i64,max:i64,acc:i64): i64{
  let next: i64 = curr + last;
  if next > max{
    acc
  }else
}

def sum_fib(max:i64): i64 {
0
}

def main_loop(iters:i64,max:i64): i64{
  let res: i64 = sum_fib(max);
  if iters == 0{
    res
  } else {
    main_loop(iters - 1, max)
  }
}

def main(iters:i64,max:i64): i64 {
  main_loop(iters,max)
}

INFO - got notification with method textDocument/didChange
INFO - loading text def sum_fib_acc(curr:i64,last:i64,max:i64,acc:i64): i64{
  let next: i64 = curr + last;
  if next > max{
    acc
  }else{
}

def sum_fib(max:i64): i64 {
0
}

def main_loop(iters:i64,max:i64): i64{
  let res: i64 = sum_fib(max);
  if iters == 0{
    res
  } else {
    main_loop(iters - 1, max)
  }
}

def main(iters:i64,max:i64): i64 {
  main_loop(iters,max)
}

INFO - got notification with method textDocument/didChange
INFO - loading text def sum_fib_acc(curr:i64,last:i64,max:i64,acc:i64): i64{
  let next: i64 = curr + last;
  if next > max{
    acc
  }else{
  
}

def sum_fib(max:i64): i64 {
0
}

def main_loop(iters:i64,max:i64): i64{
  let res: i64 = sum_fib(max);
  if iters == 0{
    res
  } else {
    main_loop(iters - 1, max)
  }
}

def main(iters:i64,max:i64): i64 {
  main_loop(iters,max)
}

INFO - got notification with method textDocument/didChange
INFO - loading text def sum_fib_acc(curr:i64,last:i64,max:i64,acc:i64): i64{
  let next: i64 = curr + last;
  if next > max{
    acc
  }else{
  }
}

def sum_fib(max:i64): i64 {
0
}

def main_loop(iters:i64,max:i64): i64{
  let res: i64 = sum_fib(max);
  if iters == 0{
    res
  } else {
    main_loop(iters - 1, max)
  }
}

def main(iters:i64,max:i64): i64 {
  main_loop(iters,max)
}

INFO - got notification with method textDocument/didChange
INFO - loading text def sum_fib_acc(curr:i64,last:i64,max:i64,acc:i64): i64{
  let next: i64 = curr + last;
  if next > max{
    acc
  }else{
  
  }
}

def sum_fib(max:i64): i64 {
0
}

def main_loop(iters:i64,max:i64): i64{
  let res: i64 = sum_fib(max);
  if iters == 0{
    res
  } else {
    main_loop(iters - 1, max)
  }
}

def main(iters:i64,max:i64): i64 {
  main_loop(iters,max)
}

INFO - got notification with method textDocument/didChange
INFO - loading text def sum_fib_acc(curr:i64,last:i64,max:i64,acc:i64): i64{
  let next: i64 = curr + last;
  if next > max{
    acc
  }else{
   
  }
}

def sum_fib(max:i64): i64 {
0
}

def main_loop(iters:i64,max:i64): i64{
  let res: i64 = sum_fib(max);
  if iters == 0{
    res
  } else {
    main_loop(iters - 1, max)
  }
}

def main(iters:i64,max:i64): i64 {
  main_loop(iters,max)
}

INFO - got notification with method textDocument/didChange
INFO - loading text def sum_fib_acc(curr:i64,last:i64,max:i64,acc:i64): i64{
  let next: i64 = curr + last;
  if next > max{
    acc
  }else{
    
  }
}

def sum_fib(max:i64): i64 {
0
}

def main_loop(iters:i64,max:i64): i64{
  let res: i64 = sum_fib(max);
  if iters == 0{
    res
  } else {
    main_loop(iters - 1, max)
  }
}

def main(iters:i64,max:i64): i64 {
  main_loop(iters,max)
}

INFO - got notification with method textDocument/didChange
INFO - loading text def sum_fib_acc(curr:i64,last:i64,max:i64,acc:i64): i64{
  let next: i64 = curr + last;
  if next > max{
    acc
  }else{
    i
  }
}

def sum_fib(max:i64): i64 {
0
}

def main_loop(iters:i64,max:i64): i64{
  let res: i64 = sum_fib(max);
  if iters == 0{
    res
  } else {
    main_loop(iters - 1, max)
  }
}

def main(iters:i64,max:i64): i64 {
  main_loop(iters,max)
}

INFO - got notification with method textDocument/didChange
INFO - loading text def sum_fib_acc(curr:i64,last:i64,max:i64,acc:i64): i64{
  let next: i64 = curr + last;
  if next > max{
    acc
  }else{
    if 
  }
}

def sum_fib(max:i64): i64 {
0
}

def main_loop(iters:i64,max:i64): i64{
  let res: i64 = sum_fib(max);
  if iters == 0{
    res
  } else {
    main_loop(iters - 1, max)
  }
}

def main(iters:i64,max:i64): i64 {
  main_loop(iters,max)
}

INFO - got notification with method textDocument/didChange
INFO - loading text def sum_fib_acc(curr:i64,last:i64,max:i64,acc:i64): i64{
  let next: i64 = curr + last;
  if next > max{
    acc
  }else{
    if n
  }
}

def sum_fib(max:i64): i64 {
0
}

def main_loop(iters:i64,max:i64): i64{
  let res: i64 = sum_fib(max);
  if iters == 0{
    res
  } else {
    main_loop(iters - 1, max)
  }
}

def main(iters:i64,max:i64): i64 {
  main_loop(iters,max)
}

INFO - got notification with method textDocument/didChange
INFO - loading text def sum_fib_acc(curr:i64,last:i64,max:i64,acc:i64): i64{
  let next: i64 = curr + last;
  if next > max{
    acc
  }else{
    if ne
  }
}

def sum_fib(max:i64): i64 {
0
}

def main_loop(iters:i64,max:i64): i64{
  let res: i64 = sum_fib(max);
  if iters == 0{
    res
  } else {
    main_loop(iters - 1, max)
  }
}

def main(iters:i64,max:i64): i64 {
  main_loop(iters,max)
}

INFO - got notification with method textDocument/didChange
INFO - loading text def sum_fib_acc(curr:i64,last:i64,max:i64,acc:i64): i64{
  let next: i64 = curr + last;
  if next > max{
    acc
  }else{
    if nex
  }
}

def sum_fib(max:i64): i64 {
0
}

def main_loop(iters:i64,max:i64): i64{
  let res: i64 = sum_fib(max);
  if iters == 0{
    res
  } else {
    main_loop(iters - 1, max)
  }
}

def main(iters:i64,max:i64): i64 {
  main_loop(iters,max)
}

INFO - got notification with method textDocument/didChange
INFO - loading text def sum_fib_acc(curr:i64,last:i64,max:i64,acc:i64): i64{
  let next: i64 = curr + last;
  if next > max{
    acc
  }else{
    if next
  }
}

def sum_fib(max:i64): i64 {
0
}

def main_loop(iters:i64,max:i64): i64{
  let res: i64 = sum_fib(max);
  if iters == 0{
    res
  } else {
    main_loop(iters - 1, max)
  }
}

def main(iters:i64,max:i64): i64 {
  main_loop(iters,max)
}

INFO - got notification with method textDocument/didChange
INFO - loading text def sum_fib_acc(curr:i64,last:i64,max:i64,acc:i64): i64{
  let next: i64 = curr + last;
  if next > max{
    acc
  }else{
    if next 
  }
}

def sum_fib(max:i64): i64 {
0
}

def main_loop(iters:i64,max:i64): i64{
  let res: i64 = sum_fib(max);
  if iters == 0{
    res
  } else {
    main_loop(iters - 1, max)
  }
}

def main(iters:i64,max:i64): i64 {
  main_loop(iters,max)
}

INFO - got notification with method textDocument/didChange
INFO - loading text def sum_fib_acc(curr:i64,last:i64,max:i64,acc:i64): i64{
  let next: i64 = curr + last;
  if next > max{
    acc
  }else{
    if next %
  }
}

def sum_fib(max:i64): i64 {
0
}

def main_loop(iters:i64,max:i64): i64{
  let res: i64 = sum_fib(max);
  if iters == 0{
    res
  } else {
    main_loop(iters - 1, max)
  }
}

def main(iters:i64,max:i64): i64 {
  main_loop(iters,max)
}

INFO - got notification with method textDocument/didChange
INFO - loading text def sum_fib_acc(curr:i64,last:i64,max:i64,acc:i64): i64{
  let next: i64 = curr + last;
  if next > max{
    acc
  }else{
    if next % 
  }
}

def sum_fib(max:i64): i64 {
0
}

def main_loop(iters:i64,max:i64): i64{
  let res: i64 = sum_fib(max);
  if iters == 0{
    res
  } else {
    main_loop(iters - 1, max)
  }
}

def main(iters:i64,max:i64): i64 {
  main_loop(iters,max)
}

INFO - got notification with method textDocument/didChange
INFO - loading text def sum_fib_acc(curr:i64,last:i64,max:i64,acc:i64): i64{
  let next: i64 = curr + last;
  if next > max{
    acc
  }else{
    if next % 2
  }
}

def sum_fib(max:i64): i64 {
0
}

def main_loop(iters:i64,max:i64): i64{
  let res: i64 = sum_fib(max);
  if iters == 0{
    res
  } else {
    main_loop(iters - 1, max)
  }
}

def main(iters:i64,max:i64): i64 {
  main_loop(iters,max)
}

INFO - got notification with method textDocument/didChange
INFO - loading text def sum_fib_acc(curr:i64,last:i64,max:i64,acc:i64): i64{
  let next: i64 = curr + last;
  if next > max{
    acc
  }else{
    if next % 2 
  }
}

def sum_fib(max:i64): i64 {
0
}

def main_loop(iters:i64,max:i64): i64{
  let res: i64 = sum_fib(max);
  if iters == 0{
    res
  } else {
    main_loop(iters - 1, max)
  }
}

def main(iters:i64,max:i64): i64 {
  main_loop(iters,max)
}

INFO - got notification with method textDocument/didChange
INFO - loading text def sum_fib_acc(curr:i64,last:i64,max:i64,acc:i64): i64{
  let next: i64 = curr + last;
  if next > max{
    acc
  }else{
    if next % 2 =
  }
}

def sum_fib(max:i64): i64 {
0
}

def main_loop(iters:i64,max:i64): i64{
  let res: i64 = sum_fib(max);
  if iters == 0{
    res
  } else {
    main_loop(iters - 1, max)
  }
}

def main(iters:i64,max:i64): i64 {
  main_loop(iters,max)
}

INFO - got notification with method textDocument/didChange
INFO - loading text def sum_fib_acc(curr:i64,last:i64,max:i64,acc:i64): i64{
  let next: i64 = curr + last;
  if next > max{
    acc
  }else{
    if next % 2 == 
  }
}

def sum_fib(max:i64): i64 {
0
}

def main_loop(iters:i64,max:i64): i64{
  let res: i64 = sum_fib(max);
  if iters == 0{
    res
  } else {
    main_loop(iters - 1, max)
  }
}

def main(iters:i64,max:i64): i64 {
  main_loop(iters,max)
}

INFO - got notification with method textDocument/didChange
INFO - loading text def sum_fib_acc(curr:i64,last:i64,max:i64,acc:i64): i64{
  let next: i64 = curr + last;
  if next > max{
    acc
  }else{
    if next % 2 == 0 
  }
}

def sum_fib(max:i64): i64 {
0
}

def main_loop(iters:i64,max:i64): i64{
  let res: i64 = sum_fib(max);
  if iters == 0{
    res
  } else {
    main_loop(iters - 1, max)
  }
}

def main(iters:i64,max:i64): i64 {
  main_loop(iters,max)
}

INFO - got notification with method textDocument/didChange
INFO - loading text def sum_fib_acc(curr:i64,last:i64,max:i64,acc:i64): i64{
  let next: i64 = curr + last;
  if next > max{
    acc
  }else{
    if next % 2 == 0 {
  }
}

def sum_fib(max:i64): i64 {
0
}

def main_loop(iters:i64,max:i64): i64{
  let res: i64 = sum_fib(max);
  if iters == 0{
    res
  } else {
    main_loop(iters - 1, max)
  }
}

def main(iters:i64,max:i64): i64 {
  main_loop(iters,max)
}

INFO - got notification with method textDocument/didChange
INFO - loading text def sum_fib_acc(curr:i64,last:i64,max:i64,acc:i64): i64{
  let next: i64 = curr + last;
  if next > max{
    acc
  }else{
    if next % 2 == 0 {
    
  }
}

def sum_fib(max:i64): i64 {
0
}

def main_loop(iters:i64,max:i64): i64{
  let res: i64 = sum_fib(max);
  if iters == 0{
    res
  } else {
    main_loop(iters - 1, max)
  }
}

def main(iters:i64,max:i64): i64 {
  main_loop(iters,max)
}

INFO - got notification with method textDocument/didChange
INFO - loading text def sum_fib_acc(curr:i64,last:i64,max:i64,acc:i64): i64{
  let next: i64 = curr + last;
  if next > max{
    acc
  }else{
    if next % 2 == 0 {
    }
  }
}

def sum_fib(max:i64): i64 {
0
}

def main_loop(iters:i64,max:i64): i64{
  let res: i64 = sum_fib(max);
  if iters == 0{
    res
  } else {
    main_loop(iters - 1, max)
  }
}

def main(iters:i64,max:i64): i64 {
  main_loop(iters,max)
}

INFO - got notification with method textDocument/didChange
INFO - loading text def sum_fib_acc(curr:i64,last:i64,max:i64,acc:i64): i64{
  let next: i64 = curr + last;
  if next > max{
    acc
  }else{
    if next % 2 == 0 {
    
    }
  }
}

def sum_fib(max:i64): i64 {
0
}

def main_loop(iters:i64,max:i64): i64{
  let res: i64 = sum_fib(max);
  if iters == 0{
    res
  } else {
    main_loop(iters - 1, max)
  }
}

def main(iters:i64,max:i64): i64 {
  main_loop(iters,max)
}

INFO - got notification with method textDocument/didChange
INFO - loading text def sum_fib_acc(curr:i64,last:i64,max:i64,acc:i64): i64{
  let next: i64 = curr + last;
  if next > max{
    acc
  }else{
    if next % 2 == 0 {
     
    }
  }
}

def sum_fib(max:i64): i64 {
0
}

def main_loop(iters:i64,max:i64): i64{
  let res: i64 = sum_fib(max);
  if iters == 0{
    res
  } else {
    main_loop(iters - 1, max)
  }
}

def main(iters:i64,max:i64): i64 {
  main_loop(iters,max)
}

INFO - got notification with method textDocument/didChange
INFO - loading text def sum_fib_acc(curr:i64,last:i64,max:i64,acc:i64): i64{
  let next: i64 = curr + last;
  if next > max{
    acc
  }else{
    if next % 2 == 0 {
      
    }
  }
}

def sum_fib(max:i64): i64 {
0
}

def main_loop(iters:i64,max:i64): i64{
  let res: i64 = sum_fib(max);
  if iters == 0{
    res
  } else {
    main_loop(iters - 1, max)
  }
}

def main(iters:i64,max:i64): i64 {
  main_loop(iters,max)
}

INFO - got notification with method textDocument/didChange
INFO - loading text def sum_fib_acc(curr:i64,last:i64,max:i64,acc:i64): i64{
  let next: i64 = curr + last;
  if next > max{
    acc
  }else{
    if next % 2 == 0 {
      s
    }
  }
}

def sum_fib(max:i64): i64 {
0
}

def main_loop(iters:i64,max:i64): i64{
  let res: i64 = sum_fib(max);
  if iters == 0{
    res
  } else {
    main_loop(iters - 1, max)
  }
}

def main(iters:i64,max:i64): i64 {
  main_loop(iters,max)
}

INFO - got notification with method textDocument/didChange
INFO - loading text def sum_fib_acc(curr:i64,last:i64,max:i64,acc:i64): i64{
  let next: i64 = curr + last;
  if next > max{
    acc
  }else{
    if next % 2 == 0 {
      su
    }
  }
}

def sum_fib(max:i64): i64 {
0
}

def main_loop(iters:i64,max:i64): i64{
  let res: i64 = sum_fib(max);
  if iters == 0{
    res
  } else {
    main_loop(iters - 1, max)
  }
}

def main(iters:i64,max:i64): i64 {
  main_loop(iters,max)
}

INFO - got notification with method textDocument/didChange
INFO - loading text def sum_fib_acc(curr:i64,last:i64,max:i64,acc:i64): i64{
  let next: i64 = curr + last;
  if next > max{
    acc
  }else{
    if next % 2 == 0 {
      sum
    }
  }
}

def sum_fib(max:i64): i64 {
0
}

def main_loop(iters:i64,max:i64): i64{
  let res: i64 = sum_fib(max);
  if iters == 0{
    res
  } else {
    main_loop(iters - 1, max)
  }
}

def main(iters:i64,max:i64): i64 {
  main_loop(iters,max)
}

INFO - got notification with method textDocument/didChange
INFO - loading text def sum_fib_acc(curr:i64,last:i64,max:i64,acc:i64): i64{
  let next: i64 = curr + last;
  if next > max{
    acc
  }else{
    if next % 2 == 0 {
      sum_
    }
  }
}

def sum_fib(max:i64): i64 {
0
}

def main_loop(iters:i64,max:i64): i64{
  let res: i64 = sum_fib(max);
  if iters == 0{
    res
  } else {
    main_loop(iters - 1, max)
  }
}

def main(iters:i64,max:i64): i64 {
  main_loop(iters,max)
}

INFO - got notification with method textDocument/didChange
INFO - loading text def sum_fib_acc(curr:i64,last:i64,max:i64,acc:i64): i64{
  let next: i64 = curr + last;
  if next > max{
    acc
  }else{
    if next % 2 == 0 {
      sum_f
    }
  }
}

def sum_fib(max:i64): i64 {
0
}

def main_loop(iters:i64,max:i64): i64{
  let res: i64 = sum_fib(max);
  if iters == 0{
    res
  } else {
    main_loop(iters - 1, max)
  }
}

def main(iters:i64,max:i64): i64 {
  main_loop(iters,max)
}

INFO - got notification with method textDocument/didChange
INFO - loading text def sum_fib_acc(curr:i64,last:i64,max:i64,acc:i64): i64{
  let next: i64 = curr + last;
  if next > max{
    acc
  }else{
    if next % 2 == 0 {
      sum_fi
    }
  }
}

def sum_fib(max:i64): i64 {
0
}

def main_loop(iters:i64,max:i64): i64{
  let res: i64 = sum_fib(max);
  if iters == 0{
    res
  } else {
    main_loop(iters - 1, max)
  }
}

def main(iters:i64,max:i64): i64 {
  main_loop(iters,max)
}

INFO - got notification with method textDocument/didChange
INFO - loading text def sum_fib_acc(curr:i64,last:i64,max:i64,acc:i64): i64{
  let next: i64 = curr + last;
  if next > max{
    acc
  }else{
    if next % 2 == 0 {
      sum_fib
    }
  }
}

def sum_fib(max:i64): i64 {
0
}

def main_loop(iters:i64,max:i64): i64{
  let res: i64 = sum_fib(max);
  if iters == 0{
    res
  } else {
    main_loop(iters - 1, max)
  }
}

def main(iters:i64,max:i64): i64 {
  main_loop(iters,max)
}

INFO - got notification with method textDocument/didChange
INFO - loading text def sum_fib_acc(curr:i64,last:i64,max:i64,acc:i64): i64{
  let next: i64 = curr + last;
  if next > max{
    acc
  }else{
    if next % 2 == 0 {
      sum_fib_
    }
  }
}

def sum_fib(max:i64): i64 {
0
}

def main_loop(iters:i64,max:i64): i64{
  let res: i64 = sum_fib(max);
  if iters == 0{
    res
  } else {
    main_loop(iters - 1, max)
  }
}

def main(iters:i64,max:i64): i64 {
  main_loop(iters,max)
}

INFO - got notification with method textDocument/didChange
INFO - loading text def sum_fib_acc(curr:i64,last:i64,max:i64,acc:i64): i64{
  let next: i64 = curr + last;
  if next > max{
    acc
  }else{
    if next % 2 == 0 {
      sum_fib_a
    }
  }
}

def sum_fib(max:i64): i64 {
0
}

def main_loop(iters:i64,max:i64): i64{
  let res: i64 = sum_fib(max);
  if iters == 0{
    res
  } else {
    main_loop(iters - 1, max)
  }
}

def main(iters:i64,max:i64): i64 {
  main_loop(iters,max)
}

INFO - got notification with method textDocument/didChange
INFO - loading text def sum_fib_acc(curr:i64,last:i64,max:i64,acc:i64): i64{
  let next: i64 = curr + last;
  if next > max{
    acc
  }else{
    if next % 2 == 0 {
      sum_fib_ac
    }
  }
}

def sum_fib(max:i64): i64 {
0
}

def main_loop(iters:i64,max:i64): i64{
  let res: i64 = sum_fib(max);
  if iters == 0{
    res
  } else {
    main_loop(iters - 1, max)
  }
}

def main(iters:i64,max:i64): i64 {
  main_loop(iters,max)
}

INFO - got notification with method textDocument/didChange
INFO - loading text def sum_fib_acc(curr:i64,last:i64,max:i64,acc:i64): i64{
  let next: i64 = curr + last;
  if next > max{
    acc
  }else{
    if next % 2 == 0 {
      sum_fib_acc
    }
  }
}

def sum_fib(max:i64): i64 {
0
}

def main_loop(iters:i64,max:i64): i64{
  let res: i64 = sum_fib(max);
  if iters == 0{
    res
  } else {
    main_loop(iters - 1, max)
  }
}

def main(iters:i64,max:i64): i64 {
  main_loop(iters,max)
}

INFO - got notification with method textDocument/didChange
INFO - loading text def sum_fib_acc(curr:i64,last:i64,max:i64,acc:i64): i64{
  let next: i64 = curr + last;
  if next > max{
    acc
  }else{
    if next % 2 == 0 {
      sum_fib_acc(
    }
  }
}

def sum_fib(max:i64): i64 {
0
}

def main_loop(iters:i64,max:i64): i64{
  let res: i64 = sum_fib(max);
  if iters == 0{
    res
  } else {
    main_loop(iters - 1, max)
  }
}

def main(iters:i64,max:i64): i64 {
  main_loop(iters,max)
}

INFO - got notification with method textDocument/didChange
INFO - loading text def sum_fib_acc(curr:i64,last:i64,max:i64,acc:i64): i64{
  let next: i64 = curr + last;
  if next > max{
    acc
  }else{
    if next % 2 == 0 {
      sum_fib_acc(n
    }
  }
}

def sum_fib(max:i64): i64 {
0
}

def main_loop(iters:i64,max:i64): i64{
  let res: i64 = sum_fib(max);
  if iters == 0{
    res
  } else {
    main_loop(iters - 1, max)
  }
}

def main(iters:i64,max:i64): i64 {
  main_loop(iters,max)
}

INFO - got notification with method textDocument/didChange
INFO - loading text def sum_fib_acc(curr:i64,last:i64,max:i64,acc:i64): i64{
  let next: i64 = curr + last;
  if next > max{
    acc
  }else{
    if next % 2 == 0 {
      sum_fib_acc(ne
    }
  }
}

def sum_fib(max:i64): i64 {
0
}

def main_loop(iters:i64,max:i64): i64{
  let res: i64 = sum_fib(max);
  if iters == 0{
    res
  } else {
    main_loop(iters - 1, max)
  }
}

def main(iters:i64,max:i64): i64 {
  main_loop(iters,max)
}

INFO - got notification with method textDocument/didChange
INFO - loading text def sum_fib_acc(curr:i64,last:i64,max:i64,acc:i64): i64{
  let next: i64 = curr + last;
  if next > max{
    acc
  }else{
    if next % 2 == 0 {
      sum_fib_acc(next
    }
  }
}

def sum_fib(max:i64): i64 {
0
}

def main_loop(iters:i64,max:i64): i64{
  let res: i64 = sum_fib(max);
  if iters == 0{
    res
  } else {
    main_loop(iters - 1, max)
  }
}

def main(iters:i64,max:i64): i64 {
  main_loop(iters,max)
}

INFO - got notification with method textDocument/didChange
INFO - loading text def sum_fib_acc(curr:i64,last:i64,max:i64,acc:i64): i64{
  let next: i64 = curr + last;
  if next > max{
    acc
  }else{
    if next % 2 == 0 {
      sum_fib_acc(next,
    }
  }
}

def sum_fib(max:i64): i64 {
0
}

def main_loop(iters:i64,max:i64): i64{
  let res: i64 = sum_fib(max);
  if iters == 0{
    res
  } else {
    main_loop(iters - 1, max)
  }
}

def main(iters:i64,max:i64): i64 {
  main_loop(iters,max)
}

INFO - got notification with method textDocument/didChange
INFO - loading text def sum_fib_acc(curr:i64,last:i64,max:i64,acc:i64): i64{
  let next: i64 = curr + last;
  if next > max{
    acc
  }else{
    if next % 2 == 0 {
      sum_fib_acc(next,c
    }
  }
}

def sum_fib(max:i64): i64 {
0
}

def main_loop(iters:i64,max:i64): i64{
  let res: i64 = sum_fib(max);
  if iters == 0{
    res
  } else {
    main_loop(iters - 1, max)
  }
}

def main(iters:i64,max:i64): i64 {
  main_loop(iters,max)
}

INFO - got notification with method textDocument/didChange
INFO - loading text def sum_fib_acc(curr:i64,last:i64,max:i64,acc:i64): i64{
  let next: i64 = curr + last;
  if next > max{
    acc
  }else{
    if next % 2 == 0 {
      sum_fib_acc(next,cu
    }
  }
}

def sum_fib(max:i64): i64 {
0
}

def main_loop(iters:i64,max:i64): i64{
  let res: i64 = sum_fib(max);
  if iters == 0{
    res
  } else {
    main_loop(iters - 1, max)
  }
}

def main(iters:i64,max:i64): i64 {
  main_loop(iters,max)
}

INFO - got notification with method textDocument/didChange
INFO - loading text def sum_fib_acc(curr:i64,last:i64,max:i64,acc:i64): i64{
  let next: i64 = curr + last;
  if next > max{
    acc
  }else{
    if next % 2 == 0 {
      sum_fib_acc(next,curr
    }
  }
}

def sum_fib(max:i64): i64 {
0
}

def main_loop(iters:i64,max:i64): i64{
  let res: i64 = sum_fib(max);
  if iters == 0{
    res
  } else {
    main_loop(iters - 1, max)
  }
}

def main(iters:i64,max:i64): i64 {
  main_loop(iters,max)
}

INFO - got notification with method textDocument/didChange
INFO - loading text def sum_fib_acc(curr:i64,last:i64,max:i64,acc:i64): i64{
  let next: i64 = curr + last;
  if next > max{
    acc
  }else{
    if next % 2 == 0 {
      sum_fib_acc(next,curr,
    }
  }
}

def sum_fib(max:i64): i64 {
0
}

def main_loop(iters:i64,max:i64): i64{
  let res: i64 = sum_fib(max);
  if iters == 0{
    res
  } else {
    main_loop(iters - 1, max)
  }
}

def main(iters:i64,max:i64): i64 {
  main_loop(iters,max)
}

INFO - got notification with method textDocument/didChange
INFO - loading text def sum_fib_acc(curr:i64,last:i64,max:i64,acc:i64): i64{
  let next: i64 = curr + last;
  if next > max{
    acc
  }else{
    if next % 2 == 0 {
      sum_fib_acc(next,curr,m
    }
  }
}

def sum_fib(max:i64): i64 {
0
}

def main_loop(iters:i64,max:i64): i64{
  let res: i64 = sum_fib(max);
  if iters == 0{
    res
  } else {
    main_loop(iters - 1, max)
  }
}

def main(iters:i64,max:i64): i64 {
  main_loop(iters,max)
}

INFO - got notification with method textDocument/didChange
INFO - loading text def sum_fib_acc(curr:i64,last:i64,max:i64,acc:i64): i64{
  let next: i64 = curr + last;
  if next > max{
    acc
  }else{
    if next % 2 == 0 {
      sum_fib_acc(next,curr,me
    }
  }
}

def sum_fib(max:i64): i64 {
0
}

def main_loop(iters:i64,max:i64): i64{
  let res: i64 = sum_fib(max);
  if iters == 0{
    res
  } else {
    main_loop(iters - 1, max)
  }
}

def main(iters:i64,max:i64): i64 {
  main_loop(iters,max)
}

INFO - got notification with method textDocument/didChange
INFO - loading text def sum_fib_acc(curr:i64,last:i64,max:i64,acc:i64): i64{
  let next: i64 = curr + last;
  if next > max{
    acc
  }else{
    if next % 2 == 0 {
      sum_fib_acc(next,curr,mex
    }
  }
}

def sum_fib(max:i64): i64 {
0
}

def main_loop(iters:i64,max:i64): i64{
  let res: i64 = sum_fib(max);
  if iters == 0{
    res
  } else {
    main_loop(iters - 1, max)
  }
}

def main(iters:i64,max:i64): i64 {
  main_loop(iters,max)
}

INFO - got notification with method textDocument/didChange
INFO - loading text def sum_fib_acc(curr:i64,last:i64,max:i64,acc:i64): i64{
  let next: i64 = curr + last;
  if next > max{
    acc
  }else{
    if next % 2 == 0 {
      sum_fib_acc(next,curr,me
    }
  }
}

def sum_fib(max:i64): i64 {
0
}

def main_loop(iters:i64,max:i64): i64{
  let res: i64 = sum_fib(max);
  if iters == 0{
    res
  } else {
    main_loop(iters - 1, max)
  }
}

def main(iters:i64,max:i64): i64 {
  main_loop(iters,max)
}

INFO - got notification with method textDocument/didChange
INFO - loading text def sum_fib_acc(curr:i64,last:i64,max:i64,acc:i64): i64{
  let next: i64 = curr + last;
  if next > max{
    acc
  }else{
    if next % 2 == 0 {
      sum_fib_acc(next,curr,m
    }
  }
}

def sum_fib(max:i64): i64 {
0
}

def main_loop(iters:i64,max:i64): i64{
  let res: i64 = sum_fib(max);
  if iters == 0{
    res
  } else {
    main_loop(iters - 1, max)
  }
}

def main(iters:i64,max:i64): i64 {
  main_loop(iters,max)
}

INFO - got notification with method textDocument/didChange
INFO - loading text def sum_fib_acc(curr:i64,last:i64,max:i64,acc:i64): i64{
  let next: i64 = curr + last;
  if next > max{
    acc
  }else{
    if next % 2 == 0 {
      sum_fib_acc(next,curr,max
    }
  }
}

def sum_fib(max:i64): i64 {
0
}

def main_loop(iters:i64,max:i64): i64{
  let res: i64 = sum_fib(max);
  if iters == 0{
    res
  } else {
    main_loop(iters - 1, max)
  }
}

def main(iters:i64,max:i64): i64 {
  main_loop(iters,max)
}

INFO - got notification with method textDocument/didChange
INFO - loading text def sum_fib_acc(curr:i64,last:i64,max:i64,acc:i64): i64{
  let next: i64 = curr + last;
  if next > max{
    acc
  }else{
    if next % 2 == 0 {
      sum_fib_acc(next,curr,max,
    }
  }
}

def sum_fib(max:i64): i64 {
0
}

def main_loop(iters:i64,max:i64): i64{
  let res: i64 = sum_fib(max);
  if iters == 0{
    res
  } else {
    main_loop(iters - 1, max)
  }
}

def main(iters:i64,max:i64): i64 {
  main_loop(iters,max)
}

INFO - got notification with method textDocument/didChange
INFO - loading text def sum_fib_acc(curr:i64,last:i64,max:i64,acc:i64): i64{
  let next: i64 = curr + last;
  if next > max{
    acc
  }else{
    if next % 2 == 0 {
      sum_fib_acc(next,curr,max, 
    }
  }
}

def sum_fib(max:i64): i64 {
0
}

def main_loop(iters:i64,max:i64): i64{
  let res: i64 = sum_fib(max);
  if iters == 0{
    res
  } else {
    main_loop(iters - 1, max)
  }
}

def main(iters:i64,max:i64): i64 {
  main_loop(iters,max)
}

INFO - got notification with method textDocument/didChange
INFO - loading text def sum_fib_acc(curr:i64,last:i64,max:i64,acc:i64): i64{
  let next: i64 = curr + last;
  if next > max{
    acc
  }else{
    if next % 2 == 0 {
      sum_fib_acc(next,curr,max, n
    }
  }
}

def sum_fib(max:i64): i64 {
0
}

def main_loop(iters:i64,max:i64): i64{
  let res: i64 = sum_fib(max);
  if iters == 0{
    res
  } else {
    main_loop(iters - 1, max)
  }
}

def main(iters:i64,max:i64): i64 {
  main_loop(iters,max)
}

INFO - got notification with method textDocument/didChange
INFO - loading text def sum_fib_acc(curr:i64,last:i64,max:i64,acc:i64): i64{
  let next: i64 = curr + last;
  if next > max{
    acc
  }else{
    if next % 2 == 0 {
      sum_fib_acc(next,curr,max, ne
    }
  }
}

def sum_fib(max:i64): i64 {
0
}

def main_loop(iters:i64,max:i64): i64{
  let res: i64 = sum_fib(max);
  if iters == 0{
    res
  } else {
    main_loop(iters - 1, max)
  }
}

def main(iters:i64,max:i64): i64 {
  main_loop(iters,max)
}

INFO - got notification with method textDocument/didChange
INFO - loading text def sum_fib_acc(curr:i64,last:i64,max:i64,acc:i64): i64{
  let next: i64 = curr + last;
  if next > max{
    acc
  }else{
    if next % 2 == 0 {
      sum_fib_acc(next,curr,max, next
    }
  }
}

def sum_fib(max:i64): i64 {
0
}

def main_loop(iters:i64,max:i64): i64{
  let res: i64 = sum_fib(max);
  if iters == 0{
    res
  } else {
    main_loop(iters - 1, max)
  }
}

def main(iters:i64,max:i64): i64 {
  main_loop(iters,max)
}

INFO - got notification with method textDocument/didChange
INFO - loading text def sum_fib_acc(curr:i64,last:i64,max:i64,acc:i64): i64{
  let next: i64 = curr + last;
  if next > max{
    acc
  }else{
    if next % 2 == 0 {
      sum_fib_acc(next,curr,max, next 
    }
  }
}

def sum_fib(max:i64): i64 {
0
}

def main_loop(iters:i64,max:i64): i64{
  let res: i64 = sum_fib(max);
  if iters == 0{
    res
  } else {
    main_loop(iters - 1, max)
  }
}

def main(iters:i64,max:i64): i64 {
  main_loop(iters,max)
}

INFO - got notification with method textDocument/didChange
INFO - loading text def sum_fib_acc(curr:i64,last:i64,max:i64,acc:i64): i64{
  let next: i64 = curr + last;
  if next > max{
    acc
  }else{
    if next % 2 == 0 {
      sum_fib_acc(next,curr,max, next +
    }
  }
}

def sum_fib(max:i64): i64 {
0
}

def main_loop(iters:i64,max:i64): i64{
  let res: i64 = sum_fib(max);
  if iters == 0{
    res
  } else {
    main_loop(iters - 1, max)
  }
}

def main(iters:i64,max:i64): i64 {
  main_loop(iters,max)
}

INFO - got notification with method textDocument/didChange
INFO - loading text def sum_fib_acc(curr:i64,last:i64,max:i64,acc:i64): i64{
  let next: i64 = curr + last;
  if next > max{
    acc
  }else{
    if next % 2 == 0 {
      sum_fib_acc(next,curr,max, next + 
    }
  }
}

def sum_fib(max:i64): i64 {
0
}

def main_loop(iters:i64,max:i64): i64{
  let res: i64 = sum_fib(max);
  if iters == 0{
    res
  } else {
    main_loop(iters - 1, max)
  }
}

def main(iters:i64,max:i64): i64 {
  main_loop(iters,max)
}

INFO - got notification with method textDocument/didChange
INFO - loading text def sum_fib_acc(curr:i64,last:i64,max:i64,acc:i64): i64{
  let next: i64 = curr + last;
  if next > max{
    acc
  }else{
    if next % 2 == 0 {
      sum_fib_acc(next,curr,max, next + a
    }
  }
}

def sum_fib(max:i64): i64 {
0
}

def main_loop(iters:i64,max:i64): i64{
  let res: i64 = sum_fib(max);
  if iters == 0{
    res
  } else {
    main_loop(iters - 1, max)
  }
}

def main(iters:i64,max:i64): i64 {
  main_loop(iters,max)
}

INFO - got notification with method textDocument/didChange
INFO - loading text def sum_fib_acc(curr:i64,last:i64,max:i64,acc:i64): i64{
  let next: i64 = curr + last;
  if next > max{
    acc
  }else{
    if next % 2 == 0 {
      sum_fib_acc(next,curr,max, next + ax
    }
  }
}

def sum_fib(max:i64): i64 {
0
}

def main_loop(iters:i64,max:i64): i64{
  let res: i64 = sum_fib(max);
  if iters == 0{
    res
  } else {
    main_loop(iters - 1, max)
  }
}

def main(iters:i64,max:i64): i64 {
  main_loop(iters,max)
}

INFO - got notification with method textDocument/didChange
INFO - loading text def sum_fib_acc(curr:i64,last:i64,max:i64,acc:i64): i64{
  let next: i64 = curr + last;
  if next > max{
    acc
  }else{
    if next % 2 == 0 {
      sum_fib_acc(next,curr,max, next + a
    }
  }
}

def sum_fib(max:i64): i64 {
0
}

def main_loop(iters:i64,max:i64): i64{
  let res: i64 = sum_fib(max);
  if iters == 0{
    res
  } else {
    main_loop(iters - 1, max)
  }
}

def main(iters:i64,max:i64): i64 {
  main_loop(iters,max)
}

INFO - got notification with method textDocument/didChange
INFO - loading text def sum_fib_acc(curr:i64,last:i64,max:i64,acc:i64): i64{
  let next: i64 = curr + last;
  if next > max{
    acc
  }else{
    if next % 2 == 0 {
      sum_fib_acc(next,curr,max, next + ac
    }
  }
}

def sum_fib(max:i64): i64 {
0
}

def main_loop(iters:i64,max:i64): i64{
  let res: i64 = sum_fib(max);
  if iters == 0{
    res
  } else {
    main_loop(iters - 1, max)
  }
}

def main(iters:i64,max:i64): i64 {
  main_loop(iters,max)
}

INFO - got notification with method textDocument/didChange
INFO - loading text def sum_fib_acc(curr:i64,last:i64,max:i64,acc:i64): i64{
  let next: i64 = curr + last;
  if next > max{
    acc
  }else{
    if next % 2 == 0 {
      sum_fib_acc(next,curr,max, next + acc
    }
  }
}

def sum_fib(max:i64): i64 {
0
}

def main_loop(iters:i64,max:i64): i64{
  let res: i64 = sum_fib(max);
  if iters == 0{
    res
  } else {
    main_loop(iters - 1, max)
  }
}

def main(iters:i64,max:i64): i64 {
  main_loop(iters,max)
}

INFO - got notification with method textDocument/didChange
INFO - loading text def sum_fib_acc(curr:i64,last:i64,max:i64,acc:i64): i64{
  let next: i64 = curr + last;
  if next > max{
    acc
  }else{
    if next % 2 == 0 {
      sum_fib_acc(next,curr,max, next + acc)
    }
  }
}

def sum_fib(max:i64): i64 {
0
}

def main_loop(iters:i64,max:i64): i64{
  let res: i64 = sum_fib(max);
  if iters == 0{
    res
  } else {
    main_loop(iters - 1, max)
  }
}

def main(iters:i64,max:i64): i64 {
  main_loop(iters,max)
}

INFO - got notification with method textDocument/didChange
INFO - loading text def sum_fib_acc(curr:i64,last:i64,max:i64,acc:i64): i64{
  let next: i64 = curr + last;
  if next > max{
    acc
  }else{
    if next % 2 == 0 {
      sum_fib_acc(next,curr,max, next + acc)
    }e
  }
}

def sum_fib(max:i64): i64 {
0
}

def main_loop(iters:i64,max:i64): i64{
  let res: i64 = sum_fib(max);
  if iters == 0{
    res
  } else {
    main_loop(iters - 1, max)
  }
}

def main(iters:i64,max:i64): i64 {
  main_loop(iters,max)
}

INFO - got notification with method textDocument/didChange
INFO - loading text def sum_fib_acc(curr:i64,last:i64,max:i64,acc:i64): i64{
  let next: i64 = curr + last;
  if next > max{
    acc
  }else{
    if next % 2 == 0 {
      sum_fib_acc(next,curr,max, next + acc)
    }el
  }
}

def sum_fib(max:i64): i64 {
0
}

def main_loop(iters:i64,max:i64): i64{
  let res: i64 = sum_fib(max);
  if iters == 0{
    res
  } else {
    main_loop(iters - 1, max)
  }
}

def main(iters:i64,max:i64): i64 {
  main_loop(iters,max)
}

INFO - got notification with method textDocument/didChange
INFO - loading text def sum_fib_acc(curr:i64,last:i64,max:i64,acc:i64): i64{
  let next: i64 = curr + last;
  if next > max{
    acc
  }else{
    if next % 2 == 0 {
      sum_fib_acc(next,curr,max, next + acc)
    }elsee
  }
}

def sum_fib(max:i64): i64 {
0
}

def main_loop(iters:i64,max:i64): i64{
  let res: i64 = sum_fib(max);
  if iters == 0{
    res
  } else {
    main_loop(iters - 1, max)
  }
}

def main(iters:i64,max:i64): i64 {
  main_loop(iters,max)
}

INFO - got notification with method textDocument/didChange
INFO - loading text def sum_fib_acc(curr:i64,last:i64,max:i64,acc:i64): i64{
  let next: i64 = curr + last;
  if next > max{
    acc
  }else{
    if next % 2 == 0 {
      sum_fib_acc(next,curr,max, next + acc)
    }else
  }
}

def sum_fib(max:i64): i64 {
0
}

def main_loop(iters:i64,max:i64): i64{
  let res: i64 = sum_fib(max);
  if iters == 0{
    res
  } else {
    main_loop(iters - 1, max)
  }
}

def main(iters:i64,max:i64): i64 {
  main_loop(iters,max)
}

INFO - got notification with method textDocument/didChange
INFO - loading text def sum_fib_acc(curr:i64,last:i64,max:i64,acc:i64): i64{
  let next: i64 = curr + last;
  if next > max{
    acc
  }else{
    if next % 2 == 0 {
      sum_fib_acc(next,curr,max, next + acc)
    }elsee
  }
}

def sum_fib(max:i64): i64 {
0
}

def main_loop(iters:i64,max:i64): i64{
  let res: i64 = sum_fib(max);
  if iters == 0{
    res
  } else {
    main_loop(iters - 1, max)
  }
}

def main(iters:i64,max:i64): i64 {
  main_loop(iters,max)
}

INFO - got notification with method textDocument/didChange
INFO - loading text def sum_fib_acc(curr:i64,last:i64,max:i64,acc:i64): i64{
  let next: i64 = curr + last;
  if next > max{
    acc
  }else{
    if next % 2 == 0 {
      sum_fib_acc(next,curr,max, next + acc)
    }else
  }
}

def sum_fib(max:i64): i64 {
0
}

def main_loop(iters:i64,max:i64): i64{
  let res: i64 = sum_fib(max);
  if iters == 0{
    res
  } else {
    main_loop(iters - 1, max)
  }
}

def main(iters:i64,max:i64): i64 {
  main_loop(iters,max)
}

INFO - got notification with method textDocument/didChange
INFO - loading text def sum_fib_acc(curr:i64,last:i64,max:i64,acc:i64): i64{
  let next: i64 = curr + last;
  if next > max{
    acc
  }else{
    if next % 2 == 0 {
      sum_fib_acc(next,curr,max, next + acc)
    }else+
  }
}

def sum_fib(max:i64): i64 {
0
}

def main_loop(iters:i64,max:i64): i64{
  let res: i64 = sum_fib(max);
  if iters == 0{
    res
  } else {
    main_loop(iters - 1, max)
  }
}

def main(iters:i64,max:i64): i64 {
  main_loop(iters,max)
}

INFO - got notification with method textDocument/didChange
INFO - loading text def sum_fib_acc(curr:i64,last:i64,max:i64,acc:i64): i64{
  let next: i64 = curr + last;
  if next > max{
    acc
  }else{
    if next % 2 == 0 {
      sum_fib_acc(next,curr,max, next + acc)
    }else+
    
  }
}

def sum_fib(max:i64): i64 {
0
}

def main_loop(iters:i64,max:i64): i64{
  let res: i64 = sum_fib(max);
  if iters == 0{
    res
  } else {
    main_loop(iters - 1, max)
  }
}

def main(iters:i64,max:i64): i64 {
  main_loop(iters,max)
}

INFO - got notification with method textDocument/didChange
INFO - loading text def sum_fib_acc(curr:i64,last:i64,max:i64,acc:i64): i64{
  let next: i64 = curr + last;
  if next > max{
    acc
  }else{
    if next % 2 == 0 {
      sum_fib_acc(next,curr,max, next + acc)
    }else+    
    
  }
}

def sum_fib(max:i64): i64 {
0
}

def main_loop(iters:i64,max:i64): i64{
  let res: i64 = sum_fib(max);
  if iters == 0{
    res
  } else {
    main_loop(iters - 1, max)
  }
}

def main(iters:i64,max:i64): i64 {
  main_loop(iters,max)
}

INFO - got notification with method textDocument/didChange
INFO - loading text def sum_fib_acc(curr:i64,last:i64,max:i64,acc:i64): i64{
  let next: i64 = curr + last;
  if next > max{
    acc
  }else{
    if next % 2 == 0 {
      sum_fib_acc(next,curr,max, next + acc)
    }else+    
  }
}

def sum_fib(max:i64): i64 {
0
}

def main_loop(iters:i64,max:i64): i64{
  let res: i64 = sum_fib(max);
  if iters == 0{
    res
  } else {
    main_loop(iters - 1, max)
  }
}

def main(iters:i64,max:i64): i64 {
  main_loop(iters,max)
}

INFO - got notification with method textDocument/didChange
INFO - loading text def sum_fib_acc(curr:i64,last:i64,max:i64,acc:i64): i64{
  let next: i64 = curr + last;
  if next > max{
    acc
  }else{
    if next % 2 == 0 {
      sum_fib_acc(next,curr,max, next + acc)
    }else    
  }
}

def sum_fib(max:i64): i64 {
0
}

def main_loop(iters:i64,max:i64): i64{
  let res: i64 = sum_fib(max);
  if iters == 0{
    res
  } else {
    main_loop(iters - 1, max)
  }
}

def main(iters:i64,max:i64): i64 {
  main_loop(iters,max)
}

INFO - got notification with method textDocument/didChange
INFO - loading text def sum_fib_acc(curr:i64,last:i64,max:i64,acc:i64): i64{
  let next: i64 = curr + last;
  if next > max{
    acc
  }else{
    if next % 2 == 0 {
      sum_fib_acc(next,curr,max, next + acc)
    }else{    
  }
}

def sum_fib(max:i64): i64 {
0
}

def main_loop(iters:i64,max:i64): i64{
  let res: i64 = sum_fib(max);
  if iters == 0{
    res
  } else {
    main_loop(iters - 1, max)
  }
}

def main(iters:i64,max:i64): i64 {
  main_loop(iters,max)
}

INFO - got notification with method textDocument/didChange
INFO - loading text def sum_fib_acc(curr:i64,last:i64,max:i64,acc:i64): i64{
  let next: i64 = curr + last;
  if next > max{
    acc
  }else{
    if next % 2 == 0 {
      sum_fib_acc(next,curr,max, next + acc)
    }else{
    
  }
}

def sum_fib(max:i64): i64 {
0
}

def main_loop(iters:i64,max:i64): i64{
  let res: i64 = sum_fib(max);
  if iters == 0{
    res
  } else {
    main_loop(iters - 1, max)
  }
}

def main(iters:i64,max:i64): i64 {
  main_loop(iters,max)
}

INFO - got notification with method textDocument/didChange
INFO - loading text def sum_fib_acc(curr:i64,last:i64,max:i64,acc:i64): i64{
  let next: i64 = curr + last;
  if next > max{
    acc
  }else{
    if next % 2 == 0 {
      sum_fib_acc(next,curr,max, next + acc)
    }else{
    }
  }
}

def sum_fib(max:i64): i64 {
0
}

def main_loop(iters:i64,max:i64): i64{
  let res: i64 = sum_fib(max);
  if iters == 0{
    res
  } else {
    main_loop(iters - 1, max)
  }
}

def main(iters:i64,max:i64): i64 {
  main_loop(iters,max)
}

INFO - got notification with method textDocument/didChange
INFO - loading text def sum_fib_acc(curr:i64,last:i64,max:i64,acc:i64): i64{
  let next: i64 = curr + last;
  if next > max{
    acc
  }else{
    if next % 2 == 0 {
      sum_fib_acc(next,curr,max, next + acc)
    }else{
    
    }
  }
}

def sum_fib(max:i64): i64 {
0
}

def main_loop(iters:i64,max:i64): i64{
  let res: i64 = sum_fib(max);
  if iters == 0{
    res
  } else {
    main_loop(iters - 1, max)
  }
}

def main(iters:i64,max:i64): i64 {
  main_loop(iters,max)
}

INFO - got notification with method textDocument/didChange
INFO - loading text def sum_fib_acc(curr:i64,last:i64,max:i64,acc:i64): i64{
  let next: i64 = curr + last;
  if next > max{
    acc
  }else{
    if next % 2 == 0 {
      sum_fib_acc(next,curr,max, next + acc)
    }else{
    s
    }
  }
}

def sum_fib(max:i64): i64 {
0
}

def main_loop(iters:i64,max:i64): i64{
  let res: i64 = sum_fib(max);
  if iters == 0{
    res
  } else {
    main_loop(iters - 1, max)
  }
}

def main(iters:i64,max:i64): i64 {
  main_loop(iters,max)
}

INFO - got notification with method textDocument/didChange
INFO - loading text def sum_fib_acc(curr:i64,last:i64,max:i64,acc:i64): i64{
  let next: i64 = curr + last;
  if next > max{
    acc
  }else{
    if next % 2 == 0 {
      sum_fib_acc(next,curr,max, next + acc)
    }else{
    su
    }
  }
}

def sum_fib(max:i64): i64 {
0
}

def main_loop(iters:i64,max:i64): i64{
  let res: i64 = sum_fib(max);
  if iters == 0{
    res
  } else {
    main_loop(iters - 1, max)
  }
}

def main(iters:i64,max:i64): i64 {
  main_loop(iters,max)
}

INFO - got notification with method textDocument/didChange
INFO - loading text def sum_fib_acc(curr:i64,last:i64,max:i64,acc:i64): i64{
  let next: i64 = curr + last;
  if next > max{
    acc
  }else{
    if next % 2 == 0 {
      sum_fib_acc(next,curr,max, next + acc)
    }else{
    s
    }
  }
}

def sum_fib(max:i64): i64 {
0
}

def main_loop(iters:i64,max:i64): i64{
  let res: i64 = sum_fib(max);
  if iters == 0{
    res
  } else {
    main_loop(iters - 1, max)
  }
}

def main(iters:i64,max:i64): i64 {
  main_loop(iters,max)
}

INFO - got notification with method textDocument/didChange
INFO - loading text def sum_fib_acc(curr:i64,last:i64,max:i64,acc:i64): i64{
  let next: i64 = curr + last;
  if next > max{
    acc
  }else{
    if next % 2 == 0 {
      sum_fib_acc(next,curr,max, next + acc)
    }else{
    
    }
  }
}

def sum_fib(max:i64): i64 {
0
}

def main_loop(iters:i64,max:i64): i64{
  let res: i64 = sum_fib(max);
  if iters == 0{
    res
  } else {
    main_loop(iters - 1, max)
  }
}

def main(iters:i64,max:i64): i64 {
  main_loop(iters,max)
}

INFO - got notification with method textDocument/didChange
INFO - loading text def sum_fib_acc(curr:i64,last:i64,max:i64,acc:i64): i64{
  let next: i64 = curr + last;
  if next > max{
    acc
  }else{
    if next % 2 == 0 {
      sum_fib_acc(next,curr,max, next + acc)
    }else{
      
    }
  }
}

def sum_fib(max:i64): i64 {
0
}

def main_loop(iters:i64,max:i64): i64{
  let res: i64 = sum_fib(max);
  if iters == 0{
    res
  } else {
    main_loop(iters - 1, max)
  }
}

def main(iters:i64,max:i64): i64 {
  main_loop(iters,max)
}

INFO - got notification with method textDocument/didChange
INFO - loading text def sum_fib_acc(curr:i64,last:i64,max:i64,acc:i64): i64{
  let next: i64 = curr + last;
  if next > max{
    acc
  }else{
    if next % 2 == 0 {
      sum_fib_acc(next,curr,max, next + acc)
    }else{
      s
    }
  }
}

def sum_fib(max:i64): i64 {
0
}

def main_loop(iters:i64,max:i64): i64{
  let res: i64 = sum_fib(max);
  if iters == 0{
    res
  } else {
    main_loop(iters - 1, max)
  }
}

def main(iters:i64,max:i64): i64 {
  main_loop(iters,max)
}

INFO - got notification with method textDocument/didChange
INFO - loading text def sum_fib_acc(curr:i64,last:i64,max:i64,acc:i64): i64{
  let next: i64 = curr + last;
  if next > max{
    acc
  }else{
    if next % 2 == 0 {
      sum_fib_acc(next,curr,max, next + acc)
    }else{
      sum
    }
  }
}

def sum_fib(max:i64): i64 {
0
}

def main_loop(iters:i64,max:i64): i64{
  let res: i64 = sum_fib(max);
  if iters == 0{
    res
  } else {
    main_loop(iters - 1, max)
  }
}

def main(iters:i64,max:i64): i64 {
  main_loop(iters,max)
}

INFO - got notification with method textDocument/didChange
INFO - loading text def sum_fib_acc(curr:i64,last:i64,max:i64,acc:i64): i64{
  let next: i64 = curr + last;
  if next > max{
    acc
  }else{
    if next % 2 == 0 {
      sum_fib_acc(next,curr,max, next + acc)
    }else{
      sum_
    }
  }
}

def sum_fib(max:i64): i64 {
0
}

def main_loop(iters:i64,max:i64): i64{
  let res: i64 = sum_fib(max);
  if iters == 0{
    res
  } else {
    main_loop(iters - 1, max)
  }
}

def main(iters:i64,max:i64): i64 {
  main_loop(iters,max)
}

INFO - got notification with method textDocument/didChange
INFO - loading text def sum_fib_acc(curr:i64,last:i64,max:i64,acc:i64): i64{
  let next: i64 = curr + last;
  if next > max{
    acc
  }else{
    if next % 2 == 0 {
      sum_fib_acc(next,curr,max, next + acc)
    }else{
      sum_f
    }
  }
}

def sum_fib(max:i64): i64 {
0
}

def main_loop(iters:i64,max:i64): i64{
  let res: i64 = sum_fib(max);
  if iters == 0{
    res
  } else {
    main_loop(iters - 1, max)
  }
}

def main(iters:i64,max:i64): i64 {
  main_loop(iters,max)
}

INFO - got notification with method textDocument/didChange
INFO - loading text def sum_fib_acc(curr:i64,last:i64,max:i64,acc:i64): i64{
  let next: i64 = curr + last;
  if next > max{
    acc
  }else{
    if next % 2 == 0 {
      sum_fib_acc(next,curr,max, next + acc)
    }else{
      sum_fi
    }
  }
}

def sum_fib(max:i64): i64 {
0
}

def main_loop(iters:i64,max:i64): i64{
  let res: i64 = sum_fib(max);
  if iters == 0{
    res
  } else {
    main_loop(iters - 1, max)
  }
}

def main(iters:i64,max:i64): i64 {
  main_loop(iters,max)
}

INFO - got notification with method textDocument/didChange
INFO - loading text def sum_fib_acc(curr:i64,last:i64,max:i64,acc:i64): i64{
  let next: i64 = curr + last;
  if next > max{
    acc
  }else{
    if next % 2 == 0 {
      sum_fib_acc(next,curr,max, next + acc)
    }else{
      sum_fib
    }
  }
}

def sum_fib(max:i64): i64 {
0
}

def main_loop(iters:i64,max:i64): i64{
  let res: i64 = sum_fib(max);
  if iters == 0{
    res
  } else {
    main_loop(iters - 1, max)
  }
}

def main(iters:i64,max:i64): i64 {
  main_loop(iters,max)
}

INFO - got notification with method textDocument/didChange
INFO - loading text def sum_fib_acc(curr:i64,last:i64,max:i64,acc:i64): i64{
  let next: i64 = curr + last;
  if next > max{
    acc
  }else{
    if next % 2 == 0 {
      sum_fib_acc(next,curr,max, next + acc)
    }else{
      sum_fib_
    }
  }
}

def sum_fib(max:i64): i64 {
0
}

def main_loop(iters:i64,max:i64): i64{
  let res: i64 = sum_fib(max);
  if iters == 0{
    res
  } else {
    main_loop(iters - 1, max)
  }
}

def main(iters:i64,max:i64): i64 {
  main_loop(iters,max)
}

INFO - got notification with method textDocument/didChange
INFO - loading text def sum_fib_acc(curr:i64,last:i64,max:i64,acc:i64): i64{
  let next: i64 = curr + last;
  if next > max{
    acc
  }else{
    if next % 2 == 0 {
      sum_fib_acc(next,curr,max, next + acc)
    }else{
      sum_fib_a
    }
  }
}

def sum_fib(max:i64): i64 {
0
}

def main_loop(iters:i64,max:i64): i64{
  let res: i64 = sum_fib(max);
  if iters == 0{
    res
  } else {
    main_loop(iters - 1, max)
  }
}

def main(iters:i64,max:i64): i64 {
  main_loop(iters,max)
}

INFO - got notification with method textDocument/didChange
INFO - loading text def sum_fib_acc(curr:i64,last:i64,max:i64,acc:i64): i64{
  let next: i64 = curr + last;
  if next > max{
    acc
  }else{
    if next % 2 == 0 {
      sum_fib_acc(next,curr,max, next + acc)
    }else{
      sum_fib_ac
    }
  }
}

def sum_fib(max:i64): i64 {
0
}

def main_loop(iters:i64,max:i64): i64{
  let res: i64 = sum_fib(max);
  if iters == 0{
    res
  } else {
    main_loop(iters - 1, max)
  }
}

def main(iters:i64,max:i64): i64 {
  main_loop(iters,max)
}

INFO - got notification with method textDocument/didChange
INFO - loading text def sum_fib_acc(curr:i64,last:i64,max:i64,acc:i64): i64{
  let next: i64 = curr + last;
  if next > max{
    acc
  }else{
    if next % 2 == 0 {
      sum_fib_acc(next,curr,max, next + acc)
    }else{
      sum_fib_acc
    }
  }
}

def sum_fib(max:i64): i64 {
0
}

def main_loop(iters:i64,max:i64): i64{
  let res: i64 = sum_fib(max);
  if iters == 0{
    res
  } else {
    main_loop(iters - 1, max)
  }
}

def main(iters:i64,max:i64): i64 {
  main_loop(iters,max)
}

INFO - got notification with method textDocument/didChange
INFO - loading text def sum_fib_acc(curr:i64,last:i64,max:i64,acc:i64): i64{
  let next: i64 = curr + last;
  if next > max{
    acc
  }else{
    if next % 2 == 0 {
      sum_fib_acc(next,curr,max, next + acc)
    }else{
      sum_fib_acc(
    }
  }
}

def sum_fib(max:i64): i64 {
0
}

def main_loop(iters:i64,max:i64): i64{
  let res: i64 = sum_fib(max);
  if iters == 0{
    res
  } else {
    main_loop(iters - 1, max)
  }
}

def main(iters:i64,max:i64): i64 {
  main_loop(iters,max)
}

INFO - got notification with method textDocument/didChange
INFO - loading text def sum_fib_acc(curr:i64,last:i64,max:i64,acc:i64): i64{
  let next: i64 = curr + last;
  if next > max{
    acc
  }else{
    if next % 2 == 0 {
      sum_fib_acc(next,curr,max, next + acc)
    }else{
      sum_fib_acc(n
    }
  }
}

def sum_fib(max:i64): i64 {
0
}

def main_loop(iters:i64,max:i64): i64{
  let res: i64 = sum_fib(max);
  if iters == 0{
    res
  } else {
    main_loop(iters - 1, max)
  }
}

def main(iters:i64,max:i64): i64 {
  main_loop(iters,max)
}

INFO - got notification with method textDocument/didChange
INFO - loading text def sum_fib_acc(curr:i64,last:i64,max:i64,acc:i64): i64{
  let next: i64 = curr + last;
  if next > max{
    acc
  }else{
    if next % 2 == 0 {
      sum_fib_acc(next,curr,max, next + acc)
    }else{
      sum_fib_acc(ne
    }
  }
}

def sum_fib(max:i64): i64 {
0
}

def main_loop(iters:i64,max:i64): i64{
  let res: i64 = sum_fib(max);
  if iters == 0{
    res
  } else {
    main_loop(iters - 1, max)
  }
}

def main(iters:i64,max:i64): i64 {
  main_loop(iters,max)
}

INFO - got notification with method textDocument/didChange
INFO - loading text def sum_fib_acc(curr:i64,last:i64,max:i64,acc:i64): i64{
  let next: i64 = curr + last;
  if next > max{
    acc
  }else{
    if next % 2 == 0 {
      sum_fib_acc(next,curr,max, next + acc)
    }else{
      sum_fib_acc(next
    }
  }
}

def sum_fib(max:i64): i64 {
0
}

def main_loop(iters:i64,max:i64): i64{
  let res: i64 = sum_fib(max);
  if iters == 0{
    res
  } else {
    main_loop(iters - 1, max)
  }
}

def main(iters:i64,max:i64): i64 {
  main_loop(iters,max)
}

INFO - got notification with method textDocument/didChange
INFO - loading text def sum_fib_acc(curr:i64,last:i64,max:i64,acc:i64): i64{
  let next: i64 = curr + last;
  if next > max{
    acc
  }else{
    if next % 2 == 0 {
      sum_fib_acc(next,curr,max, next + acc)
    }else{
      sum_fib_acc(next,
    }
  }
}

def sum_fib(max:i64): i64 {
0
}

def main_loop(iters:i64,max:i64): i64{
  let res: i64 = sum_fib(max);
  if iters == 0{
    res
  } else {
    main_loop(iters - 1, max)
  }
}

def main(iters:i64,max:i64): i64 {
  main_loop(iters,max)
}

INFO - got notification with method textDocument/didChange
INFO - loading text def sum_fib_acc(curr:i64,last:i64,max:i64,acc:i64): i64{
  let next: i64 = curr + last;
  if next > max{
    acc
  }else{
    if next % 2 == 0 {
      sum_fib_acc(next,curr,max, next + acc)
    }else{
      sum_fib_acc(next,cu
    }
  }
}

def sum_fib(max:i64): i64 {
0
}

def main_loop(iters:i64,max:i64): i64{
  let res: i64 = sum_fib(max);
  if iters == 0{
    res
  } else {
    main_loop(iters - 1, max)
  }
}

def main(iters:i64,max:i64): i64 {
  main_loop(iters,max)
}

INFO - got notification with method textDocument/didChange
INFO - loading text def sum_fib_acc(curr:i64,last:i64,max:i64,acc:i64): i64{
  let next: i64 = curr + last;
  if next > max{
    acc
  }else{
    if next % 2 == 0 {
      sum_fib_acc(next,curr,max, next + acc)
    }else{
      sum_fib_acc(next,cur
    }
  }
}

def sum_fib(max:i64): i64 {
0
}

def main_loop(iters:i64,max:i64): i64{
  let res: i64 = sum_fib(max);
  if iters == 0{
    res
  } else {
    main_loop(iters - 1, max)
  }
}

def main(iters:i64,max:i64): i64 {
  main_loop(iters,max)
}

INFO - got notification with method textDocument/didChange
INFO - loading text def sum_fib_acc(curr:i64,last:i64,max:i64,acc:i64): i64{
  let next: i64 = curr + last;
  if next > max{
    acc
  }else{
    if next % 2 == 0 {
      sum_fib_acc(next,curr,max, next + acc)
    }else{
      sum_fib_acc(next,curr
    }
  }
}

def sum_fib(max:i64): i64 {
0
}

def main_loop(iters:i64,max:i64): i64{
  let res: i64 = sum_fib(max);
  if iters == 0{
    res
  } else {
    main_loop(iters - 1, max)
  }
}

def main(iters:i64,max:i64): i64 {
  main_loop(iters,max)
}

INFO - got notification with method textDocument/didChange
INFO - loading text def sum_fib_acc(curr:i64,last:i64,max:i64,acc:i64): i64{
  let next: i64 = curr + last;
  if next > max{
    acc
  }else{
    if next % 2 == 0 {
      sum_fib_acc(next,curr,max, next + acc)
    }else{
      sum_fib_acc(next,curr,
    }
  }
}

def sum_fib(max:i64): i64 {
0
}

def main_loop(iters:i64,max:i64): i64{
  let res: i64 = sum_fib(max);
  if iters == 0{
    res
  } else {
    main_loop(iters - 1, max)
  }
}

def main(iters:i64,max:i64): i64 {
  main_loop(iters,max)
}

INFO - got notification with method textDocument/didChange
INFO - loading text def sum_fib_acc(curr:i64,last:i64,max:i64,acc:i64): i64{
  let next: i64 = curr + last;
  if next > max{
    acc
  }else{
    if next % 2 == 0 {
      sum_fib_acc(next,curr,max, next + acc)
    }else{
      sum_fib_acc(next,curr,m
    }
  }
}

def sum_fib(max:i64): i64 {
0
}

def main_loop(iters:i64,max:i64): i64{
  let res: i64 = sum_fib(max);
  if iters == 0{
    res
  } else {
    main_loop(iters - 1, max)
  }
}

def main(iters:i64,max:i64): i64 {
  main_loop(iters,max)
}

INFO - got notification with method textDocument/didChange
INFO - loading text def sum_fib_acc(curr:i64,last:i64,max:i64,acc:i64): i64{
  let next: i64 = curr + last;
  if next > max{
    acc
  }else{
    if next % 2 == 0 {
      sum_fib_acc(next,curr,max, next + acc)
    }else{
      sum_fib_acc(next,curr,max
    }
  }
}

def sum_fib(max:i64): i64 {
0
}

def main_loop(iters:i64,max:i64): i64{
  let res: i64 = sum_fib(max);
  if iters == 0{
    res
  } else {
    main_loop(iters - 1, max)
  }
}

def main(iters:i64,max:i64): i64 {
  main_loop(iters,max)
}

INFO - got notification with method textDocument/didChange
INFO - loading text def sum_fib_acc(curr:i64,last:i64,max:i64,acc:i64): i64{
  let next: i64 = curr + last;
  if next > max{
    acc
  }else{
    if next % 2 == 0 {
      sum_fib_acc(next,curr,max, next + acc)
    }else{
      sum_fib_acc(next,curr,max,
    }
  }
}

def sum_fib(max:i64): i64 {
0
}

def main_loop(iters:i64,max:i64): i64{
  let res: i64 = sum_fib(max);
  if iters == 0{
    res
  } else {
    main_loop(iters - 1, max)
  }
}

def main(iters:i64,max:i64): i64 {
  main_loop(iters,max)
}

INFO - got notification with method textDocument/didChange
INFO - loading text def sum_fib_acc(curr:i64,last:i64,max:i64,acc:i64): i64{
  let next: i64 = curr + last;
  if next > max{
    acc
  }else{
    if next % 2 == 0 {
      sum_fib_acc(next,curr,max, next + acc)
    }else{
      sum_fib_acc(next,curr,max,a
    }
  }
}

def sum_fib(max:i64): i64 {
0
}

def main_loop(iters:i64,max:i64): i64{
  let res: i64 = sum_fib(max);
  if iters == 0{
    res
  } else {
    main_loop(iters - 1, max)
  }
}

def main(iters:i64,max:i64): i64 {
  main_loop(iters,max)
}

INFO - got notification with method textDocument/didChange
INFO - loading text def sum_fib_acc(curr:i64,last:i64,max:i64,acc:i64): i64{
  let next: i64 = curr + last;
  if next > max{
    acc
  }else{
    if next % 2 == 0 {
      sum_fib_acc(next,curr,max, next + acc)
    }else{
      sum_fib_acc(next,curr,max,ac
    }
  }
}

def sum_fib(max:i64): i64 {
0
}

def main_loop(iters:i64,max:i64): i64{
  let res: i64 = sum_fib(max);
  if iters == 0{
    res
  } else {
    main_loop(iters - 1, max)
  }
}

def main(iters:i64,max:i64): i64 {
  main_loop(iters,max)
}

INFO - got notification with method textDocument/didChange
INFO - loading text def sum_fib_acc(curr:i64,last:i64,max:i64,acc:i64): i64{
  let next: i64 = curr + last;
  if next > max{
    acc
  }else{
    if next % 2 == 0 {
      sum_fib_acc(next,curr,max, next + acc)
    }else{
      sum_fib_acc(next,curr,max,acc
    }
  }
}

def sum_fib(max:i64): i64 {
0
}

def main_loop(iters:i64,max:i64): i64{
  let res: i64 = sum_fib(max);
  if iters == 0{
    res
  } else {
    main_loop(iters - 1, max)
  }
}

def main(iters:i64,max:i64): i64 {
  main_loop(iters,max)
}

INFO - got notification with method textDocument/didChange
INFO - loading text def sum_fib_acc(curr:i64,last:i64,max:i64,acc:i64): i64{
  let next: i64 = curr + last;
  if next > max{
    acc
  }else{
    if next % 2 == 0 {
      sum_fib_acc(next,curr,max, next + acc)
    }else{
      sum_fib_acc(next,curr,max,acc)
    }
  }
}

def sum_fib(max:i64): i64 {
0
}

def main_loop(iters:i64,max:i64): i64{
  let res: i64 = sum_fib(max);
  if iters == 0{
    res
  } else {
    main_loop(iters - 1, max)
  }
}

def main(iters:i64,max:i64): i64 {
  main_loop(iters,max)
}

INFO - got notification with method textDocument/didChange
INFO - loading text def sum_fib_acc(curr:i64,last:i64,max:i64,acc:i64): i64{
  let next: i64 = curr + last;
  if next > max{
    acc
  }else{
    if next % 2 == 0 {
      sum_fib_acc(next,curr,max, next + acc)
    }else{
      sum_fib_acc(next,curr,max,acc)
    }
  }
}

def sum_fib(max:i64): i64 {

}

def main_loop(iters:i64,max:i64): i64{
  let res: i64 = sum_fib(max);
  if iters == 0{
    res
  } else {
    main_loop(iters - 1, max)
  }
}

def main(iters:i64,max:i64): i64 {
  main_loop(iters,max)
}

INFO - got notification with method textDocument/didChange
INFO - loading text def sum_fib_acc(curr:i64,last:i64,max:i64,acc:i64): i64{
  let next: i64 = curr + last;
  if next > max{
    acc
  }else{
    if next % 2 == 0 {
      sum_fib_acc(next,curr,max, next + acc)
    }else{
      sum_fib_acc(next,curr,max,acc)
    }
  }
}

def sum_fib(max:i64): i64 {

}

def main_loop(iters:i64,max:i64): i64{
  let res: i64 = sum_fib(max);
  if iters == 0{
    res
  } else {
    main_loop(iters - 1, max)
  }
}

def main(iters:i64,max:i64): i64 {
  main_loop(iters,max)
}

INFO - got notification with method textDocument/didChange
INFO - loading text def sum_fib_acc(curr:i64,last:i64,max:i64,acc:i64): i64{
  let next: i64 = curr + last;
  if next > max{
    acc
  }else{
    if next % 2 == 0 {
      sum_fib_acc(next,curr,max, next + acc)
    }else{
      sum_fib_acc(next,curr,max,acc)
    }
  }
}

def sum_fib(max:i64): i64 {
}

def main_loop(iters:i64,max:i64): i64{
  let res: i64 = sum_fib(max);
  if iters == 0{
    res
  } else {
    main_loop(iters - 1, max)
  }
}

def main(iters:i64,max:i64): i64 {
  main_loop(iters,max)
}

INFO - got notification with method textDocument/didChange
INFO - loading text def sum_fib_acc(curr:i64,last:i64,max:i64,acc:i64): i64{
  let next: i64 = curr + last;
  if next > max{
    acc
  }else{
    if next % 2 == 0 {
      sum_fib_acc(next,curr,max, next + acc)
    }else{
      sum_fib_acc(next,curr,max,acc)
    }
  }
}

def sum_fib(max:i64): i64 {

}

def main_loop(iters:i64,max:i64): i64{
  let res: i64 = sum_fib(max);
  if iters == 0{
    res
  } else {
    main_loop(iters - 1, max)
  }
}

def main(iters:i64,max:i64): i64 {
  main_loop(iters,max)
}

INFO - got notification with method textDocument/didChange
INFO - loading text def sum_fib_acc(curr:i64,last:i64,max:i64,acc:i64): i64{
  let next: i64 = curr + last;
  if next > max{
    acc
  }else{
    if next % 2 == 0 {
      sum_fib_acc(next,curr,max, next + acc)
    }else{
      sum_fib_acc(next,curr,max,acc)
    }
  }
}

def sum_fib(max:i64): i64 {
  
}

def main_loop(iters:i64,max:i64): i64{
  let res: i64 = sum_fib(max);
  if iters == 0{
    res
  } else {
    main_loop(iters - 1, max)
  }
}

def main(iters:i64,max:i64): i64 {
  main_loop(iters,max)
}

INFO - got notification with method textDocument/didChange
INFO - loading text def sum_fib_acc(curr:i64,last:i64,max:i64,acc:i64): i64{
  let next: i64 = curr + last;
  if next > max{
    acc
  }else{
    if next % 2 == 0 {
      sum_fib_acc(next,curr,max, next + acc)
    }else{
      sum_fib_acc(next,curr,max,acc)
    }
  }
}

def sum_fib(max:i64): i64 {
  s
}

def main_loop(iters:i64,max:i64): i64{
  let res: i64 = sum_fib(max);
  if iters == 0{
    res
  } else {
    main_loop(iters - 1, max)
  }
}

def main(iters:i64,max:i64): i64 {
  main_loop(iters,max)
}

INFO - got notification with method textDocument/didChange
INFO - loading text def sum_fib_acc(curr:i64,last:i64,max:i64,acc:i64): i64{
  let next: i64 = curr + last;
  if next > max{
    acc
  }else{
    if next % 2 == 0 {
      sum_fib_acc(next,curr,max, next + acc)
    }else{
      sum_fib_acc(next,curr,max,acc)
    }
  }
}

def sum_fib(max:i64): i64 {
  su
}

def main_loop(iters:i64,max:i64): i64{
  let res: i64 = sum_fib(max);
  if iters == 0{
    res
  } else {
    main_loop(iters - 1, max)
  }
}

def main(iters:i64,max:i64): i64 {
  main_loop(iters,max)
}

INFO - got notification with method textDocument/didChange
INFO - loading text def sum_fib_acc(curr:i64,last:i64,max:i64,acc:i64): i64{
  let next: i64 = curr + last;
  if next > max{
    acc
  }else{
    if next % 2 == 0 {
      sum_fib_acc(next,curr,max, next + acc)
    }else{
      sum_fib_acc(next,curr,max,acc)
    }
  }
}

def sum_fib(max:i64): i64 {
  sum
}

def main_loop(iters:i64,max:i64): i64{
  let res: i64 = sum_fib(max);
  if iters == 0{
    res
  } else {
    main_loop(iters - 1, max)
  }
}

def main(iters:i64,max:i64): i64 {
  main_loop(iters,max)
}

INFO - got notification with method textDocument/didChange
INFO - loading text def sum_fib_acc(curr:i64,last:i64,max:i64,acc:i64): i64{
  let next: i64 = curr + last;
  if next > max{
    acc
  }else{
    if next % 2 == 0 {
      sum_fib_acc(next,curr,max, next + acc)
    }else{
      sum_fib_acc(next,curr,max,acc)
    }
  }
}

def sum_fib(max:i64): i64 {
  sum_
}

def main_loop(iters:i64,max:i64): i64{
  let res: i64 = sum_fib(max);
  if iters == 0{
    res
  } else {
    main_loop(iters - 1, max)
  }
}

def main(iters:i64,max:i64): i64 {
  main_loop(iters,max)
}

INFO - got notification with method textDocument/didChange
INFO - loading text def sum_fib_acc(curr:i64,last:i64,max:i64,acc:i64): i64{
  let next: i64 = curr + last;
  if next > max{
    acc
  }else{
    if next % 2 == 0 {
      sum_fib_acc(next,curr,max, next + acc)
    }else{
      sum_fib_acc(next,curr,max,acc)
    }
  }
}

def sum_fib(max:i64): i64 {
  sum_f
}

def main_loop(iters:i64,max:i64): i64{
  let res: i64 = sum_fib(max);
  if iters == 0{
    res
  } else {
    main_loop(iters - 1, max)
  }
}

def main(iters:i64,max:i64): i64 {
  main_loop(iters,max)
}

INFO - got notification with method textDocument/didChange
INFO - loading text def sum_fib_acc(curr:i64,last:i64,max:i64,acc:i64): i64{
  let next: i64 = curr + last;
  if next > max{
    acc
  }else{
    if next % 2 == 0 {
      sum_fib_acc(next,curr,max, next + acc)
    }else{
      sum_fib_acc(next,curr,max,acc)
    }
  }
}

def sum_fib(max:i64): i64 {
  sum_fib
}

def main_loop(iters:i64,max:i64): i64{
  let res: i64 = sum_fib(max);
  if iters == 0{
    res
  } else {
    main_loop(iters - 1, max)
  }
}

def main(iters:i64,max:i64): i64 {
  main_loop(iters,max)
}

INFO - got notification with method textDocument/didChange
INFO - loading text def sum_fib_acc(curr:i64,last:i64,max:i64,acc:i64): i64{
  let next: i64 = curr + last;
  if next > max{
    acc
  }else{
    if next % 2 == 0 {
      sum_fib_acc(next,curr,max, next + acc)
    }else{
      sum_fib_acc(next,curr,max,acc)
    }
  }
}

def sum_fib(max:i64): i64 {
  sum_fib_
}

def main_loop(iters:i64,max:i64): i64{
  let res: i64 = sum_fib(max);
  if iters == 0{
    res
  } else {
    main_loop(iters - 1, max)
  }
}

def main(iters:i64,max:i64): i64 {
  main_loop(iters,max)
}

INFO - got notification with method textDocument/didChange
INFO - loading text def sum_fib_acc(curr:i64,last:i64,max:i64,acc:i64): i64{
  let next: i64 = curr + last;
  if next > max{
    acc
  }else{
    if next % 2 == 0 {
      sum_fib_acc(next,curr,max, next + acc)
    }else{
      sum_fib_acc(next,curr,max,acc)
    }
  }
}

def sum_fib(max:i64): i64 {
  sum_fib_a
}

def main_loop(iters:i64,max:i64): i64{
  let res: i64 = sum_fib(max);
  if iters == 0{
    res
  } else {
    main_loop(iters - 1, max)
  }
}

def main(iters:i64,max:i64): i64 {
  main_loop(iters,max)
}

INFO - got notification with method textDocument/didChange
INFO - loading text def sum_fib_acc(curr:i64,last:i64,max:i64,acc:i64): i64{
  let next: i64 = curr + last;
  if next > max{
    acc
  }else{
    if next % 2 == 0 {
      sum_fib_acc(next,curr,max, next + acc)
    }else{
      sum_fib_acc(next,curr,max,acc)
    }
  }
}

def sum_fib(max:i64): i64 {
  sum_fib_ac
}

def main_loop(iters:i64,max:i64): i64{
  let res: i64 = sum_fib(max);
  if iters == 0{
    res
  } else {
    main_loop(iters - 1, max)
  }
}

def main(iters:i64,max:i64): i64 {
  main_loop(iters,max)
}

INFO - got notification with method textDocument/didChange
INFO - loading text def sum_fib_acc(curr:i64,last:i64,max:i64,acc:i64): i64{
  let next: i64 = curr + last;
  if next > max{
    acc
  }else{
    if next % 2 == 0 {
      sum_fib_acc(next,curr,max, next + acc)
    }else{
      sum_fib_acc(next,curr,max,acc)
    }
  }
}

def sum_fib(max:i64): i64 {
  sum_fib_acc
}

def main_loop(iters:i64,max:i64): i64{
  let res: i64 = sum_fib(max);
  if iters == 0{
    res
  } else {
    main_loop(iters - 1, max)
  }
}

def main(iters:i64,max:i64): i64 {
  main_loop(iters,max)
}

INFO - got notification with method textDocument/didChange
INFO - loading text def sum_fib_acc(curr:i64,last:i64,max:i64,acc:i64): i64{
  let next: i64 = curr + last;
  if next > max{
    acc
  }else{
    if next % 2 == 0 {
      sum_fib_acc(next,curr,max, next + acc)
    }else{
      sum_fib_acc(next,curr,max,acc)
    }
  }
}

def sum_fib(max:i64): i64 {
  sum_fib_acc(
}

def main_loop(iters:i64,max:i64): i64{
  let res: i64 = sum_fib(max);
  if iters == 0{
    res
  } else {
    main_loop(iters - 1, max)
  }
}

def main(iters:i64,max:i64): i64 {
  main_loop(iters,max)
}

INFO - got notification with method textDocument/didChange
INFO - loading text def sum_fib_acc(curr:i64,last:i64,max:i64,acc:i64): i64{
  let next: i64 = curr + last;
  if next > max{
    acc
  }else{
    if next % 2 == 0 {
      sum_fib_acc(next,curr,max, next + acc)
    }else{
      sum_fib_acc(next,curr,max,acc)
    }
  }
}

def sum_fib(max:i64): i64 {
  sum_fib_acc(1
}

def main_loop(iters:i64,max:i64): i64{
  let res: i64 = sum_fib(max);
  if iters == 0{
    res
  } else {
    main_loop(iters - 1, max)
  }
}

def main(iters:i64,max:i64): i64 {
  main_loop(iters,max)
}

INFO - got notification with method textDocument/didChange
INFO - loading text def sum_fib_acc(curr:i64,last:i64,max:i64,acc:i64): i64{
  let next: i64 = curr + last;
  if next > max{
    acc
  }else{
    if next % 2 == 0 {
      sum_fib_acc(next,curr,max, next + acc)
    }else{
      sum_fib_acc(next,curr,max,acc)
    }
  }
}

def sum_fib(max:i64): i64 {
  sum_fib_acc(1,
}

def main_loop(iters:i64,max:i64): i64{
  let res: i64 = sum_fib(max);
  if iters == 0{
    res
  } else {
    main_loop(iters - 1, max)
  }
}

def main(iters:i64,max:i64): i64 {
  main_loop(iters,max)
}

INFO - got notification with method textDocument/didChange
INFO - loading text def sum_fib_acc(curr:i64,last:i64,max:i64,acc:i64): i64{
  let next: i64 = curr + last;
  if next > max{
    acc
  }else{
    if next % 2 == 0 {
      sum_fib_acc(next,curr,max, next + acc)
    }else{
      sum_fib_acc(next,curr,max,acc)
    }
  }
}

def sum_fib(max:i64): i64 {
  sum_fib_acc(1,1
}

def main_loop(iters:i64,max:i64): i64{
  let res: i64 = sum_fib(max);
  if iters == 0{
    res
  } else {
    main_loop(iters - 1, max)
  }
}

def main(iters:i64,max:i64): i64 {
  main_loop(iters,max)
}

INFO - got notification with method textDocument/didChange
INFO - loading text def sum_fib_acc(curr:i64,last:i64,max:i64,acc:i64): i64{
  let next: i64 = curr + last;
  if next > max{
    acc
  }else{
    if next % 2 == 0 {
      sum_fib_acc(next,curr,max, next + acc)
    }else{
      sum_fib_acc(next,curr,max,acc)
    }
  }
}

def sum_fib(max:i64): i64 {
  sum_fib_acc(1,1,
}

def main_loop(iters:i64,max:i64): i64{
  let res: i64 = sum_fib(max);
  if iters == 0{
    res
  } else {
    main_loop(iters - 1, max)
  }
}

def main(iters:i64,max:i64): i64 {
  main_loop(iters,max)
}

INFO - got notification with method textDocument/didChange
INFO - loading text def sum_fib_acc(curr:i64,last:i64,max:i64,acc:i64): i64{
  let next: i64 = curr + last;
  if next > max{
    acc
  }else{
    if next % 2 == 0 {
      sum_fib_acc(next,curr,max, next + acc)
    }else{
      sum_fib_acc(next,curr,max,acc)
    }
  }
}

def sum_fib(max:i64): i64 {
  sum_fib_acc(1,1,m
}

def main_loop(iters:i64,max:i64): i64{
  let res: i64 = sum_fib(max);
  if iters == 0{
    res
  } else {
    main_loop(iters - 1, max)
  }
}

def main(iters:i64,max:i64): i64 {
  main_loop(iters,max)
}

INFO - got notification with method textDocument/didChange
INFO - loading text def sum_fib_acc(curr:i64,last:i64,max:i64,acc:i64): i64{
  let next: i64 = curr + last;
  if next > max{
    acc
  }else{
    if next % 2 == 0 {
      sum_fib_acc(next,curr,max, next + acc)
    }else{
      sum_fib_acc(next,curr,max,acc)
    }
  }
}

def sum_fib(max:i64): i64 {
  sum_fib_acc(1,1,max
}

def main_loop(iters:i64,max:i64): i64{
  let res: i64 = sum_fib(max);
  if iters == 0{
    res
  } else {
    main_loop(iters - 1, max)
  }
}

def main(iters:i64,max:i64): i64 {
  main_loop(iters,max)
}

INFO - got notification with method textDocument/didChange
INFO - loading text def sum_fib_acc(curr:i64,last:i64,max:i64,acc:i64): i64{
  let next: i64 = curr + last;
  if next > max{
    acc
  }else{
    if next % 2 == 0 {
      sum_fib_acc(next,curr,max, next + acc)
    }else{
      sum_fib_acc(next,curr,max,acc)
    }
  }
}

def sum_fib(max:i64): i64 {
  sum_fib_acc(1,1,max,
}

def main_loop(iters:i64,max:i64): i64{
  let res: i64 = sum_fib(max);
  if iters == 0{
    res
  } else {
    main_loop(iters - 1, max)
  }
}

def main(iters:i64,max:i64): i64 {
  main_loop(iters,max)
}

INFO - got notification with method textDocument/didChange
INFO - loading text def sum_fib_acc(curr:i64,last:i64,max:i64,acc:i64): i64{
  let next: i64 = curr + last;
  if next > max{
    acc
  }else{
    if next % 2 == 0 {
      sum_fib_acc(next,curr,max, next + acc)
    }else{
      sum_fib_acc(next,curr,max,acc)
    }
  }
}

def sum_fib(max:i64): i64 {
  sum_fib_acc(1,1,max,0
}

def main_loop(iters:i64,max:i64): i64{
  let res: i64 = sum_fib(max);
  if iters == 0{
    res
  } else {
    main_loop(iters - 1, max)
  }
}

def main(iters:i64,max:i64): i64 {
  main_loop(iters,max)
}

INFO - got notification with method textDocument/didChange
INFO - loading text def sum_fib_acc(curr:i64,last:i64,max:i64,acc:i64): i64{
  let next: i64 = curr + last;
  if next > max{
    acc
  }else{
    if next % 2 == 0 {
      sum_fib_acc(next,curr,max, next + acc)
    }else{
      sum_fib_acc(next,curr,max,acc)
    }
  }
}

def sum_fib(max:i64): i64 {
  sum_fib_acc(1,1,max,0)
}

def main_loop(iters:i64,max:i64): i64{
  let res: i64 = sum_fib(max);
  if iters == 0{
    res
  } else {
    main_loop(iters - 1, max)
  }
}

def main(iters:i64,max:i64): i64 {
  main_loop(iters,max)
}

INFO - got notification with method textDocument/didChange
INFO - loading text def sum_fib_acc(curr:i64,last:i64,max:i64,acc:i64): i64{
  let next: i64 = curr + last;
  if next > max{
    acc
  }else{
    if next % 2 == 0 {
      sum_fib_acc(next,curr,max, next + acc)
    }else{
      sum_fib_acc(next,curr,max,acc)
    }
  }
}

def sum_fib(max:i64): i64 {
  sum_fib_acc(1,1,max,0)
}

def main_loop(iters:i64,max:i64): i64{
  let res: i64 = sum_fib(max);
  if iters == 0{
  
    res
  } else {
    main_loop(iters - 1, max)
  }
}

def main(iters:i64,max:i64): i64 {
  main_loop(iters,max)
}

INFO - got notification with method textDocument/didChange
INFO - loading text def sum_fib_acc(curr:i64,last:i64,max:i64,acc:i64): i64{
  let next: i64 = curr + last;
  if next > max{
    acc
  }else{
    if next % 2 == 0 {
      sum_fib_acc(next,curr,max, next + acc)
    }else{
      sum_fib_acc(next,curr,max,acc)
    }
  }
}

def sum_fib(max:i64): i64 {
  sum_fib_acc(1,1,max,0)
}

def main_loop(iters:i64,max:i64): i64{
  let res: i64 = sum_fib(max);
  if iters == 0{
   
    res
  } else {
    main_loop(iters - 1, max)
  }
}

def main(iters:i64,max:i64): i64 {
  main_loop(iters,max)
}

INFO - got notification with method textDocument/didChange
INFO - loading text def sum_fib_acc(curr:i64,last:i64,max:i64,acc:i64): i64{
  let next: i64 = curr + last;
  if next > max{
    acc
  }else{
    if next % 2 == 0 {
      sum_fib_acc(next,curr,max, next + acc)
    }else{
      sum_fib_acc(next,curr,max,acc)
    }
  }
}

def sum_fib(max:i64): i64 {
  sum_fib_acc(1,1,max,0)
}

def main_loop(iters:i64,max:i64): i64{
  let res: i64 = sum_fib(max);
  if iters == 0{
    
    res
  } else {
    main_loop(iters - 1, max)
  }
}

def main(iters:i64,max:i64): i64 {
  main_loop(iters,max)
}

INFO - got notification with method textDocument/didChange
INFO - loading text def sum_fib_acc(curr:i64,last:i64,max:i64,acc:i64): i64{
  let next: i64 = curr + last;
  if next > max{
    acc
  }else{
    if next % 2 == 0 {
      sum_fib_acc(next,curr,max, next + acc)
    }else{
      sum_fib_acc(next,curr,max,acc)
    }
  }
}

def sum_fib(max:i64): i64 {
  sum_fib_acc(1,1,max,0)
}

def main_loop(iters:i64,max:i64): i64{
  let res: i64 = sum_fib(max);
  if iters == 0{
    p
    res
  } else {
    main_loop(iters - 1, max)
  }
}

def main(iters:i64,max:i64): i64 {
  main_loop(iters,max)
}

INFO - got notification with method textDocument/didChange
INFO - loading text def sum_fib_acc(curr:i64,last:i64,max:i64,acc:i64): i64{
  let next: i64 = curr + last;
  if next > max{
    acc
  }else{
    if next % 2 == 0 {
      sum_fib_acc(next,curr,max, next + acc)
    }else{
      sum_fib_acc(next,curr,max,acc)
    }
  }
}

def sum_fib(max:i64): i64 {
  sum_fib_acc(1,1,max,0)
}

def main_loop(iters:i64,max:i64): i64{
  let res: i64 = sum_fib(max);
  if iters == 0{
    prin
    res
  } else {
    main_loop(iters - 1, max)
  }
}

def main(iters:i64,max:i64): i64 {
  main_loop(iters,max)
}

INFO - got notification with method textDocument/didChange
INFO - loading text def sum_fib_acc(curr:i64,last:i64,max:i64,acc:i64): i64{
  let next: i64 = curr + last;
  if next > max{
    acc
  }else{
    if next % 2 == 0 {
      sum_fib_acc(next,curr,max, next + acc)
    }else{
      sum_fib_acc(next,curr,max,acc)
    }
  }
}

def sum_fib(max:i64): i64 {
  sum_fib_acc(1,1,max,0)
}

def main_loop(iters:i64,max:i64): i64{
  let res: i64 = sum_fib(max);
  if iters == 0{
    print
    res
  } else {
    main_loop(iters - 1, max)
  }
}

def main(iters:i64,max:i64): i64 {
  main_loop(iters,max)
}

INFO - got notification with method textDocument/didChange
INFO - loading text def sum_fib_acc(curr:i64,last:i64,max:i64,acc:i64): i64{
  let next: i64 = curr + last;
  if next > max{
    acc
  }else{
    if next % 2 == 0 {
      sum_fib_acc(next,curr,max, next + acc)
    }else{
      sum_fib_acc(next,curr,max,acc)
    }
  }
}

def sum_fib(max:i64): i64 {
  sum_fib_acc(1,1,max,0)
}

def main_loop(iters:i64,max:i64): i64{
  let res: i64 = sum_fib(max);
  if iters == 0{
    println
    res
  } else {
    main_loop(iters - 1, max)
  }
}

def main(iters:i64,max:i64): i64 {
  main_loop(iters,max)
}

INFO - got notification with method textDocument/didChange
INFO - loading text def sum_fib_acc(curr:i64,last:i64,max:i64,acc:i64): i64{
  let next: i64 = curr + last;
  if next > max{
    acc
  }else{
    if next % 2 == 0 {
      sum_fib_acc(next,curr,max, next + acc)
    }else{
      sum_fib_acc(next,curr,max,acc)
    }
  }
}

def sum_fib(max:i64): i64 {
  sum_fib_acc(1,1,max,0)
}

def main_loop(iters:i64,max:i64): i64{
  let res: i64 = sum_fib(max);
  if iters == 0{
    println_
    res
  } else {
    main_loop(iters - 1, max)
  }
}

def main(iters:i64,max:i64): i64 {
  main_loop(iters,max)
}

INFO - got notification with method textDocument/didChange
INFO - loading text def sum_fib_acc(curr:i64,last:i64,max:i64,acc:i64): i64{
  let next: i64 = curr + last;
  if next > max{
    acc
  }else{
    if next % 2 == 0 {
      sum_fib_acc(next,curr,max, next + acc)
    }else{
      sum_fib_acc(next,curr,max,acc)
    }
  }
}

def sum_fib(max:i64): i64 {
  sum_fib_acc(1,1,max,0)
}

def main_loop(iters:i64,max:i64): i64{
  let res: i64 = sum_fib(max);
  if iters == 0{
    println_i
    res
  } else {
    main_loop(iters - 1, max)
  }
}

def main(iters:i64,max:i64): i64 {
  main_loop(iters,max)
}

INFO - got notification with method textDocument/didChange
INFO - loading text def sum_fib_acc(curr:i64,last:i64,max:i64,acc:i64): i64{
  let next: i64 = curr + last;
  if next > max{
    acc
  }else{
    if next % 2 == 0 {
      sum_fib_acc(next,curr,max, next + acc)
    }else{
      sum_fib_acc(next,curr,max,acc)
    }
  }
}

def sum_fib(max:i64): i64 {
  sum_fib_acc(1,1,max,0)
}

def main_loop(iters:i64,max:i64): i64{
  let res: i64 = sum_fib(max);
  if iters == 0{
    println_i64
    res
  } else {
    main_loop(iters - 1, max)
  }
}

def main(iters:i64,max:i64): i64 {
  main_loop(iters,max)
}

INFO - got notification with method textDocument/didChange
INFO - loading text def sum_fib_acc(curr:i64,last:i64,max:i64,acc:i64): i64{
  let next: i64 = curr + last;
  if next > max{
    acc
  }else{
    if next % 2 == 0 {
      sum_fib_acc(next,curr,max, next + acc)
    }else{
      sum_fib_acc(next,curr,max,acc)
    }
  }
}

def sum_fib(max:i64): i64 {
  sum_fib_acc(1,1,max,0)
}

def main_loop(iters:i64,max:i64): i64{
  let res: i64 = sum_fib(max);
  if iters == 0{
    println_i64(
    res
  } else {
    main_loop(iters - 1, max)
  }
}

def main(iters:i64,max:i64): i64 {
  main_loop(iters,max)
}

INFO - got notification with method textDocument/didChange
INFO - loading text def sum_fib_acc(curr:i64,last:i64,max:i64,acc:i64): i64{
  let next: i64 = curr + last;
  if next > max{
    acc
  }else{
    if next % 2 == 0 {
      sum_fib_acc(next,curr,max, next + acc)
    }else{
      sum_fib_acc(next,curr,max,acc)
    }
  }
}

def sum_fib(max:i64): i64 {
  sum_fib_acc(1,1,max,0)
}

def main_loop(iters:i64,max:i64): i64{
  let res: i64 = sum_fib(max);
  if iters == 0{
    println_i64(5
    res
  } else {
    main_loop(iters - 1, max)
  }
}

def main(iters:i64,max:i64): i64 {
  main_loop(iters,max)
}

INFO - got notification with method textDocument/didChange
INFO - loading text def sum_fib_acc(curr:i64,last:i64,max:i64,acc:i64): i64{
  let next: i64 = curr + last;
  if next > max{
    acc
  }else{
    if next % 2 == 0 {
      sum_fib_acc(next,curr,max, next + acc)
    }else{
      sum_fib_acc(next,curr,max,acc)
    }
  }
}

def sum_fib(max:i64): i64 {
  sum_fib_acc(1,1,max,0)
}

def main_loop(iters:i64,max:i64): i64{
  let res: i64 = sum_fib(max);
  if iters == 0{
    println_i64(
    res
  } else {
    main_loop(iters - 1, max)
  }
}

def main(iters:i64,max:i64): i64 {
  main_loop(iters,max)
}

INFO - got notification with method textDocument/didChange
INFO - loading text def sum_fib_acc(curr:i64,last:i64,max:i64,acc:i64): i64{
  let next: i64 = curr + last;
  if next > max{
    acc
  }else{
    if next % 2 == 0 {
      sum_fib_acc(next,curr,max, next + acc)
    }else{
      sum_fib_acc(next,curr,max,acc)
    }
  }
}

def sum_fib(max:i64): i64 {
  sum_fib_acc(1,1,max,0)
}

def main_loop(iters:i64,max:i64): i64{
  let res: i64 = sum_fib(max);
  if iters == 0{
    println_i64(re
    res
  } else {
    main_loop(iters - 1, max)
  }
}

def main(iters:i64,max:i64): i64 {
  main_loop(iters,max)
}

INFO - got notification with method textDocument/didChange
INFO - loading text def sum_fib_acc(curr:i64,last:i64,max:i64,acc:i64): i64{
  let next: i64 = curr + last;
  if next > max{
    acc
  }else{
    if next % 2 == 0 {
      sum_fib_acc(next,curr,max, next + acc)
    }else{
      sum_fib_acc(next,curr,max,acc)
    }
  }
}

def sum_fib(max:i64): i64 {
  sum_fib_acc(1,1,max,0)
}

def main_loop(iters:i64,max:i64): i64{
  let res: i64 = sum_fib(max);
  if iters == 0{
    println_i64(res
    res
  } else {
    main_loop(iters - 1, max)
  }
}

def main(iters:i64,max:i64): i64 {
  main_loop(iters,max)
}

INFO - got notification with method textDocument/didChange
INFO - loading text def sum_fib_acc(curr:i64,last:i64,max:i64,acc:i64): i64{
  let next: i64 = curr + last;
  if next > max{
    acc
  }else{
    if next % 2 == 0 {
      sum_fib_acc(next,curr,max, next + acc)
    }else{
      sum_fib_acc(next,curr,max,acc)
    }
  }
}

def sum_fib(max:i64): i64 {
  sum_fib_acc(1,1,max,0)
}

def main_loop(iters:i64,max:i64): i64{
  let res: i64 = sum_fib(max);
  if iters == 0{
    println_i64(res);
    res
  } else {
    main_loop(iters - 1, max)
  }
}

def main(iters:i64,max:i64): i64 {
  main_loop(iters,max)
}

INFO - got notification with method textDocument/didChange
INFO - loading text def sum_fib_acc(curr:i64,last:i64,max:i64,acc:i64): i64{
  let next: i64 = curr + last;
  if next > max{
    acc
  }else{
    if next % 2 == 0 {
      sum_fib_acc(next,curr,max, next + acc)
    }else{
      sum_fib_acc(next,curr,max,acc)
    }
  }
}

def sum_fib(max:i64): i64 {
  sum_fib_acc(1,1,max,0)
}

def main_loop(iters:i64,max:i64): i64{
  let res: i64 = sum_fib(max);
  if iters == 0{
    println_i64(res);
    
    res
  } else {
    main_loop(iters - 1, max)
  }
}

def main(iters:i64,max:i64): i64 {
  main_loop(iters,max)
}

INFO - got notification with method textDocument/didChange
INFO - loading text def sum_fib_acc(curr:i64,last:i64,max:i64,acc:i64): i64{
  let next: i64 = curr + last;
  if next > max{
    acc
  }else{
    if next % 2 == 0 {
      sum_fib_acc(next,curr,max, next + acc)
    }else{
      sum_fib_acc(next,curr,max,acc)
    }
  }
}

def sum_fib(max:i64): i64 {
  sum_fib_acc(1,1,max,0)
}

def main_loop(iters:i64,max:i64): i64{
  let res: i64 = sum_fib(max);
  if iters == 0{
    println_i64(res);
    0
    res
  } else {
    main_loop(iters - 1, max)
  }
}

def main(iters:i64,max:i64): i64 {
  main_loop(iters,max)
}

INFO - got notification with method textDocument/didChange
INFO - loading text def sum_fib_acc(curr:i64,last:i64,max:i64,acc:i64): i64{
  let next: i64 = curr + last;
  if next > max{
    acc
  }else{
    if next % 2 == 0 {
      sum_fib_acc(next,curr,max, next + acc)
    }else{
      sum_fib_acc(next,curr,max,acc)
    }
  }
}

def sum_fib(max:i64): i64 {
  sum_fib_acc(1,1,max,0)
}

def main_loop(iters:i64,max:i64): i64{
  let res: i64 = sum_fib(max);
  if iters == 0{
    println_i64(res);
    0
  } else {
    main_loop(iters - 1, max)
  }
}

def main(iters:i64,max:i64): i64 {
  main_loop(iters,max)
}

INFO - shutting down server
